,Unnamed: 0,Player,Span,Mat,Inns,NO,Runs,HS,Ave,BF,SR,100,50,0,4s,6s,Unnamed: 15
0,0,V Kohli,2010-2019,75,70,20,2633,94*,52.66,1907,138.07,0,24,2,247,71,
1,1,RG Sharma,2007-2019,104,96,14,2633,118,32.1,1905,138.21,4,19,6,234,120,
2,2,MJ Guptill,2009-2019,83,80,7,2436,105,33.36,1810,134.58,2,15,2,215,113,
3,3,Shoaib Malik,2006-2019,111,104,30,2263,75,30.58,1824,124.06,0,7,1,186,61,
4,5,DA Warner,2009-2019,76,76,8,2079,100*,30.57,1476,140.85,1,15,5,203,86,
5,6,EJG Morgan,2009-2019,86,84,17,2002,91,29.88,1475,135.72,0,11,3,151,96,
6,7,Mohammad Shahzad,2010-2018,65,65,3,1936,118*,31.22,1436,134.81,1,12,3,218,72,
7,8,JP Duminy,2007-2019,81,75,25,1934,96*,38.68,1532,126.24,0,11,6,138,71,
8,9,PR Stirling,2009-2019,72,71,6,1929,91,29.67,1401,137.68,0,16,8,233,59,
9,10,Mohammad Hafeez,2006-2018,89,86,8,1908,86,24.46,1643,116.12,0,10,6,196,51,
10,12,AJ Finch,2011-2019,58,58,9,1878,172,38.32,1200,156.5,2,11,4,182,90,
11,13,LRPL Taylor,2006-2019,95,87,19,1743,63,25.63,1430,121.88,0,5,5,110,65,
12,14,Umar Akmal,2009-2019,84,79,14,1690,94,26.0,1377,122.73,0,8,10,122,55,
13,15,AB de Villiers,2006-2017,78,75,11,1672,79*,26.12,1237,135.16,0,10,5,140,60,
14,16,H Masakadza,2006-2019,66,66,2,1662,93*,25.96,1418,117.2,0,11,1,151,65,
15,17,AD Hales,2011-2019,60,60,7,1644,116*,31.01,1203,136.65,1,8,4,175,55,
16,18,CH Gayle,2006-2019,58,54,4,1627,117,32.54,1139,142.84,2,13,3,138,105,
17,19,MS Dhoni,2006-2019,98,85,42,1617,56,37.6,1282,126.13,0,2,1,116,52,
18,20,Tamim Iqbal,2007-2018,75,75,5,1613,103*,23.04,1383,116.63,1,6,6,174,41,
19,21,MN Samuels,2007-2018,67,65,10,1611,89*,29.29,1386,116.23,0,10,0,144,69,
20,22,SK Raina,2006-2018,78,66,11,1605,101,29.18,1190,134.87,1,5,3,145,58,
21,23,GJ Maxwell,2012-2019,61,54,9,1576,145*,35.02,985,160.0,3,7,1,133,81,
22,24,Shakib Al Hasan,2006-2019,76,76,10,1567,84,23.74,1266,123.77,0,9,5,163,33,
23,25,C Munro,2012-2019,60,57,7,1546,109*,30.92,966,160.04,3,9,5,114,100,
24,26,KS Williamson,2011-2019,57,55,7,1505,73*,31.35,1236,121.76,0,9,2,158,26,
25,27,S Dhawan,2011-2019,58,57,3,1504,92,27.85,1173,128.21,0,9,1,166,46,
26,28,KJ O'Brien,2008-2019,90,83,10,1504,124,20.6,1124,133.8,1,3,10,117,69,
27,30,Ahmed Shehzad,2009-2019,59,59,2,1471,111*,25.8,1282,114.74,1,7,2,157,33,
28,32,Mahmudullah,2007-2019,83,76,16,1430,64*,23.83,1166,122.64,0,4,2,113,48,
29,33,Shahid Afridi,2006-2018,99,91,12,1416,54*,17.92,944,150.0,0,4,8,103,73,
30,34,Babar Azam,2016-2019,36,36,8,1405,97*,50.17,1102,127.49,0,12,0,139,20,
31,35,KJ Coetzer,2008-2019,58,56,2,1386,89,25.66,1136,122.0,0,6,3,144,45,
32,37,F du Plessis,2012-2019,44,44,6,1363,119,35.86,1006,135.48,1,8,0,126,45,
33,38,Mohammad Nabi,2010-2019,75,70,11,1316,89,22.3,902,145.89,0,4,4,83,78,
34,39,DA Miller,2010-2019,72,62,18,1309,101*,29.75,935,140.0,1,2,0,91,57,
35,40,HM Amla,2009-2018,44,44,6,1277,97*,33.6,967,132.05,0,8,2,146,26,
36,41,Mushfiqur Rahim,2006-2019,84,76,13,1265,72*,20.07,1060,119.33,0,5,5,110,31,
37,42,JC Buttler,2011-2018,66,58,11,1260,73*,26.8,912,138.15,0,7,3,102,53,
38,43,RD Berrington,2008-2019,61,54,10,1247,100,28.34,967,128.95,1,3,6,117,36,
39,44,GC Wilson,2008-2019,78,65,8,1239,65*,21.73,1185,104.55,0,3,4,105,20,
40,45,Yuvraj Singh,2007-2017,58,51,9,1177,77*,28.02,863,136.38,0,8,1,77,74,
41,47,MDKJ Perera,2013-2019,42,42,0,1171,84,27.88,867,135.06,0,11,0,114,41,
42,48,NLTC Perera,2010-2019,79,70,21,1169,61,23.85,767,152.41,0,3,8,87,62,
43,49,Asghar Afghan,2010-2019,66,60,4,1167,62,20.83,1102,105.89,0,3,4,69,58,
44,1,KL Rahul,2016-2019,34,31,5,1138,110*,43.76,777,146.46,2,8,1,102,50,
45,2,BN Cooper,2013-2019,51,48,9,1094,91*,28.05,890,122.92,0,7,5,96,36,
46,3,WTS Porterfield,2008-2018,61,59,6,1079,72,20.35,971,111.12,0,3,5,120,23,
47,4,KA Pollard,2008-2019,68,58,12,1058,68,23.0,819,129.18,0,4,1,69,61,
48,5,AD Mathews,2009-2018,72,57,18,1055,81*,27.05,893,118.14,0,5,1,67,35,
49,6,CS MacLeod,2009-2019,49,47,7,1042,74,26.05,905,115.13,0,7,4,93,21,
50,7,Q de Kock,2012-2019,38,38,5,1018,79*,30.84,787,129.35,0,4,3,117,32,
51,8,LMP Simmons,2007-2019,49,48,7,990,82*,24.14,848,116.74,0,6,6,92,37,
52,9,Kamran Akmal,2006-2017,58,53,6,987,73,21.0,825,119.63,0,5,7,100,31,
53,10,HG Munsey,2015-2019,38,36,3,987,127*,29.9,640,154.21,1,5,4,114,45,
54,11,Samiullah Shinwari,2010-2019,62,55,10,985,61,21.88,829,118.81,0,2,2,73,37,
55,14,Shaiman Anwar,2014-2019,32,32,3,971,117*,33.48,770,126.1,1,6,1,75,43,
56,15,Sabbir Rahman,2014-2019,44,43,5,946,80,24.89,783,120.81,0,4,2,89,28,
57,17,Najibullah Zadran,2012-2019,57,48,18,918,69*,30.6,663,138.46,0,3,1,60,48,
58,18,JE Root,2012-2019,32,30,5,893,90*,35.72,707,126.3,0,5,2,92,16,
59,19,MP O'Dowd,2015-2019,36,35,2,866,69,26.24,718,120.61,0,6,0,83,19,
60,20,E Chigumbura,2006-2019,54,53,9,852,54*,19.36,597,142.71,0,3,6,58,51,
61,21,E Lewis,2016-2019,29,28,1,833,125*,30.85,544,153.12,2,5,3,54,67,
62,22,SC Williams,2006-2019,38,38,5,821,66,24.87,630,130.31,0,6,4,75,24,
63,23,BRM Taylor,2006-2019,38,38,5,818,75*,24.78,678,120.64,0,5,5,81,23,
64,24,Sarfaraz Ahmed,2010-2019,58,41,12,812,89*,28.0,641,126.67,0,3,2,79,15,
65,25,LD Chandimal,2010-2018,54,47,4,800,58,18.6,766,104.43,0,4,0,73,16,
66,26,W Barresi,2012-2019,42,41,6,799,75*,22.82,695,114.96,0,4,3,69,21,
67,27,Soumya Sarkar,2015-2019,46,46,0,791,51,17.19,648,122.06,0,1,8,81,28,
68,28,A Balbirnie,2015-2019,37,33,2,790,83,25.48,593,133.22,0,4,3,94,12,
69,30,P Khadka,2014-2019,30,29,3,777,106*,29.88,602,129.06,1,4,3,79,26,
70,31,ADS Fletcher,2008-2018,42,40,4,765,84*,21.25,707,108.2,0,6,6,54,37,
71,33,Fakhar Zaman,2017-2019,34,33,0,756,91,22.9,553,136.7,0,4,2,86,22,
72,35,MH Cross,2013-2019,43,35,6,755,66*,26.03,593,127.31,0,5,3,77,22,
73,36,JJ Roy,2014-2018,32,32,0,743,78,23.21,512,145.11,0,4,4,75,35,
74,37,SJ Myburgh,2012-2019,33,32,2,741,71*,24.7,635,116.69,0,5,6,82,22,
75,41,CK Kapugedera,2006-2017,43,38,7,703,50,22.67,591,118.95,0,1,0,58,25,
76,42,Muhammad Usman,2016-2019,34,32,5,695,89*,25.74,593,117.2,0,3,3,61,21,
77,43,CO Obuya,2007-2019,35,33,6,691,75*,25.59,649,106.47,0,4,3,47,17,
78,44,TP Ura,2015-2019,23,23,5,671,107*,37.27,476,140.96,1,4,0,54,31,
79,46,PW Borren,2008-2017,43,38,5,638,57,19.33,524,121.75,0,1,2,60,18,
80,47,D Ramdin,2006-2019,71,50,16,636,55*,18.7,551,115.42,0,1,3,51,19,
81,49,CJ Chibhabha,2006-2018,33,32,0,621,67,19.4,570,108.94,0,5,3,72,12,
82,1,MN Waller,2011-2018,32,31,8,613,68,26.65,443,138.37,0,1,2,42,28,
83,2,Rohan Mustafa,2014-2019,38,37,1,605,77,16.8,521,116.12,0,2,4,71,17,
84,3,JM Bairstow,2011-2019,34,29,6,603,68,26.21,450,134.0,0,3,2,56,25,
85,4,Jatinder Singh,2015-2019,25,25,2,599,68*,26.04,535,111.96,0,3,1,63,6,
86,6,RR Hendricks,2014-2019,22,22,0,593,74,26.95,487,121.76,0,4,2,71,8,
87,7,DJM Short,2018-2019,20,20,2,592,76,32.88,490,120.81,0,4,1,66,15,
88,8,MK Pandey,2015-2019,32,27,12,587,79*,39.13,478,122.8,0,2,2,40,16,
89,9,DJG Sammy,2007-2017,68,52,18,587,42*,17.26,398,147.48,0,0,3,45,31,
90,10,PD Collingwood,2005-2017,36,33,2,583,79,18.8,459,127.01,0,3,3,37,24,
91,13,SPD Smith,2010-2019,36,28,7,577,90,27.47,448,128.79,0,4,1,53,12,
92,14,Nizakat Khan,2014-2019,34,32,0,576,62,18.0,478,120.5,0,2,4,51,19,
93,17,Zeeshan Maqsood,2015-2019,29,25,4,542,56,25.8,481,112.68,0,2,2,66,12,
94,18,Babar Hayat,2014-2017,24,24,4,541,122,27.05,433,124.94,1,2,2,45,20,
95,19,Karim Sadiq,2010-2018,36,36,0,538,72,14.94,493,109.12,0,1,4,61,10,
96,20,RN ten Doeschate,2008-2019,22,22,10,533,59,44.41,400,133.25,0,3,1,27,19,
97,22,RR Patel,2008-2019,30,26,4,526,55,23.9,414,127.05,0,3,1,31,31,
98,23,Hazratullah Zazai,2016-2019,13,13,1,519,162*,43.25,319,162.69,1,2,1,46,37,
99,24,F Behardien,2012-2018,38,30,14,518,64*,32.37,404,128.21,0,1,1,37,16,
100,26,Noor Ali Zadran,2010-2017,20,20,1,506,63,26.63,497,101.81,0,3,1,45,6,
101,27,Nawroz Mangal,2010-2017,32,32,4,505,65*,18.03,453,111.47,0,2,4,42,19,
102,29,Liton Das,2015-2019,25,25,0,497,61,19.88,360,138.05,0,2,2,44,22,
103,30,Shafiqullah,2010-2019,46,42,12,494,51*,16.46,340,145.29,0,1,5,35,31,
104,32,CJ Anderson,2012-2018,31,24,4,485,94*,24.25,351,138.17,0,2,3,30,26,
105,33,G Malla,2014-2019,24,23,0,482,107,20.95,389,123.9,1,1,1,46,21,
106,34,C de Grandhomme,2012-2019,33,31,7,479,59,19.95,321,149.22,0,3,3,27,29,
107,35,TP Visee,2015-2019,27,27,0,478,78,17.7,316,151.26,0,3,4,65,17,
108,36,MS Chapman,2014-2018,24,23,2,475,63*,22.61,416,114.18,0,1,0,38,13,
109,38,GJ Bailey,2012-2017,30,26,7,473,63,24.89,346,136.7,0,2,1,37,20,
110,39,BKG Mendis,2016-2019,24,24,0,473,79,19.7,353,133.99,0,5,2,40,21,
111,40,Gulbadin Naib,2012-2019,45,37,10,472,56*,17.48,393,120.1,0,1,3,33,22,
112,42,AD Russell,2011-2018,47,39,13,465,47,17.88,329,141.33,0,0,6,30,32,
113,43,PM Seelaar,2008-2019,69,40,11,464,96*,16.0,423,109.69,0,1,1,31,8,
114,45,CR Ervine,2010-2019,22,21,1,461,68*,23.05,454,101.54,0,3,1,43,13,
115,46,A Vala,2015-2019,26,24,4,460,68,23.0,427,107.72,0,2,0,39,13,
116,47,DJ Malan,2017-2019,9,9,1,458,103*,57.25,293,156.31,1,5,0,47,20,
117,49,RE van der Merwe,2009-2019,43,29,12,454,75*,26.7,345,131.59,0,2,4,36,13,
118,0,Khawar Ali,2015-2019,29,28,0,453,50,16.17,482,93.98,0,1,2,48,12,
119,1,MD Gunathilaka,2016-2019,21,21,0,452,57,21.52,365,123.83,0,2,0,49,12,
120,3,Rameez Shahzad,2016-2019,22,21,3,449,54,24.94,404,111.13,0,1,2,37,13,
121,4,Usman Ghani,2015-2019,19,19,1,445,73,24.72,407,109.33,0,3,0,44,12,
122,6,NR Kumar,2012-2019,18,16,2,434,83,31.0,336,129.16,0,3,1,34,13,
123,7,MD Shanaka,2015-2019,35,35,7,434,54,15.5,386,112.43,0,1,7,29,24,
124,8,N Dickwella,2016-2019,23,22,0,429,68,19.5,309,138.83,0,1,2,57,8,
125,9,Muhammad Tanveer,2019-2019,15,15,4,428,57*,38.9,331,129.3,0,4,0,36,22,
126,11,Syed Aziz,2019-2019,14,14,2,415,87,34.58,297,139.73,0,4,2,43,16,
127,12,RR Pant,2017-2019,26,24,4,409,65*,20.45,336,121.72,0,2,3,28,18,
128,13,Aqib Ilyas,2015-2019,22,22,4,408,60,22.66,356,114.6,0,2,1,47,7,
129,14,TH David,2019-2019,12,12,1,408,77,37.09,274,148.9,0,2,0,36,17,
130,15,MG Erasmus,2019-2019,16,14,3,407,72,37.0,293,138.9,0,4,0,33,20,
131,17,WU Tharanga,2006-2018,26,26,1,407,47,16.28,330,123.33,0,0,3,42,12,
132,18,Sikandar Raza,2013-2019,32,30,0,406,59,13.53,384,105.72,0,1,0,34,8,
133,24,KD Karthik,2006-2019,32,26,14,399,48,33.25,278,143.52,0,0,2,42,15,
134,27,Rizwan Cheema,2008-2019,24,24,2,389,72,17.68,314,123.88,0,2,5,33,28,
135,28,SJ Baard,2019-2019,13,13,2,387,92,35.18,305,126.88,0,4,1,32,13,
136,29,AA Obanda,2007-2019,30,28,2,381,79,14.65,362,105.24,0,1,5,49,7,
137,30,CJA Amini,2015-2019,23,18,4,377,60,26.92,324,116.35,0,2,2,16,13,
138,31,Mashrafe Mortaza,2006-2017,54,39,11,377,36,13.46,277,136.1,0,0,6,28,23,
139,33,J Rasu,2019-2019,13,13,0,374,74,28.76,338,110.65,0,2,0,27,16,
140,34,Hussain Talat,2018-2019,14,14,1,371,63,28.53,309,120.06,0,2,1,35,5,
141,36,JW Jenner,2019-2019,17,17,2,365,71,24.33,299,122.07,0,3,2,24,14,
142,37,PJ Moor,2016-2019,21,19,4,364,92*,24.26,286,127.27,0,1,0,22,24,
143,39,NS Dhaliwal,2019-2019,12,11,2,361,69,40.11,291,124.05,0,3,0,22,16,
144,41,L Ronchi,2008-2018,33,26,6,359,51*,17.95,256,140.23,0,1,5,30,14,
145,42,R Sandaruwan,2019-2019,10,10,1,358,103,39.77,216,165.74,1,2,2,29,24,
146,43,S Bau,2016-2019,23,17,3,356,40*,25.42,338,105.32,0,0,1,21,11,
147,45,KD Shah,2014-2019,26,22,3,351,79,18.47,340,103.23,0,2,3,26,10,
148,46,SW Billings,2015-2019,26,23,3,348,87,17.4,255,136.47,0,2,1,33,11,
149,47,S Chandramohan,2019-2019,12,12,1,348,66,31.63,292,119.17,0,3,3,33,15,
150,1,DM Bravo,2010-2019,20,18,1,340,43*,20.0,317,107.25,0,0,3,28,13,
151,2,JM Vince,2015-2019,12,12,0,340,59,28.33,275,123.63,0,1,0,34,9,
152,4,N Davin,2019-2019,16,16,1,335,54,22.33,216,155.09,0,1,1,33,15,
153,5,SA Edwards,2018-2019,29,22,8,334,42*,23.85,229,145.85,0,0,1,33,6,
154,6,Asif Ali,2018-2019,25,24,6,331,41*,18.38,258,128.29,0,0,1,15,19,
155,7,Faisal Javed,2019-2019,15,15,0,330,61,22.0,212,155.66,0,2,1,45,11,
156,8,SR Thompson,2014-2019,41,30,8,328,56,14.9,254,129.13,0,1,1,23,14,
157,11,Aamir Kaleem,2015-2019,25,22,4,325,46*,18.05,306,106.2,0,0,4,26,9,
158,13,Anshuman Rath,2015-2017,20,19,2,321,44,18.88,344,93.31,0,0,1,31,2,
159,14,N Vanua,2015-2019,25,22,8,321,54,22.92,211,152.13,0,1,4,12,23,
160,15,TM Head,2016-2018,16,15,3,319,48*,26.58,245,130.2,0,0,0,19,10,
161,16,TL Seifert,2018-2019,19,18,1,316,84,18.58,228,138.59,0,1,2,22,21,
162,17,BDH Stevens,2019-2019,17,17,1,316,44,19.75,315,100.31,0,0,1,30,6,
163,18,GJ Delany,2019-2019,17,15,3,314,89*,26.16,206,152.42,0,2,0,28,12,
164,19,N Nipiko,2019-2019,14,14,2,312,62,26.0,297,105.05,0,2,1,16,13,
165,20,N Pooran,2016-2019,16,16,3,312,58,24.0,247,126.31,0,2,1,24,17,
166,21,R Powell,2017-2019,23,18,3,311,54,20.73,250,124.4,0,2,1,26,13,
167,22,Virandeep Singh,2019-2019,12,12,0,311,57,25.91,309,100.64,0,1,1,27,7,
168,23,CR Brathwaite,2011-2019,41,27,6,310,37*,14.76,274,113.13,0,0,3,13,22,
169,24,HH Pandya,2016-2019,40,25,6,310,33*,16.31,210,147.61,0,0,2,18,19,
170,25,S Vesawkar,2014-2019,17,16,3,310,40,23.84,313,99.04,0,0,0,25,7,
171,27,NJ Ferraby,2019-2019,14,14,1,303,81*,23.3,257,117.89,0,1,2,38,2,
172,28,Tamoor Sajjad,2019-2019,12,11,2,301,68,33.44,216,139.35,0,1,1,24,14,
173,31,L Siaka,2015-2019,26,22,2,296,39,14.8,271,109.22,0,0,4,26,7,
174,32,Kamran Khan,2019-2019,14,14,1,295,52,22.69,220,134.09,0,2,0,26,17,
175,33,R Mutumbami,2015-2019,22,19,4,294,54,19.6,251,117.13,0,1,1,19,15,
176,34,B Bhandari,2014-2019,27,23,6,292,58*,17.17,262,111.45,0,2,1,23,12,
177,35,CA Lynn,2014-2018,18,16,1,291,44,19.4,221,131.67,0,0,1,28,14,
178,38,DS Airee,2018-2019,18,16,2,287,47*,20.5,260,110.38,0,0,0,22,6,
179,39,IA Karim,2013-2019,16,16,3,286,71*,22.0,299,95.65,0,2,2,30,2,
180,41,Mohammad Shahzad,2015-2017,20,20,2,281,52,15.61,239,117.57,0,1,2,25,11,
181,42,TC Bruce,2017-2019,15,15,2,279,59*,21.46,222,125.67,0,2,0,24,7,
182,43,SO Hetmyer,2018-2019,20,18,1,279,56,16.41,223,125.11,0,1,2,19,17,
183,44,TAM Siriwardana,2015-2017,22,19,3,275,42,17.18,208,132.21,0,0,4,16,12,
184,46,Amjad Javed,2014-2017,22,18,3,271,76,18.06,242,111.98,0,1,1,17,15,
185,48,Ravinderpal Singh,2019-2019,12,10,2,266,101,33.25,177,150.28,1,1,1,13,19,
186,49,PK Matautaava,2019-2019,10,10,0,265,103,26.5,156,169.87,1,1,2,19,20,
187,0,SR Taylor,2019-2019,8,8,1,265,72,37.85,207,128.01,0,2,1,28,10,
188,1,MJ Santner,2015-2019,39,27,10,263,37,15.47,205,128.29,0,0,3,22,7,
189,2,Imad Wasim,2015-2019,41,29,9,261,47,13.05,180,145.0,0,0,6,28,7,
190,3,DMW Rawlins,2019-2019,11,11,0,261,63,23.72,201,129.85,0,1,1,23,15,
191,4,Adnan Idrees,2019-2019,6,6,0,259,80,43.16,157,164.96,0,3,0,35,9,
192,7,Najeeb Tarakai,2014-2019,12,12,0,258,90,21.5,210,122.85,0,1,1,21,13,
193,8,DM de Silva,2015-2019,13,13,0,257,62,19.76,252,101.98,0,1,0,18,4,
194,9,Manpreet Singh,2019-2019,12,12,1,255,42,23.18,222,114.86,0,0,0,15,5,
195,11,RP Burl,2018-2019,16,13,3,254,57*,25.4,221,114.93,0,1,0,16,10,
196,12,HE van der Dussen,2018-2019,9,8,0,254,64,31.75,192,132.29,0,2,1,14,12,
197,13,Waqas Barkat,2014-2019,22,20,2,254,37,14.11,286,88.81,0,0,2,20,0,
198,14,SF Mire,2018-2019,9,8,0,253,94,31.62,196,129.08,0,2,0,23,13,
199,15,GH Dockrell,2010-2019,73,33,14,251,34*,13.21,207,121.25,0,0,4,14,7,
200,18,CG Williams,2019-2019,13,12,3,249,68*,27.66,210,118.57,0,1,1,15,10,
201,19,JP Kotze,2019-2019,12,12,1,245,101*,22.27,193,126.94,1,0,1,21,13,
202,20,Mohamed Rishwan,2019-2019,11,10,0,245,67,24.5,245,100.0,0,2,0,22,10,
203,21,CN Ackermann,2019-2019,11,11,3,243,43*,30.37,196,123.97,0,0,0,18,5,
204,22,Muhammad Kashif,2019-2019,10,9,4,242,53,48.4,215,112.55,0,2,0,14,13,
205,24,MA Leask,2013-2019,31,22,2,240,58,12.0,199,120.6,0,1,2,16,12,
206,25,SW Poynter,2015-2019,25,21,6,240,39,16.0,213,112.67,0,0,0,22,6,
207,26,Aizaz Khan,2014-2019,30,27,7,239,31,11.95,234,102.13,0,0,4,19,4,
208,28,Ashfaq Ahmed,2018-2019,12,12,0,238,75,19.83,185,128.64,0,3,2,32,6,
209,29,SD Hope,2017-2019,13,11,0,238,55,21.63,175,136.0,0,2,1,24,10,
210,34,MM Ali,2014-2018,25,22,6,235,72*,14.68,198,118.68,0,1,6,21,9,
211,35,F Damiao Couana,2019-2019,7,7,1,233,71*,38.83,179,130.16,0,1,0,16,14,
212,37,HT Tector,2019-2019,14,12,3,233,60,25.88,176,132.38,0,1,0,20,5,
213,38,BA Stokes,2011-2018,23,20,5,232,38,15.46,178,130.33,0,0,1,20,9,
214,39,H Gori,2019-2019,7,7,0,231,66,33.0,176,131.25,0,1,0,23,12,
215,42,Mohammed Rizlan,2019-2019,15,12,5,229,38*,32.71,218,105.04,0,0,0,14,10,
216,45,Rahmanullah Gurbaz,2019-2019,7,7,0,227,79,32.42,164,138.41,0,2,2,19,13,
217,46,C Bisson,2019-2019,14,14,2,226,54,18.83,177,127.68,0,1,3,24,5,
218,47,SS Iyer,2017-2019,14,13,3,226,62,22.6,178,126.96,0,1,1,18,9,
219,48,I Udana,2009-2019,27,19,9,226,84*,22.6,152,148.68,0,1,2,15,13,
220,49,DAS Gunaratne,2016-2017,12,12,3,225,84*,25.0,178,126.4,0,2,2,19,6,
221,0,Inam-ul-Haq,2019-2019,11,11,2,225,73*,25.0,205,109.75,0,1,1,28,2,
222,1,GSNFG Jayasuriya,2015-2019,16,14,0,225,40,16.07,203,110.83,0,0,0,17,8,
223,2,Shafiq Sharif,2019-2019,10,10,0,225,53,22.5,171,131.57,0,1,2,32,5,
224,4,CAK Walton,2014-2018,19,17,0,225,40,13.23,203,110.83,0,0,5,23,11,
225,5,DG Blampied,2019-2019,17,15,6,221,43*,24.55,222,99.54,0,0,1,14,0,
226,8,TG Southee,2008-2019,66,30,12,220,39,12.22,150,146.66,0,0,4,14,15,
227,12,CJ Jordan,2014-2019,43,25,11,216,36,15.42,166,130.12,0,0,2,16,11,
228,14,MJG Rippon,2013-2018,18,11,4,216,42,30.85,192,112.5,0,0,2,15,3,
229,15,KMDN Kulasekara,2008-2017,58,30,9,215,31,10.23,184,116.84,0,0,4,14,7,
230,16,EMDY Munaweera,2012-2017,13,13,1,215,53,17.91,164,131.09,0,1,1,25,7,
231,17,B Ward,2019-2019,13,12,3,215,58*,23.88,160,134.37,0,1,1,8,15,
232,18,S Prasanna,2013-2017,20,20,6,214,37*,15.28,161,132.91,0,0,0,13,13,
233,19,S Wickramasekara,2019-2019,5,5,2,214,104*,71.33,104,205.76,1,1,0,17,19,
234,21,Haroon Arshad,2019-2019,10,10,3,211,68,30.14,154,137.01,0,1,0,15,7,
235,22,Haris Sohail,2013-2019,14,13,2,210,52,19.09,204,102.94,0,2,1,16,3,
236,24,Khurram Nawaz,2017-2019,18,13,3,210,58,21.0,179,117.31,0,1,0,11,10,
237,25,Bilal Zalmai,2019-2019,5,4,1,208,111*,69.33,109,190.82,1,0,0,16,16,
238,26,Ghulam Shabber,2016-2019,17,14,3,208,58*,18.9,182,114.28,0,1,0,24,4,
239,27,BBJL Perera,2019-2019,8,7,1,208,67,34.66,144,144.44,0,1,0,23,8,
240,28,BMAJ Mendis,2011-2018,22,15,4,207,43*,18.81,174,118.96,0,0,1,18,6,
241,29,JJ Smit,2019-2019,12,10,2,206,59,25.75,128,160.93,0,1,0,10,14,
242,33,Ahmed Faiz,2019-2019,10,10,1,202,45,22.44,179,112.84,0,0,0,14,6,
243,37,J Butler,2019-2019,9,8,1,201,65*,28.71,214,93.92,0,1,0,20,1,
244,38,KS Leverock,2019-2019,12,12,2,201,43*,20.1,165,121.81,0,0,3,16,11,
245,39,DM Gondaria,2013-2019,11,9,2,199,85*,28.42,157,126.75,0,1,0,12,6,
246,40,R Panchal,2019-2019,9,8,3,199,71*,39.8,185,107.56,0,1,0,9,7,
247,41,Sompal Kami,2014-2019,28,19,6,198,40,15.23,176,112.5,0,0,1,15,7,
248,42,Sohail Tanvir,2007-2017,57,25,8,196,41,11.52,164,119.51,0,0,2,16,9,
249,43,Yasir Ali,2019-2019,9,9,3,196,57,32.66,183,107.1,0,1,1,11,9,
250,44,Aarif Sheikh,2018-2019,11,10,2,194,39*,24.25,181,107.18,0,0,0,18,4,
251,47,S Davizi,2019-2019,2,2,0,192,101,96.0,133,144.36,1,1,0,14,10,
252,49,R Rohan,2019-2019,10,10,0,191,49,19.1,156,122.43,0,0,1,23,6,
253,0,Ahmed Hassan,2019-2019,11,10,0,189,53,18.9,192,98.43,0,1,0,18,2,
254,5,JDS Neesham,2012-2019,18,15,4,185,42,16.81,131,141.22,0,0,1,19,8,
255,6,Umar Adam,2019-2019,11,10,1,185,53,20.55,149,124.16,0,1,1,19,6,
256,8,XM Marshall,2008-2019,13,13,0,183,36,14.07,185,98.91,0,0,2,13,6,
257,9,Mosaddek Hossain,2016-2019,14,13,4,183,34*,20.33,173,105.78,0,0,1,10,5,
258,10,Mohammad Rizwan,2015-2019,16,13,2,180,33*,16.36,184,97.82,0,0,1,14,2,
259,11,C Tommy,2019-2019,12,11,0,180,47,16.36,191,94.24,0,0,2,6,8,
260,12,CAJ Meschede,2019-2019,5,5,1,179,67,44.75,115,155.65,0,1,1,9,14,
261,14,Kaleem Shah,2019-2019,7,7,1,176,72*,29.33,170,103.52,0,1,1,21,4,
262,15,Mohammad Naveed,2015-2019,31,24,10,176,27*,12.57,147,119.72,0,0,3,17,8,
263,16,MR Marsh,2011-2018,11,11,3,175,36,21.87,151,115.89,0,0,0,7,9,
264,20,Karan KC,2015-2019,25,16,5,173,40*,15.72,126,137.3,0,0,2,9,12,
265,21,Nouman Sarwar,2019-2019,14,9,6,172,47*,57.33,128,134.37,0,0,1,16,6,
266,23,HAM Shah,2019-2019,9,8,0,172,40,21.5,168,102.38,0,0,0,18,2,
267,24,GD Elliott,2009-2017,17,15,4,171,27,15.54,157,108.91,0,0,0,12,2,
268,25,Simi Singh,2018-2019,18,17,2,169,57*,11.26,144,117.36,0,1,5,12,6,
269,28,DJ Willey,2015-2019,28,19,7,166,29*,13.83,126,131.74,0,0,1,8,10,
270,30,Tarun Sharma,2019-2019,8,8,1,164,49*,23.42,160,102.5,0,0,1,12,6,
271,32,RA Jadeja,2009-2019,46,22,8,163,25,11.64,165,98.78,0,0,2,7,4,
272,33,TWM Latham,2012-2017,13,10,0,163,39,16.3,157,103.82,0,0,0,12,2,
273,34,PD Hennessy,2019-2019,8,7,0,162,71,23.14,132,122.72,0,1,1,11,7,
274,36,NMS Param,2019-2019,8,7,2,160,72*,32.0,118,135.59,0,1,0,12,6,
275,37,RW Chakabva,2008-2019,12,12,1,159,48,14.45,134,118.65,0,0,4,12,7,
276,38,JP Faulkner,2012-2017,24,18,7,159,41*,14.45,138,115.21,0,0,0,7,5,
277,39,MC Henriques,2009-2017,11,8,3,159,62*,31.8,122,130.32,0,2,0,8,7,
278,41,A Mansale,2019-2019,14,14,0,159,38,11.35,151,105.29,0,0,4,14,5,
279,42,Mohamed Arief,2019-2019,5,5,1,159,52*,39.75,114,139.47,0,1,0,18,4,
280,46,HL Carlyon,2019-2019,9,8,0,156,50,19.5,131,119.08,0,1,1,21,3,
281,47,H Klaasen,2018-2019,9,9,2,156,69,22.28,107,145.79,0,1,0,8,11,
282,48,SP Narine,2012-2019,51,23,8,155,30,10.33,138,112.31,0,0,2,13,5,
283,49,NA Greenwood,2019-2019,8,8,0,154,43,19.25,128,120.31,0,0,1,15,2,
284,0,MR Adair,2019-2019,17,14,4,152,38,15.2,118,128.81,0,0,1,8,7,
285,1,NG Collins,2019-2019,5,5,0,151,56,30.2,164,92.07,0,2,0,10,0,
286,2,HD Rutherford,2013-2019,8,7,0,151,62,21.57,105,143.8,0,1,1,12,9,
287,3,NM Coulter-Nile,2013-2019,28,15,4,150,34,13.63,120,125.0,0,0,3,10,10,
288,4,Iftikhar Ahmed,2016-2019,6,6,4,150,62*,75.0,104,144.23,0,1,0,14,4,
289,5,Rashid Khan,2015-2019,45,22,11,149,33,13.54,124,120.16,0,0,4,9,9,
290,6,VB Chikkannaiah,2019-2019,7,7,1,148,70*,24.66,167,88.62,0,1,0,10,2,
291,7,WIA Fernando,2019-2019,10,10,0,148,37,14.8,156,94.87,0,0,1,9,3,
292,8,O Bascome,2019-2019,11,11,0,147,37,13.36,147,100.0,0,0,1,12,8,
293,9,CD Wallace,2012-2019,19,14,6,146,27,18.25,122,119.67,0,0,1,14,2,
294,10,Karim Janat,2016-2019,21,13,2,145,26,13.18,140,103.57,0,0,2,11,6,
295,11,Wahab Riaz,2008-2019,31,17,6,145,30*,13.18,118,122.88,0,0,2,10,6,
296,12,M Klinger,2017-2017,3,3,0,143,62,47.66,112,127.67,0,1,0,12,2,
297,13,Mohammad Naim,2019-2019,3,3,0,143,81,47.66,107,133.64,0,1,0,17,3,
298,14,Ehsan Khan,2016-2019,15,10,6,142,42*,35.5,128,110.93,0,0,0,9,7,
299,15,KMA Paul,2018-2019,18,12,5,142,29,20.28,123,115.44,0,0,0,8,8,
300,16,Umar Amin,2013-2018,14,9,0,142,47,15.77,123,115.44,0,0,3,15,4,
301,17,Faran Afzal,2019-2019,9,8,1,141,59*,20.14,140,100.71,0,1,0,11,6,
302,18,Sarfaraz Ali,2019-2019,4,4,0,141,59,35.25,87,162.06,0,1,0,17,8,
303,19,S Periyalwar,2019-2019,4,4,2,140,105*,70.0,91,153.84,1,0,1,15,6,
304,20,GD Phillips,2017-2018,11,10,1,140,56,15.55,140,100.0,0,1,0,9,5,
305,21,S Pokhriyal,2019-2019,5,4,0,140,79,35.0,131,106.87,0,1,0,23,2,
306,22,Riazat Ali Shah,2019-2019,4,4,2,140,53*,70.0,108,129.62,0,1,0,8,8,
307,24,AC Douglas,2019-2019,10,9,1,138,47*,17.25,131,105.34,0,0,0,10,8,
308,25,LB Ferbrache,2019-2019,9,8,0,138,55,17.25,142,97.18,0,1,0,6,3,
309,28,HH Patel,2019-2019,7,6,1,137,44*,27.4,104,131.73,0,0,0,17,3,
310,29,R Tari,2019-2019,14,14,5,137,28,15.22,117,117.09,0,0,2,6,5,
311,32,Yusuf Ebrahim,2019-2019,3,3,1,137,72,68.5,97,141.23,0,1,0,14,5,
312,33,MP Stoinis,2015-2019,19,14,5,136,33*,15.11,117,116.23,0,0,1,14,2,
313,34,Faisal Khan,2019-2019,4,4,1,134,83*,44.66,56,239.28,0,1,1,13,10,
314,35,N Pathan,2019-2019,4,4,1,134,54*,44.66,106,126.41,0,1,0,8,7,
315,36,Faheem Ashraf,2017-2019,27,18,6,133,21,11.08,110,120.9,0,0,4,7,8,
316,37,CH Morris,2012-2019,23,13,4,133,55*,14.77,102,130.39,0,1,3,12,5,
317,38,Awais Ahmed,2019-2019,9,4,2,131,102*,65.5,101,129.7,1,0,0,6,6,
318,40,PBB Rajapaksa,2019-2019,5,5,1,131,77,32.75,95,137.89,0,1,0,7,9,
319,42,DDP D'Silva,2019-2019,10,8,4,130,29,32.5,146,89.04,0,0,1,9,0,
320,43,SS McKechnie,2019-2019,10,10,3,130,44,18.57,137,94.89,0,0,1,9,1,
321,45,CT Mutombodzi,2013-2019,13,12,3,129,32,14.33,133,96.99,0,0,2,9,2,
322,46,SL Malinga,2006-2019,79,30,12,128,27,7.11,153,83.66,0,0,6,9,4,
323,48,HR Walsh,2019-2019,13,9,1,128,28,16.0,129,99.22,0,0,0,8,3,
324,3,MWR Stokes,2019-2019,9,7,0,127,29,18.14,152,83.55,0,0,0,10,0,
325,4,Najjam Shahzad,2019-2019,4,3,2,126,53*,126.0,97,129.89,0,1,0,4,10,
326,6,JT Smuts,2017-2018,8,8,0,126,45,15.75,114,110.52,0,0,1,14,5,
327,7,AT Carey,2018-2019,25,13,4,125,37*,13.88,101,123.76,0,0,0,10,4,
328,8,Amir Mangal,2019-2019,9,9,3,124,40,20.66,78,158.97,0,0,0,10,8,
329,9,Mohammed Asghar,2019-2019,4,4,0,124,45,31.0,91,136.26,0,0,0,13,5,
330,10,S Muniandy,2019-2019,15,13,4,124,27,13.77,103,120.38,0,0,2,7,7,
331,11,BA Pai,2019-2019,4,4,0,124,52,31.0,141,87.94,0,1,0,6,1,
332,13,R Ashwin,2010-2017,46,11,7,123,31*,30.75,115,106.95,0,0,0,14,1,
333,15,SM Sharif,2012-2019,42,18,9,123,26,13.66,100,123.0,0,0,2,8,3,
334,16,AW Hawkins-Kay,2019-2019,16,13,5,122,27*,15.25,136,89.7,0,0,1,8,0,
335,17,KM Jadhav,2015-2017,9,6,0,122,58,20.33,99,123.23,0,1,0,12,3,
336,18,Muhamad Syahadat,2019-2019,10,9,3,122,41*,20.33,102,119.6,0,0,0,9,6,
337,19,CN Onwuzulike,2019-2019,9,9,1,122,46*,15.25,126,96.82,0,0,2,5,5,
338,20,Shadab Khan,2017-2019,38,14,5,122,29,13.55,96,127.08,0,0,2,6,6,
339,21,DAJ Bracewell,2011-2019,18,10,5,121,44,24.2,83,145.78,0,0,2,6,9,
340,22,KH Pandya,2018-2019,18,9,4,121,26*,24.2,92,131.52,0,0,0,8,6,
341,24,Imrul Kayes,2010-2017,14,13,0,119,36,9.15,134,88.8,0,0,4,14,3,
342,25,AA Onikoyi,2019-2019,9,8,0,119,49,14.87,144,82.63,0,0,1,8,4,
343,27,Sajid Cheema,2019-2019,5,5,0,118,47,23.6,97,121.64,0,0,0,12,5,
344,28,JE Taylor,2006-2018,30,15,6,118,21,13.11,92,128.26,0,0,1,10,6,
345,29,Mehran Khan,2015-2019,19,13,2,117,29,10.63,106,110.37,0,0,1,7,5,
346,30,Mohammad Mithun,2014-2019,14,10,0,117,47,11.7,125,93.6,0,0,2,9,4,
347,31,Naseem Khushi,2017-2019,10,8,2,117,29,19.5,77,151.94,0,0,2,6,8,
348,32,H Singh,2019-2019,7,6,3,117,44*,39.0,102,114.7,0,0,0,6,3,
349,34,Aritra Dutta,2019-2019,8,8,0,116,33,14.5,114,101.75,0,0,0,8,5,
350,36,K Motlhanka,2019-2019,7,7,0,115,59,16.42,123,93.49,0,1,0,11,2,
351,37,Sami Sohail,2019-2019,7,5,4,115,33*,115.0,97,118.55,0,0,0,10,2,
352,38,K Dasan,2019-2019,3,3,0,114,74,38.0,108,105.55,0,1,0,10,2,
353,39,S Kaveri,2019-2019,7,6,1,114,43,22.8,146,78.08,0,0,0,9,1,
354,40,WD Parnell,2009-2017,40,13,9,114,29*,28.5,96,118.75,0,0,0,10,3,
355,41,Chirag Suri,2018-2019,7,7,1,113,44*,18.83,121,93.38,0,0,0,10,2,
356,43,M Abdulla,2019-2019,5,5,2,112,42*,37.33,100,112.0,0,0,0,11,2,
357,44,Fiaz Ahmed,2019-2019,4,4,2,112,62*,56.0,72,155.55,0,1,1,6,8,
358,46,JS Malhotra,2019-2019,6,6,0,112,38,18.66,104,107.69,0,0,0,12,2,
359,47,Mohammad Boota,2019-2019,16,12,4,112,20*,14.0,100,112.0,0,0,1,7,5,
360,48,Mudassar Muhammad,2019-2019,7,7,0,112,30,16.0,135,82.96,0,0,0,5,3,
361,0,JO Holder,2014-2019,17,11,2,111,26*,12.33,84,132.14,0,0,2,10,4,
362,1,Imran Ali Butt,2019-2019,4,4,0,111,58,27.75,101,109.9,0,2,2,5,6,
363,2,JNK Shannon,2013-2018,8,8,0,111,60,13.87,84,132.14,0,1,1,12,5,
364,4,A Lark,2019-2019,5,4,0,110,43,27.5,121,90.9,0,0,1,15,0,
365,7,T van der Gugten,2012-2019,39,11,4,109,40*,15.57,81,134.56,0,0,1,4,6,
366,9,Mohammad Saifuddin,2017-2019,13,9,3,108,39*,18.0,95,113.68,0,0,0,9,3,
367,11,OGL Bascome,2019-2019,11,11,1,107,22,10.7,117,91.45,0,0,0,12,3,
368,12,SO Ngoche,2010-2019,28,18,5,107,38,8.23,118,90.67,0,0,2,5,4,
369,13,GJ Thompson,2016-2019,10,8,1,107,44,15.28,108,99.07,0,0,2,14,1,
370,14,V Vijh,2019-2019,4,4,2,107,64*,53.5,119,89.91,0,1,0,13,1,
371,15,K Doriga,2019-2019,17,11,1,106,43*,10.6,103,102.91,0,0,0,3,3,
372,16,NA Maiolo,2019-2019,8,7,1,106,39*,17.66,104,101.92,0,0,0,11,2,
373,17,MD Dai,2015-2017,9,8,0,105,31,13.12,128,82.03,0,0,0,4,0,
374,18,OJ Hairs,2019-2019,8,8,1,105,26,15.0,64,164.06,0,0,2,4,10,
375,20,ND Laegsgaard,2019-2019,9,8,1,105,39,15.0,96,109.37,0,0,0,11,2,
376,21,M Mosehle,2017-2017,7,6,1,105,36,21.0,65,161.53,0,0,0,6,9,
377,22,Meet Bhavsar,2019-2019,9,7,1,104,38,17.33,88,118.18,0,0,0,10,1,
378,23,LA Dunbar,2019-2019,2,2,1,104,104*,104.0,62,167.74,1,0,1,5,10,
379,24,Sultan Ahmed,2015-2017,17,12,3,104,37*,11.55,83,125.3,0,0,3,14,0,
380,27,Rehman Abdul,2019-2019,7,5,3,102,37*,51.0,103,99.02,0,0,0,7,3,
381,28,Suraj Kumar,2019-2019,13,9,2,102,42*,14.57,89,114.6,0,0,0,9,3,
382,29,LJ Tucker,2016-2019,14,11,1,102,22*,10.2,99,103.03,0,0,1,10,1,
383,30,Ammad Uddin,2019-2019,4,4,1,101,40*,33.66,53,190.56,0,0,0,11,5,
384,31,MNR Cooray,2019-2019,4,3,1,101,56*,50.5,77,131.16,0,1,0,12,3,
385,32,S Jora,2019-2019,6,6,1,101,53*,20.2,83,121.68,0,1,1,5,4,
386,33,AV Lalcheta,2015-2019,17,10,2,101,20,12.62,82,123.17,0,0,0,9,4,
387,35,Mohammed Nurji,2019-2019,6,5,3,101,36,50.5,59,171.18,0,0,0,8,6,
388,36,T Perera,2019-2019,6,6,0,101,30,16.83,127,79.52,0,0,0,16,0,
389,37,V Shankar,2018-2019,9,4,0,101,43,25.25,73,138.35,0,0,0,11,5,
390,39,Hamza Tariq,2013-2019,15,11,1,100,33,10.0,82,121.95,0,0,2,4,5,
391,40,T Maruma,2008-2019,13,13,4,100,23*,11.11,109,91.74,0,0,1,6,4,
392,41,BS Stephenson,2019-2019,3,3,0,100,48,33.33,72,138.88,0,0,0,9,7,
393,42,BR Dunk,2014-2017,5,5,0,99,32,19.8,69,143.47,0,0,0,8,6,
394,43,BFW de Leede,2018-2019,8,7,1,98,33,16.33,114,85.96,0,0,0,4,2,
395,44,Irfan Bhima,2019-2019,4,4,0,98,52,24.5,88,111.36,0,1,2,13,2,
396,45,Janak Prakash,2019-2019,12,11,3,98,25*,12.25,78,125.64,0,0,2,9,3,
397,46,BR McDermott,2018-2019,12,10,3,98,32*,14.0,105,93.33,0,0,2,6,2,
398,47,TK Musakanda,2018-2018,6,6,0,98,43,16.33,80,122.5,0,0,2,7,2,
399,49,BOP Fernando,2019-2019,3,3,1,97,78*,48.5,73,132.87,0,1,0,10,3,
400,0,DJ Mitchell,2019-2019,9,9,3,97,30*,16.16,79,122.78,0,0,0,5,4,
401,2,Aminuddin Ramly,2019-2019,10,9,2,97,33,13.85,59,164.4,0,0,1,3,9,
402,4,S Samarawickrama,2017-2019,7,7,0,97,32,13.85,93,104.3,0,0,1,9,0,
403,5,AJ Staal,2019-2019,9,8,2,97,28*,16.16,79,122.78,0,0,2,5,5,
404,6,GM Strydom,2019-2019,6,6,0,97,49,16.16,89,108.98,0,0,2,6,5,
405,7,Zaheer Ibrahim,2019-2019,13,11,3,97,27*,12.12,89,108.98,0,0,2,7,5,
406,8,Ahmed Raza,2014-2019,36,14,7,96,22,13.71,123,78.04,0,0,1,2,4,
407,10,Razmal Shigiwal,2019-2019,4,3,0,96,53,32.00,78,123.07,0,1,0,3,8,
408,11,ML Udawatte,2008-2017,8,8,0,96,25,12.00,87,110.34,0,0,2,10,2,
409,15,Shamsudheen Purat,2019-2019,3,3,1,95,88*,47.50,53,179.24,0,1,1,8,7,
410,16,HJ Jordaan,2019-2019,4,4,1,94,37*,31.33,107,87.85,0,0,0,8,0,
411,17,Mehidy Hasan Miraz,2017-2018,13,11,2,94,19*,10.44,80,117.5,0,0,2,7,4,
412,19,JJ Tucker,2019-2019,5,5,1,94,50*,23.50,97,96.9,0,1,0,11,1,
413,21,J Cutinho,2019-2019,3,3,0,93,46,31.00,98,94.89,0,0,0,7,4,
414,22,Walid Ghauri,2019-2019,4,4,1,93,44*,31.00,80,116.25,0,0,0,10,2,
415,23,JL Denly,2009-2019,10,9,1,92,30,11.50,93,98.92,0,0,2,11,1,
416,27,Anwar Arudin,2019-2019,12,12,0,91,32,7.58,98,92.85,0,0,3,10,2,
417,32,JN Mohammed,2017-2018,9,8,3,90,23*,18.00,103,87.37,0,0,1,9,1,
418,33,Muhammad Naeem,2019-2019,5,4,2,90,42,45.00,91,98.9,0,0,1,7,1,
419,37,S Adedeji,2019-2019,6,6,2,89,51*,22.25,114,78.07,0,1,1,5,2,
420,38,Mohammad Nadeem,2015-2019,22,13,3,89,29,8.90,106,83.96,0,0,1,7,0,
421,39,A Otwani,2019-2019,4,4,0,89,44,22.25,78,114.1,0,0,0,13,1,
422,40,A Ferguson,2019-2019,5,3,1,88,51,44.00,100,88.0,0,1,0,5,1,
423,41,N Madziva,2015-2019,15,10,5,88,28*,17.60,80,110.0,0,0,1,4,5,
424,42,Md Shafiqul Haque,2019-2019,4,4,0,88,38,22.00,62,141.93,0,0,0,5,6,
425,43,Zishan Shah,2019-2019,6,5,1,88,50,22.00,87,101.14,0,1,0,7,1,
426,44,PS Airee,2015-2019,11,11,0,87,29,7.90,93,93.54,0,0,4,10,1,
427,45,SC Getkate,2019-2019,14,12,2,87,24,8.70,73,119.17,0,0,1,4,4,
428,47,D Pretorius,2017-2019,6,2,2,87,77*,-,49,177.55,0,1,0,7,4,
429,48,Raza Iqbal,2019-2019,5,5,0,87,39,17.40,89,97.75,0,0,0,13,0,
430,0,AR Gandhi,2019-2019,3,3,1,86,50,43.0,98,87.75,0,1,0,5,1,
431,4,DP Michael,2019-2019,4,4,1,85,55*,28.33,82,103.65,0,1,1,1,6,
432,5,AR Nurse,2011-2019,13,8,6,85,20*,42.5,71,119.71,0,0,0,7,3,
433,6,MD Patel,2019-2019,8,8,1,85,26,12.14,88,96.59,0,0,0,6,4,
434,8,N Khosla,2019-2019,4,4,0,84,27,21.0,95,88.42,0,0,0,3,2,
435,9,IO Okpe,2019-2019,8,8,0,84,19,10.5,109,77.06,0,0,0,2,2,
436,10,Afif Hossain,2018-2019,8,7,0,83,52,11.85,63,131.74,0,1,2,10,1,
437,11,JH Davey,2012-2019,21,10,5,83,24,16.6,63,131.74,0,0,0,5,3,
438,12,PF Gallagher,2019-2019,3,3,0,83,36,27.66,68,122.05,0,0,0,4,5,
439,14,Manpreet Singh,2019-2019,8,6,0,83,36,13.83,98,84.69,0,0,0,10,1,
440,15,AC Agar,2016-2019,21,7,1,82,29,13.66,79,103.79,0,0,0,6,3,
441,16,FA Cossa,2019-2019,6,6,2,82,19*,20.5,90,91.11,0,0,0,6,4,
442,18,AK Mohan,2019-2019,5,5,0,82,41,16.4,72,113.88,0,0,1,9,1,
443,19,Muhammad Awais,2019-2019,3,3,2,82,42*,82.0,59,138.98,0,0,0,12,1,
444,20,TD Paine,2009-2017,12,9,1,82,25,10.25,77,106.49,0,0,2,7,3,
445,21,Shaikh Ashraf,2019-2019,4,4,0,82,38,20.5,67,122.38,0,0,0,8,3,
446,22,RM Siri,2019-2019,4,4,1,82,49*,27.33,80,102.5,0,0,1,6,1,
447,23,Aaron Jones,2019-2019,8,7,3,81,39,20.25,81,100.0,0,0,0,3,2,
448,24,MO Jones,2019-2019,8,7,2,81,27,16.2,83,97.59,0,0,0,5,3,
449,25,Ahsan Abbasi,2019-2019,6,6,0,80,18,13.33,87,91.95,0,0,0,7,2,
450,26,DAP Darrell,2019-2019,11,10,1,80,30*,8.88,95,84.21,0,0,1,1,5,
451,28,Ijaz Hussain,2019-2019,3,3,0,80,40,26.66,76,105.26,0,0,0,7,6,
452,29,RK Paudel,2019-2019,11,10,2,80,19,10.0,89,89.88,0,0,0,7,0,
453,30,CP Rizwan,2019-2019,5,4,0,80,44,20.0,73,109.58,0,0,0,10,1,
454,31,ZE Green,2019-2019,16,11,3,79,18*,9.87,78,101.28,0,0,1,4,3,
455,33,Nurul Hasan,2016-2017,9,8,4,78,30*,19.5,63,123.8,0,0,1,9,0,
456,34,GG Banner,2019-2019,3,3,1,77,47,38.5,65,118.46,0,0,0,1,8,
457,35,Sandeep Goud,2019-2019,12,7,3,77,31*,19.25,72,106.94,0,0,0,3,3,
458,36,Shahid Wasif,2016-2019,9,8,3,77,40,15.4,66,116.66,0,0,1,3,1,
459,37,SA Wijeyeratne,2019-2019,2,2,0,77,56,38.5,51,150.98,0,1,0,12,0,
460,38,T Bavuma,2019-2019,2,2,1,76,49,76.0,66,115.15,0,0,0,5,2,
461,40,DR Hooper,2019-2019,9,8,3,76,19*,15.2,91,83.51,0,0,1,3,1,
462,43,HB Kayondo,2019-2019,3,3,0,76,31,25.33,69,110.14,0,0,0,2,4,
463,46,Rizwan Mahmood,2019-2019,5,4,0,76,37,19.0,61,124.59,0,0,0,3,3,
464,48,NR Kirton,2019-2019,5,5,2,75,37*,25.0,83,90.36,0,0,0,4,1,
465,0,Hirenkumar Patel,2019-2019,4,4,0,74,22,18.5,82,90.24,0,0,0,9,1,
466,1,S Hirugade,2019-2019,6,6,0,74,35,12.33,86,86.04,0,0,1,8,2,
467,3,SI Runsewe,2019-2019,6,6,1,74,27,14.8,87,85.05,0,0,1,4,0,
468,4,G Venkateswaran,2019-2019,3,3,1,74,59,37.0,58,127.58,0,1,0,10,1,
469,5,J Vira,2019-2019,14,12,4,74,23,9.25,68,108.82,0,0,1,7,2,
470,6,NT Broom,2009-2017,11,7,1,73,36,12.16,68,107.35,0,0,0,8,1,
471,7,TS Fray,2019-2019,10,10,1,73,29,8.11,96,76.04,0,0,3,9,0,
472,9,AR McBrine,2014-2017,19,11,5,73,14*,12.16,70,104.28,0,0,1,6,1,
473,10,C Munoz-Mills,2019-2019,9,7,3,73,29*,18.25,66,110.6,0,0,0,5,3,
474,11,AM Oyede,2019-2019,8,8,1,73,39,10.42,104,70.19,0,0,2,5,1,
475,12,AL Phehlukwayo,2017-2019,23,11,5,73,27*,12.16,66,110.6,0,0,3,10,1,
476,14,RA Thomas,2019-2019,8,8,1,73,18,10.42,95,76.84,0,0,1,7,1,
477,16,Haroon Mughal,2019-2019,4,4,0,72,31,18.0,65,110.76,0,0,0,6,1,
478,17,Hassan Rasheed,2019-2019,8,7,0,72,22,10.28,100,72.0,0,0,0,4,1,
479,18,A Pusthay,2019-2019,5,5,0,72,37,14.4,60,120.0,0,0,0,5,1,
480,19,AS Wright,2019-2019,8,7,0,72,43,10.28,84,85.71,0,0,1,6,3,
481,20,Sahir Naqash,2019-2019,7,5,1,71,38*,17.75,52,136.53,0,0,2,2,5,
482,21,T Taylor,2019-2019,6,6,2,71,19*,17.75,91,78.02,0,0,0,2,5,
483,22,Abdul Hashmi,2019-2019,8,5,1,70,31,17.5,66,106.06,0,0,1,4,0,
484,24,FF Mulivai,2019-2019,4,4,0,70,48,17.5,37,189.18,0,0,1,2,8,
485,25,Hafez Farooq,2019-2019,4,4,0,69,24,17.25,68,101.47,0,0,0,7,2,
486,26,C Hauptfleisch,2019-2019,5,5,0,69,42,13.8,85,81.17,0,0,1,4,2,
487,27,Ibrarul Haq,2019-2019,5,4,0,69,49,17.25,47,146.8,0,0,1,6,4,
488,29,TB Sole,2019-2019,9,6,2,69,33*,17.25,43,160.46,0,0,0,9,1,
489,30,J Umanath,2019-2019,7,7,1,69,25,11.5,77,89.61,0,0,1,7,2,
490,31,R Ankad,2019-2019,8,7,3,68,40*,17.0,72,94.44,0,0,2,7,0,
491,32,AG Cremer,2008-2018,29,19,6,68,17,5.23,102,66.66,0,0,2,2,0,
492,33,Dawlat Zadran,2012-2019,34,17,8,68,13,7.55,42,161.9,0,0,3,4,6,
493,35,R Escobar,2019-2019,5,4,1,68,28*,22.66,76,89.47,0,0,0,6,1,
494,36,AR Patel,2015-2018,11,7,3,68,20*,17.0,54,125.92,0,0,0,3,3,
495,37,Sikander Zulfiqar,2016-2019,11,8,1,68,18,9.71,68,100.0,0,0,0,5,0,
496,38,JNT Vare,2015-2017,8,7,0,68,38,9.71,71,95.77,0,0,0,4,0,
497,39,C Viljoen,2019-2019,12,7,3,68,33,17.0,70,97.14,0,0,0,7,1,
498,40,Waqas Khan,2014-2017,8,7,3,68,33*,17.0,89,76.4,0,0,1,3,2,
499,41,Hilal Ahmad,2019-2019,7,7,2,67,30,13.4,59,113.55,0,0,0,6,1,
500,42,AJ Michael,2019-2019,4,4,1,67,23,22.33,69,97.1,0,0,0,5,2,
501,43,Zawar Farid,2019-2019,4,4,0,67,55,16.75,53,126.41,0,1,0,5,3,
502,44,Abraash Khan,2019-2019,7,4,0,66,22,16.5,60,110.0,0,0,0,7,1,
503,45,PHKD Mendis,2018-2019,4,4,0,66,41,16.5,46,143.47,0,0,1,6,3,
504,46,Waheed Ahmed,2019-2019,10,9,4,66,19,13.2,80,82.5,0,0,0,6,2,
505,47,J Bulele,2019-2019,7,7,0,65,24,9.28,95,68.42,0,0,1,8,0,
506,48,SC Kuggeleijn,2019-2019,9,5,3,65,35*,32.5,30,216.66,0,0,1,4,6,
507,49,H Lakov,2019-2019,3,3,0,65,28,21.66,62,104.83,0,0,0,5,0,
508,1,FA Allen,2018-2019,11,9,2,64,27,9.14,56,114.28,0,0,2,5,3,
509,2,Anique Uddin,2019-2019,6,6,0,64,31,10.66,79,81.01,0,0,0,3,0,
510,3,Ansar Iqbal,2019-2019,4,4,0,64,40,16.00,72,88.88,0,0,0,6,1,
511,4,B Arora,2019-2019,4,4,0,64,28,16.00,64,100.0,0,0,0,5,3,
512,5,K Birkenstock,2019-2019,4,2,0,64,59,32.00,33,193.93,0,1,0,7,4,
513,6,S Dube,2019-2019,6,4,2,64,54,32.00,42,152.38,0,1,0,3,4,
514,9,G Manan,2019-2019,3,3,0,64,29,21.33,52,123.07,0,0,0,11,1,
515,10,A Natubhai Ahir,2019-2019,3,3,0,64,30,21.33,59,108.47,0,0,0,10,1,
516,11,WB Rankin,2009-2019,48,15,8,64,16*,9.14,74,86.48,0,0,2,3,3,
517,13,Sadeeq Khan,2019-2019,3,3,1,64,28,32.00,42,152.38,0,0,0,3,6,
518,14,Usman Waheed,2019-2019,6,4,1,64,28*,21.33,61,104.91,0,0,1,6,1,
519,15,V Balakrishnan,2019-2019,3,3,1,63,29*,31.50,82,76.82,0,0,0,6,1,
520,16,LJ Barker,2019-2019,9,8,0,63,20,7.87,69,91.3,0,0,3,8,0,
521,17,Imran Ismail,2019-2019,7,7,0,63,17,9.00,58,108.62,0,0,0,7,3,
522,18,Kuldeep Lal,2019-2019,8,3,0,63,38,21.00,41,153.65,0,0,0,3,2,
523,20,OD Hald,2019-2019,9,8,1,61,18,8.71,57,107.01,0,0,1,4,2,
524,21,Hasan Ali,2016-2019,30,10,5,61,23,12.20,35,174.28,0,0,2,3,5,
525,23,R Nehonde,2019-2019,7,7,1,61,26,10.16,79,77.21,0,0,1,3,1,
526,24,NM Odhiambo,2010-2019,16,8,2,61,26,10.16,94,64.89,0,0,2,4,1,
527,25,A Sathya,2019-2019,3,3,0,61,30,20.33,61,100.0,0,0,0,3,2,
528,26,PH Shamdasani,2019-2019,4,4,1,61,37,20.33,72,84.72,0,0,0,3,1,
529,27,AJ Tye,2016-2018,26,11,5,61,20,10.16,55,110.9,0,0,2,4,3,
530,28,DE Budge,2018-2018,6,4,2,60,24,30.00,59,101.69,0,0,0,2,3,
531,31,J Kila,2019-2019,12,5,3,60,27*,30.00,31,193.54,0,0,0,4,5,
532,32,Mohammad Adnan,2019-2019,5,3,3,60,38*,-,31,193.54,0,0,0,4,5,
533,35,Zameer Khan,2019-2019,2,2,1,60,33,60.00,61,98.36,0,0,0,4,0,
534,37,Ariful Haque,2018-2018,9,8,4,59,18*,14.75,61,96.72,0,0,1,4,0,
535,39,Hayatullah Niazi,2019-2019,4,4,1,59,27,19.66,47,125.53,0,0,0,3,3,
536,40,Mohammad Amir,2009-2019,48,14,6,59,21*,7.37,72,81.94,0,0,2,2,3,
537,41,Muhammad Saleem,2019-2019,4,4,0,59,52,14.75,54,109.25,0,1,0,5,1,
538,42,AK Perera,2013-2019,6,5,0,59,16,11.80,65,90.76,0,0,0,5,1,
539,43,IS Sodhi,2014-2019,40,7,3,59,15,14.75,56,105.35,0,0,1,4,3,
540,44,Aamer Ikram,2019-2019,4,4,0,58,23,14.50,73,79.45,0,0,0,4,4,
541,45,Abu Hider,2016-2018,13,5,4,58,22*,58.00,43,134.88,0,0,0,5,4,
542,46,D Heyliger,2019-2019,11,7,5,58,23*,29.00,42,138.09,0,0,1,2,3,
543,47,JJ Huo,2019-2019,7,7,0,58,18,8.28,61,95.08,0,0,1,7,2,
544,48,DF Jacobs,2019-2019,4,4,0,58,20,14.50,82,70.73,0,0,0,7,0,
545,49,K Mendon,2019-2019,6,4,4,58,39*,-,51,113.72,0,0,0,5,2,
546,0,Mohamed Azzam,2019-2019,7,6,2,58,17*,14.5,61,95.08,0,0,1,6,0,
547,1,Shaheryar Butt,2019-2019,3,3,1,58,30*,29.0,55,105.45,0,0,0,3,4,
548,4,Fayyaz Butt,2019-2019,14,6,4,57,25*,28.5,48,118.75,0,0,0,4,2,
549,5,C Jonker,2018-2018,2,2,0,57,49,28.5,29,196.55,0,0,0,5,3,
550,6,A Makesh,2019-2019,4,2,1,57,57,57.0,41,139.02,0,1,0,3,4,
551,7,GP Meade,2019-2019,8,5,0,57,18,11.4,63,90.47,0,0,0,4,1,
552,8,A Sarma,2019-2019,3,3,0,57,28,19.0,67,85.07,0,0,0,3,1,
553,9,P Sarraf,2019-2019,9,8,1,57,18,8.14,84,67.85,0,0,3,9,0,
554,11,AJ Turner,2017-2019,11,7,3,57,22*,14.25,57,100.0,0,0,1,1,2,
555,12,Amjad Sher,2019-2019,5,5,0,56,24,11.2,36,155.55,0,0,0,1,4,
556,13,T Banton,2019-2019,3,3,0,56,31,18.66,34,164.7,0,0,0,6,3,
557,15,EB Knowles,2019-2019,7,6,2,56,19,14.0,54,103.7,0,0,1,7,1,
558,16,P Manning,2019-2019,6,6,1,56,28,11.2,89,62.92,0,0,1,4,0,
559,17,MJ Ross,2019-2019,8,5,1,56,34,14.0,42,133.33,0,0,0,2,3,
560,19,D Ajekun,2019-2019,6,6,0,55,17,9.16,81,67.9,0,0,0,6,1,
561,20,MNM Aslam,2019-2019,6,4,0,55,26,13.75,59,93.22,0,0,1,4,1,
562,21,C Carter,2015-2017,10,5,1,55,17,13.75,63,87.3,0,0,0,3,0,
563,23,PWH de Silva,2019-2019,8,7,3,55,14*,13.75,50,110.0,0,0,0,3,0,
564,25,KM Jarvis,2011-2019,22,12,5,55,27,7.85,64,85.93,0,0,4,1,4,
565,26,Mirza Ahsan,2019-2019,5,3,2,55,51*,55.0,18,305.55,0,1,0,2,7,
566,27,OE Newey,2019-2019,7,6,1,55,23*,11.0,66,83.33,0,0,1,2,0,
567,28,R Satheesan,2019-2019,4,3,1,55,23,27.5,42,130.95,0,0,0,3,4,
568,30,JW Chilia,2019-2019,14,7,4,54,23,18.0,54,100.0,0,0,0,3,3,
569,31,M Dixit,2019-2019,3,2,0,54,38,27.0,59,91.52,0,0,0,6,2,
570,33,JSE Dunford,2019-2019,17,9,3,54,29,9.0,67,80.59,0,0,3,2,0,
571,34,MSS Mandy,2019-2019,4,4,0,54,32,13.5,67,80.59,0,0,0,8,0,
572,35,SMA Priyanjan,2017-2017,3,3,2,54,40*,54.0,62,87.09,0,0,0,1,2,
573,36,BA King,2019-2019,6,5,0,53,31,10.6,50,106.0,0,0,0,6,1,
574,38,MRJ Watt,2015-2019,35,11,6,53,14*,10.6,40,132.5,0,0,1,6,1,
575,39,TS Bharaj,2019-2019,9,8,0,52,19,6.5,77,67.53,0,0,1,2,0,
576,40,G Caisley,2019-2019,4,4,0,52,38,13.0,60,86.66,0,0,1,3,2,
577,41,SJ Cotter,2019-2019,4,4,0,52,25,13.0,62,83.87,0,0,0,4,1,
578,43,A Manousis,2019-2019,3,3,1,52,23,26.0,49,106.12,0,0,0,5,1,
579,44,DM Nakrani,2019-2019,4,4,1,52,19,17.33,48,108.33,0,0,0,2,3,
580,45,Ovais Yousof,2019-2019,3,3,0,52,33,17.33,70,74.28,0,0,0,5,0,
581,48,V Mbazo,2019-2019,4,3,1,51,27*,25.5,67,76.11,0,0,0,3,0,
582,0,AU Rashid,2009-2019,40,15,8,51,9*,7.28,61,83.6,0,0,0,4,0,
583,3,Md Nurul Huda,2019-2019,5,4,2,50,30*,25.0,32,156.25,0,0,0,4,2,
584,5,MJ Richardson,2019-2019,3,3,2,50,35*,50.0,38,131.57,0,0,0,7,0,
585,6,Ameel Mauroof,2019-2019,10,8,4,49,15*,12.25,63,77.77,0,0,0,3,0,
586,8,G Chaturvedi,2019-2019,2,2,0,49,25,24.5,29,168.96,0,0,0,6,1,
587,9,A Dananjaya,2012-2019,22,12,4,49,11*,6.12,57,85.96,0,0,2,6,0,
588,10,JN Frylinck,2019-2019,14,7,4,49,19*,16.33,47,104.25,0,0,1,2,1,
589,12,Junaid Siddiqui,2012-2019,13,7,3,49,21,12.25,41,119.51,0,0,1,2,2,
590,13,HG Kuhn,2009-2017,7,6,2,49,29,12.25,42,116.66,0,0,0,3,2,
591,14,Nanda Kumar,2019-2019,3,3,0,49,39,16.33,58,84.48,0,0,1,3,2,
592,17,Saber Zakhil,2019-2019,3,3,0,49,18,16.33,35,140.0,0,0,0,2,3,
593,18,DC Smith,2019-2019,4,4,1,49,22,16.33,53,92.45,0,0,0,5,0,
594,20,S Jamil,2019-2019,3,3,0,48,24,16.0,49,97.95,0,0,0,5,2,
595,21,Muhammad Nadeem,2019-2019,5,3,0,48,43,16.0,49,97.95,0,0,0,7,1,
596,22,MIA Patel,2019-2019,3,2,1,48,40*,48.0,44,109.09,0,0,0,6,1,
597,23,Qalandar Khan,2019-2019,4,3,0,48,25,16.0,43,111.62,0,0,0,2,3,
598,24,YSD Seneveratne,2019-2019,6,6,0,48,19,8.0,79,60.75,0,0,1,5,1,
599,25,J Singye,2019-2019,2,2,0,48,40,24.0,64,75.0,0,0,0,2,0,
600,26,C Zhuwao,2008-2018,7,7,0,48,24,6.85,66,72.72,0,0,4,7,1,
601,27,M Aboagye,2019-2019,3,3,1,47,24,23.5,53,88.67,0,0,0,3,0,
602,28,VD Adewoye,2019-2019,7,6,2,47,23*,11.75,42,111.9,0,0,2,4,2,
603,29,Delawar Khan,2019-2019,9,8,1,47,17,6.71,40,117.5,0,0,2,0,4,
604,30,D Weston,2019-2019,6,6,0,47,18,7.83,54,87.03,0,0,2,5,1,
605,31,SA Ahmad,2019-2019,5,3,1,46,25,23.0,54,85.18,0,0,0,2,0,
606,33,K Gupta,2019-2019,4,4,1,46,19*,15.33,64,71.87,0,0,1,1,0,
607,35,Z Hoque,2019-2019,3,3,0,46,20,15.33,35,131.42,0,0,0,4,2,
608,37,RJ Trott,2008-2019,15,10,4,46,19,7.66,84,54.76,0,0,2,3,0,
609,39,Anasim Khan,2019-2019,4,3,1,45,22,22.5,39,115.38,0,0,0,2,1,
610,40,S Ateak,2019-2019,3,3,0,45,26,15.0,48,93.75,0,0,0,6,1,
611,41,R Bakum,2019-2019,4,4,0,45,18,11.25,45,100.0,0,0,1,4,2,
612,43,MG Hunter,2019-2019,4,3,0,45,27,15.0,61,73.77,0,0,0,2,1,
613,44,NJ Maddinson,2013-2018,6,4,0,45,34,11.25,35,128.57,0,0,0,6,1,
614,45,Mamoon Latif,2019-2019,3,3,0,45,24,15.0,52,86.53,0,0,0,2,2,
615,46,T Munyonga,2019-2019,5,3,2,45,44,45.0,34,132.35,0,0,0,3,1,
616,47,Nazril Rahman,2019-2019,7,4,1,45,24*,15.0,45,100.0,0,0,0,4,0,
617,48,VE Tembo,2019-2019,6,5,2,45,20*,15.0,52,86.53,0,0,0,2,0,
618,49,Yasar Haroon,2019-2019,4,4,0,45,29,11.25,62,72.58,0,0,0,4,1,
619,0,Zohaib Sarwar,2019-2019,4,4,1,45,33*,15.00,46,97.82,0,0,2,1,4,
620,1,Abrar Bilal,2019-2019,3,2,0,44,41,22.00,24,183.33,0,0,0,6,2,
621,2,AJ Ayannaike,2019-2019,3,3,0,44,33,14.66,43,102.32,0,0,1,4,2,
622,3,AA Banner,2019-2019,3,2,0,44,28,22.00,29,151.72,0,0,0,4,3,
623,5,L Emilio,2019-2019,5,4,0,44,23,11.00,35,125.71,0,0,0,4,1,
624,6,GF Gomes,2019-2019,7,6,1,44,28,8.80,46,95.65,0,0,1,6,1,
625,7,Ismat Ullah,2019-2019,4,4,0,44,42,11.00,47,93.61,0,0,1,4,1,
626,9,S Badree,2012-2018,52,16,10,43,14*,7.16,65,66.15,0,0,0,1,1,
627,11,P Baron,2019-2019,5,3,0,43,27,14.33,38,113.15,0,0,0,0,4,
628,13,P Mishra,2019-2019,3,3,1,43,23,21.50,26,165.38,0,0,0,3,4,
629,14,Mustafizur Rahman,2015-2019,37,15,5,43,15,4.30,55,78.18,0,0,4,3,3,
630,15,Saad Bin Zafar,2019-2019,11,4,1,43,20,14.33,33,130.3,0,0,0,3,2,
631,16,M Sohel Patel,2019-2019,2,2,0,43,40,21.50,39,110.25,0,0,0,2,3,
632,18,F Baaleri,2019-2019,4,4,0,42,17,10.50,60,70.0,0,0,0,6,0,
633,20,Mohamed Mahfooz,2019-2019,11,5,0,42,16,8.40,53,79.24,0,0,0,3,0,
634,21,Muaviath Ganee,2019-2019,5,4,0,42,19,10.50,44,95.45,0,0,0,3,1,
635,22,LE Plunkett,2006-2019,22,11,4,42,18,6.00,34,123.52,0,0,3,3,1,
636,24,M Sert,2019-2019,4,4,1,42,16,14.00,59,71.18,0,0,0,5,0,
637,25,DC Stovell,2019-2019,6,6,1,42,18*,8.40,50,84.0,0,0,1,5,0,
638,26,JK Vifah,2019-2019,3,3,0,42,23,14.00,45,93.33,0,0,0,2,1,
639,27,KJ Young,2019-2019,3,3,2,42,27*,42.00,34,123.52,0,0,0,3,1,
640,28,Abdul-Shakoor Rahimzei,2019-2019,7,5,1,41,17,10.25,33,124.24,0,0,0,2,1,
641,30,Ainool Hafizs,2019-2019,3,3,0,41,21,13.66,39,105.12,0,0,0,3,1,
642,31,A Ashokan,2019-2019,2,2,0,41,34,20.50,29,141.37,0,0,0,2,3,
643,33,K Joshi,2019-2019,4,3,1,41,32*,20.50,41,100.0,0,0,0,4,2,
644,34,B Mavuta,2018-2018,3,3,2,41,28,41.00,23,178.26,0,0,0,3,2,
645,35,D Muhumuza,2019-2019,4,4,0,41,28,10.25,36,113.88,0,0,1,3,1,
646,36,Murid Ekrami,2019-2019,3,2,0,41,28,20.50,48,85.41,0,0,0,2,0,
647,38,Amir Hamza,2013-2017,31,9,5,40,21,10.00,38,105.26,0,0,1,3,1,
648,39,TS Chisoro,2015-2018,12,6,2,40,14*,10.00,42,95.23,0,0,0,2,2,
649,40,BCJ Cutting,2013-2017,7,5,1,40,29,10.00,27,148.14,0,0,1,2,3,
650,41,Fitri Sham,2019-2019,15,10,4,40,15*,6.66,56,71.42,0,0,0,2,0,
651,42,Imran Bulbulia,2019-2019,3,3,0,40,32,13.33,42,95.23,0,0,1,4,1,
652,43,LA Musiani,2019-2019,5,5,1,40,22,10.00,60,66.66,0,0,1,4,0,
653,44,E Packard,2019-2019,4,4,0,40,26,10.00,49,81.63,0,0,0,2,1,
654,45,S Ravikumar,2019-2019,3,3,1,40,29*,20.00,44,90.9,0,0,1,3,1,
655,46,Sahibzada Farhan,2018-2018,3,3,0,40,39,13.33,46,86.95,0,0,1,2,3,
656,47,F Stoman,2019-2019,4,4,1,40,21*,13.33,61,65.57,0,0,0,1,1,
657,48,Talha Khan,2019-2019,1,1,1,40,40*,-,41,97.56,0,0,0,4,0,
658,49,Tariq Aziz,2019-2019,4,4,1,40,23,13.33,47,85.1,0,0,1,1,2,
659,2,Imran Khan,2019-2019,4,3,1,39,36,19.5,32,121.87,0,0,0,2,3,
660,5,P Silas,2019-2019,4,3,0,39,20,13.0,44,88.63,0,0,0,1,1,
661,6,S Tobgay,2019-2019,2,2,0,39,24,19.5,58,67.24,0,0,0,1,0,
662,7,PA van Meekeren,2013-2019,41,9,1,39,18,4.87,40,97.5,0,0,3,0,3,
663,9,Ameer Saiyed,2019-2019,4,3,0,38,22,12.66,47,80.85,0,0,0,4,0,
664,11,D Kansonkho,2019-2019,7,4,0,38,21,9.5,47,80.85,0,0,2,5,0,
665,12,AK Kitchen,2017-2018,5,4,1,38,16,12.66,32,118.75,0,0,0,3,1,
666,13,BF Mailata,2019-2019,4,4,0,38,17,9.5,48,79.16,0,0,0,2,1,
667,14,Mohammad Amin,2019-2019,4,4,2,38,15*,19.0,39,97.43,0,0,0,5,0,
668,17,H Pragji,2019-2019,4,4,1,38,30*,12.66,65,58.46,0,0,0,1,0,
669,20,VD Chandra,2019-2019,3,2,0,37,26,18.5,30,123.33,0,0,0,3,3,
670,21,I Danladi,2019-2019,3,2,0,37,37,18.5,38,97.36,0,0,1,4,1,
671,22,CJ Delany,2019-2019,4,4,0,37,21,9.25,60,61.66,0,0,1,2,0,
672,25,J Hirschi,2019-2019,4,4,0,37,13,9.25,62,59.67,0,0,0,0,0,
673,26,AF Ifill,2019-2019,6,6,1,37,9,7.4,61,60.65,0,0,0,2,1,
674,27,R Kumar,2019-2019,4,3,1,37,32,18.5,27,137.03,0,0,0,6,0,
675,28,D Manani,2019-2019,2,2,1,37,19*,37.0,32,115.62,0,0,0,4,1,
676,29,S Sola,2019-2019,4,3,0,37,18,12.33,36,102.77,0,0,0,1,3,
677,30,CA Soper,2015-2019,13,6,4,37,19,18.5,41,90.24,0,0,0,0,3,
678,31,BM Wheeler,2017-2018,6,4,2,37,30,18.5,28,132.14,0,0,0,3,2,
679,33,TK Curran,2017-2019,15,6,4,36,14*,18.0,27,133.33,0,0,0,0,3,
680,34,J Dunn,2019-2019,4,3,0,36,23,12.0,41,87.8,0,0,0,0,1,
681,35,J Jojo,2019-2019,7,5,3,36,13,18.0,27,133.33,0,0,0,1,1,
682,36,TE Kane,2015-2019,7,3,1,36,26*,18.0,23,156.52,0,0,0,5,0,
683,37,Mohammed Qasim,2016-2017,3,3,1,36,13*,18.0,51,70.58,0,0,0,2,0,
684,38,Mohsin Hub,2019-2019,4,4,1,36,16*,12.0,41,87.8,0,0,1,2,0,
685,40,Abdul Shakoor,2015-2019,6,4,2,35,20*,17.5,40,87.5,0,0,0,3,0,
686,41,MP Biddappa,2019-2019,4,2,1,35,22*,35.0,47,74.46,0,0,0,1,1,
687,43,PJ Cummins,2011-2019,25,11,4,35,13,5.0,37,94.59,0,0,2,2,1,
688,44,SM Curran,2019-2019,5,3,0,35,24,11.66,23,152.17,0,0,0,3,2,
689,45,CD de Lange,2015-2017,8,3,0,35,22,11.66,22,159.09,0,0,0,2,2,
690,46,L Hermida,2019-2019,5,5,2,35,12,11.66,52,67.3,0,0,0,1,0,
691,47,JN Malan,2019-2019,2,2,0,35,33,17.5,37,94.59,0,0,0,3,2,
692,48,VV Morea,2015-2017,5,5,0,35,19,7.0,44,79.54,0,0,1,4,0,
693,0,Nazakat Ali,2019-2019,2,2,0,35,25,17.50,31,112.9,0,0,0,1,3,
694,2,Sultan Ahmed,2017-2019,17,9,3,35,11,5.83,37,94.59,0,0,3,0,2,
695,3,DK Anefie,2019-2019,4,4,2,34,18*,17.00,38,89.47,0,0,1,2,0,
696,6,Nadeem Ahmed,2014-2017,24,9,4,34,10,6.80,55,61.81,0,0,1,2,0,
697,9,S Rakshit,2019-2019,7,5,1,34,15,8.50,44,77.27,0,0,1,5,0,
698,10,Saqib Zulfiqar,2018-2019,6,4,0,34,18,8.50,43,79.06,0,0,0,1,0,
699,11,JTS Sumerauer,2019-2019,8,6,1,34,13,6.80,39,87.17,0,0,0,3,0,
700,12,W Viraliliu,2019-2019,10,7,3,34,13*,8.50,26,130.76,0,0,0,3,2,
701,13,PSP Handscomb,2019-2019,2,2,1,33,20*,33.00,33,100.0,0,0,0,1,0,
702,15,FJ Klaassen,2018-2019,21,7,1,33,13,5.50,34,97.05,0,0,1,2,0,
703,17,CB Mpofu,2008-2019,30,10,6,33,17*,8.25,40,82.5,0,0,3,3,1,
704,18,K Nestor,2019-2019,4,4,1,33,16,11.00,35,94.28,0,0,0,1,2,
705,19,I Pandey,2019-2019,4,4,0,33,22,8.25,50,66.0,0,0,0,5,0,
706,21,Simandeep Singh,2019-2019,7,7,2,33,14*,6.60,32,103.12,0,0,0,2,0,
707,23,AA Westphal,2019-2019,5,5,0,33,24,6.60,40,82.5,0,0,0,3,0,
708,24,Abdul Wahid,2019-2019,5,3,1,32,17*,16.00,26,123.07,0,0,0,4,1,
709,25,KS Bagabena,2019-2019,4,3,2,32,23*,32.00,32,100.0,0,0,1,1,0,
710,29,LHB Harrington-Myers,2019-2019,4,4,1,32,17*,10.66,39,82.05,0,0,1,1,1,
711,30,Khizer Ahmed,2019-2019,5,4,2,32,18,16.00,47,68.08,0,0,0,1,0,
712,32,GH O'Brien,2008-2019,11,6,2,32,7*,8.00,38,84.21,0,0,1,1,2,
713,34,Shiraz Khan,2019-2019,6,5,1,32,16*,8.00,27,118.51,0,0,1,2,1,
714,35,KRP Silva,2019-2019,2,2,0,32,25,16.00,12,266.66,0,0,0,2,3,
715,39,PVD Chameera,2015-2018,19,10,6,31,12,7.75,40,77.5,0,0,2,3,0,
716,40,P Chandran,2019-2019,3,3,0,31,23,10.33,47,65.95,0,0,1,2,1,
717,42,V Ganesan,2019-2019,4,4,0,31,15,7.75,42,73.8,0,0,0,0,0,
718,44,Jasdeep Singh,2019-2019,4,2,0,31,31,15.50,25,124.0,0,0,1,0,3,
719,45,AS Mehmi,2019-2019,3,2,1,31,21*,31.00,29,106.89,0,0,0,2,1,
720,46,RG Mukasa,2019-2019,4,4,0,31,14,7.75,40,77.5,0,0,0,1,0,
721,49,VS Padhaal,2019-2019,5,5,0,31,14,6.20,44,70.45,0,0,0,4,0,
722,0,D Sheeli,2019-2019,3,3,0,31,19,10.33,32,96.87,0,0,0,3,0,
723,1,ACF Stokes,2019-2019,7,5,0,31,16,6.20,26,119.23,0,0,3,6,0,
724,2,Tafseer Ali,2019-2019,5,4,1,31,19,10.33,53,58.49,0,0,0,1,0,
725,3,Zubaidi Zulkifle,2019-2019,4,4,0,31,22,7.75,29,106.89,0,0,1,2,2,
726,4,D Cato,2019-2019,3,3,0,30,20,10.00,59,50.84,0,0,0,2,0,
727,6,LC Le Tissier,2019-2019,9,7,2,30,9,6.00,29,103.44,0,0,0,2,0,
728,7,Mian Mehmood,2019-2019,4,4,0,29,13,7.25,41,70.73,0,0,1,1,1,
729,8,SH Obed,2019-2019,12,7,2,29,9,5.80,41,70.73,0,0,0,1,0,
730,9,S Rossi,2019-2019,5,4,1,29,13,9.66,27,107.4,0,0,0,2,1,
731,10,J Salazar,2019-2019,2,2,1,29,20*,29.00,36,80.55,0,0,0,0,0,
732,11,Taskin Ahmed,2014-2018,19,6,3,29,15*,9.66,31,93.54,0,0,1,3,1,
733,12,DT Tiripano,2016-2019,10,6,2,29,14,7.25,34,85.29,0,0,2,0,2,
734,13,C Zavoiu,2019-2019,3,2,0,29,27,14.50,39,74.35,0,0,0,3,0,
735,14,Ahsan Malik,2012-2017,31,8,5,28,11*,9.33,30,93.33,0,0,1,1,1,
736,15,KK Ahuja,2019-2019,8,7,0,28,8,4.00,50,56.0,0,0,1,1,1,
737,17,EJB Miles,2019-2019,14,4,2,28,16,14.00,31,90.32,0,0,0,1,0,
738,18,A Nehra,2009-2017,27,5,0,28,22,5.60,39,71.79,0,0,3,1,2,
739,20,CW Perchard,2019-2019,15,5,2,28,12,9.33,35,80.0,0,0,0,0,0,
740,21,R Pillai,2019-2019,6,5,1,28,14,7.00,44,63.63,0,0,1,1,0,
741,22,Sharafuddin Ashraf,2015-2019,8,4,1,28,18,9.33,29,96.55,0,0,0,1,1,
742,23,Ahmed Wardak,2019-2019,9,4,2,27,20*,13.50,38,71.05,0,0,0,1,0,
743,24,TP Allen,2019-2019,5,3,1,27,11*,13.50,17,158.82,0,0,0,0,3,
744,25,G Bakiweyem,2019-2019,3,2,1,27,15*,27.00,30,90.0,0,0,0,0,0,
745,26,TC Barker,2019-2019,4,4,0,27,18,6.75,33,81.81,0,0,0,1,0,
746,28,DT Christian,2010-2017,16,7,3,27,9,6.75,28,96.42,0,0,1,2,0,
747,29,RM Dorji,2019-2019,1,1,0,27,27,27.00,23,117.39,0,0,0,0,4,
748,30,H Fennell,2019-2019,5,5,2,27,25*,9.00,23,117.39,0,0,3,4,1,
749,31,S Hongsi,2019-2019,3,3,3,27,11*,-,16,168.75,0,0,0,3,1,
750,34,SS Pathirana,2016-2017,5,5,0,27,14,5.40,24,112.5,0,0,0,3,0,
751,35,Shapoor Zadran,2010-2018,34,13,6,27,13,3.85,65,41.53,0,0,3,0,3,
752,36,Shoaib Qureshi,2019-2019,5,4,0,27,12,6.75,34,79.41,0,0,1,2,0,
753,38,Waqas Ali,2019-2019,2,2,0,27,14,13.50,31,87.09,0,0,0,0,2,
754,40,Arsalan Arif,2019-2019,2,1,1,26,26*,-,11,236.36,0,0,0,5,0,
755,41,TB de Bruyn,2017-2017,2,2,0,26,19,13.00,16,162.5,0,0,0,3,1,
756,43,R Goodwin,2019-2019,4,4,1,26,16*,8.66,36,72.22,0,0,1,1,0,
757,44,Izatullah Dawlatzai,2012-2019,14,3,2,26,24*,26.00,16,162.5,0,0,0,2,2,
758,45,G Kansonkho,2019-2019,6,3,1,26,22,13.00,21,123.8,0,0,1,4,0,
759,47,LN Oluoch,2013-2019,10,6,3,26,7*,8.66,33,78.78,0,0,0,2,0,
760,48,E Otieno,2012-2019,18,8,3,26,8,5.20,48,54.16,0,0,1,0,1,
761,49,TK Saha,2019-2019,4,4,3,26,18*,26.00,23,113.04,0,0,0,1,0,
762,0,Washington Sundar,2017-2019,18,5,3,26,14*,13.00,12,216.66,0,0,1,1,3,
763,1,C Wright,2019-2019,6,5,2,26,16*,8.66,31,83.87,0,0,1,2,0,
764,2,P Agnihotri,2019-2019,2,2,0,25,19,12.50,36,69.44,0,0,0,2,0,
765,3,Asrar Ahmed,2019-2019,3,1,0,25,25,25.00,27,92.59,0,0,0,2,0,
766,8,T Jamtsho,2019-2019,2,2,1,25,19,25.00,27,92.59,0,0,0,1,1,
767,9,JH Kiani,2019-2019,4,3,1,25,13,12.50,36,69.44,0,0,0,2,0,
768,11,WP Masakadza,2015-2019,12,6,3,25,6*,8.33,30,83.33,0,0,0,2,0,
769,12,G Murali,2019-2019,3,3,0,25,14,8.33,44,56.81,0,0,0,1,0,
770,14,SA Okpe,2019-2019,8,6,1,25,12,5.00,46,54.34,0,0,0,1,0,
771,15,C Pengkumta,2019-2019,4,3,2,25,18,25.00,31,80.64,0,0,0,2,0,
772,17,Shahbaz Badar,2019-2019,3,3,0,25,16,8.33,32,78.12,0,0,1,3,0,
773,19,Sidhant Singh,2019-2019,8,6,2,25,12,6.25,26,96.15,0,0,1,1,1,
774,20,A Srivastav,2019-2019,4,4,0,25,21,6.25,37,67.56,0,0,2,2,0,
775,21,Tahir Dar,2019-2019,4,2,0,25,15,12.50,25,100.0,0,0,0,1,2,
776,22,Vinod Kumar,2019-2019,3,3,1,25,17,12.50,30,83.33,0,0,0,3,0,
777,23,Adil Hanif,2019-2019,4,2,0,24,16,12.00,23,104.34,0,0,0,3,0,
778,24,Azyan Farhath,2019-2019,2,2,1,24,22*,24.00,22,109.09,0,0,0,2,0,
779,25,MO Bacarese,2019-2019,3,2,0,24,13,12.00,37,64.86,0,0,0,0,1,
780,26,OO Bascome,2008-2019,3,3,0,24,16,8.00,29,82.75,0,0,0,3,0,
781,27,Bilal Tahir,2019-2019,4,4,0,24,13,6.00,21,114.28,0,0,1,1,1,
782,29,Fareed Ahmad,2016-2019,14,1,1,24,24*,-,15,160.0,0,0,0,4,0,
783,31,B Ivanov,2019-2019,3,3,1,24,14,12.00,55,43.63,0,0,0,1,0,
784,32,Jagjit Singh,2019-2019,4,4,0,24,12,6.00,30,80.0,0,0,0,1,0,
785,33,MJ McClenaghan,2012-2018,29,8,4,24,10,6.00,23,104.34,0,0,2,1,2,
786,35,B Regmi,2014-2019,18,11,4,24,11,3.42,56,42.85,0,0,1,2,0,
787,40,DL Brangman,2019-2019,5,4,2,23,23*,11.50,25,92.0,0,0,2,2,1,
788,41,C Floyd,2019-2019,2,2,1,23,21,23.00,23,100.0,0,0,0,2,1,
789,42,Habib Ahmadzai,2019-2019,5,3,2,23,15*,23.00,29,79.31,0,0,0,2,1,
790,43,Hardev Singh,2019-2019,3,3,0,23,17,7.66,48,47.91,0,0,0,1,0,
791,44,Imran Anwar,2019-2019,4,2,1,23,16*,23.00,22,104.54,0,0,0,2,0,
792,45,RK Inampud,2019-2019,3,3,2,23,17*,23.00,28,82.14,0,0,0,0,1,
793,46,B Kumar,2012-2019,43,9,5,23,9,5.75,29,79.31,0,0,1,0,0,
794,47,S Lamichhane,2018-2019,18,8,4,23,9,5.75,29,79.31,0,0,1,1,0,
795,48,N Master,2019-2019,2,2,0,23,21,11.50,18,127.77,0,0,0,4,0,
796,0,VM Sachdev,2019-2019,2,2,1,23,12*,23.00,31,74.19,0,0,0,2,0,
797,1,Shafiul Islam,2010-2019,17,6,1,23,16,4.60,33,69.69,0,0,1,1,1,
798,2,S Sohal,2019-2019,3,2,0,23,18,11.50,29,79.31,0,0,0,1,1,
799,3,A Zampa,2016-2019,27,6,4,23,9,11.50,26,88.46,0,0,0,2,0,
800,6,DNA Ankrah,2019-2019,4,3,0,22,12,7.33,43,51.16,0,0,0,2,0,
801,7,SE Aquilina,2019-2019,4,4,0,22,14,5.50,30,73.33,0,0,0,2,0,
802,8,Z Arinaitwe,2019-2019,3,3,0,22,15,7.33,26,84.61,0,0,0,3,1,
803,9,TA Boult,2013-2019,27,8,3,22,8,4.40,32,68.75,0,0,1,1,0,
804,10,PC de Silva,2017-2017,2,2,0,22,21,11.00,22,100.0,0,0,0,1,0,
805,13,M Morkel,2007-2017,44,8,5,22,8*,7.33,18,122.22,0,0,0,3,1,
806,14,AK Muslar,2019-2019,3,3,0,22,13,7.33,27,81.48,0,0,1,1,2,
807,18,Abdullah Akbarjan,2019-2019,5,1,0,21,21,21.00,17,123.52,0,0,0,3,0,
808,21,BB Chari,2019-2019,3,3,0,21,19,7.00,31,67.74,0,0,1,4,0,
809,23,L Gregory,2019-2019,5,3,0,21,15,7.00,19,110.52,0,0,1,0,2,
810,24,Imam-ul-Haq,2019-2019,2,2,0,21,14,10.50,25,84.0,0,0,0,2,0,
811,26,Karweng NG,2019-2019,4,3,0,21,14,7.00,30,70.0,0,0,0,0,1,
812,27,LD Madushanka,2019-2019,2,2,0,21,20,10.50,26,80.76,0,0,0,1,0,
813,28,C Mahoney,2019-2019,3,1,0,21,21,21.00,27,77.77,0,0,0,1,0,
814,29,AF Milne,2010-2018,21,8,8,21,10*,-,23,91.3,0,0,0,1,0,
815,31,S Murari,2019-2019,3,3,1,21,16,10.50,20,105.0,0,0,0,2,0,
816,35,SF Tiai,2019-2019,4,3,0,21,11,7.00,22,95.45,0,0,1,2,0,
817,36,E Ul Haq,2019-2019,5,5,0,21,10,4.20,36,58.33,0,0,0,2,0,
818,37,Ainool Haqqiem,2019-2019,4,2,1,20,12,20.00,20,100.0,0,0,0,1,0,
819,39,KK Flowers,2019-2019,3,3,1,20,17,10.00,33,60.6,0,0,1,3,0,
820,40,Z Groenewald,2019-2019,10,4,1,20,13,6.66,35,57.14,0,0,0,0,0,
821,42,Kuldeep Yadav,2017-2019,19,2,1,20,16,20.00,20,100.0,0,0,0,2,0,
822,44,N Pokana,2016-2019,19,7,5,20,8*,10.00,28,71.42,0,0,0,0,0,
823,45,JRMVB Sanjaya,2017-2017,8,5,2,20,6,6.66,18,111.11,0,0,0,3,0,
824,46,JOP Scamans,2019-2019,2,2,1,20,12*,20.00,19,105.26,0,0,0,1,0,
825,48,A Uniyal,2019-2019,3,3,1,20,16*,10.00,24,83.33,0,0,0,2,0,
826,49,C Waiswa,2019-2019,4,2,1,20,14*,20.00,14,142.85,0,0,0,1,1,
827,0,Aziz Mohammad,2019-2019,3,3,1,19,19,9.50,25,76.0,0,0,1,0,2,
828,1,Bilal Ahmed,2019-2019,1,1,0,19,19,19.00,28,67.85,0,0,0,1,1,
829,2,CJ Dala,2018-2019,9,4,3,19,12*,19.00,28,67.85,0,0,0,1,0,
830,4,Ibrahim Hassan,2019-2019,11,7,2,19,12*,3.80,41,46.34,0,0,3,0,0,
831,5,Imran Haider,2019-2019,2,2,0,19,15,9.50,26,73.07,0,0,0,2,1,
832,6,Imran Tahir,2013-2019,38,4,3,19,9*,19.00,18,105.55,0,0,0,1,1,
833,7,Irfan Mir,2019-2019,4,3,2,19,18*,19.00,7,271.42,0,0,1,0,2,
834,8,Jaspreet Singh,2019-2019,5,2,0,19,11,9.50,23,82.6,0,0,0,1,0,
835,9,Junaid Sheikh,2019-2019,5,3,0,19,9,6.33,20,95.0,0,0,0,1,1,
836,12,Mohammad Ahsan,2019-2019,6,3,0,19,8,6.33,20,95.0,0,0,0,0,1,
837,14,SN Netravalkar,2019-2019,8,2,1,19,12,19.00,15,126.66,0,0,0,1,1,
838,15,HM Nicholls,2016-2019,5,4,0,19,7,4.75,28,67.85,0,0,0,2,0,
839,16,AE Paraam,2019-2019,3,2,1,19,10,19.00,10,190.0,0,0,0,2,1,
840,17,AM Phangiso,2012-2018,16,3,0,19,13,6.33,29,65.51,0,0,0,1,0,
841,20,L Shafeeg,2019-2019,3,1,1,19,19*,-,11,172.72,0,0,0,2,1,
842,21,Sufyan Mehmood,2015-2019,3,2,1,19,13*,19.00,41,46.34,0,0,0,2,0,
843,22,KOK Williams,2016-2019,24,7,4,19,13*,6.33,17,111.76,0,0,1,1,1,
844,23,N Yordanov,2019-2019,2,2,1,19,19*,19.00,11,172.72,0,0,1,0,2,
845,24,JD Baker,2019-2019,4,3,3,18,11*,-,14,128.57,0,0,0,3,0,
846,25,V Baskaran,2019-2019,12,5,3,18,14*,9.00,23,78.26,0,0,1,0,0,
847,26,Bilal Khan,2015-2019,32,10,7,18,6*,6.00,28,64.28,0,0,2,1,0,
848,27,LA Collado,2019-2019,4,3,2,18,8,18.00,34,52.94,0,0,0,0,0,
849,30,BE Hendricks,2014-2019,11,3,1,18,12*,9.00,21,85.71,0,0,0,0,1,
850,32,JB Little,2016-2019,11,6,2,18,7,4.50,16,112.5,0,0,2,3,0,
851,33,AK Markram,2019-2019,2,2,0,18,15,9.00,17,105.88,0,0,0,1,1,
852,37,Nazmul Islam,2018-2018,13,4,3,18,7,18.00,17,105.88,0,0,0,2,0,
853,38,D Nikolov,2019-2019,3,2,0,18,13,9.00,33,54.54,0,0,0,2,0,
854,40,PADLR Sandakan,2017-2019,14,4,2,18,10,9.00,24,75.0,0,0,0,2,0,
855,41,S Snater,2018-2019,13,6,1,18,10,3.60,16,112.5,0,0,2,0,1,
856,44,HN Ya France,2019-2019,6,3,0,18,13,6.00,20,90.0,0,0,1,1,1,
857,46,D Bishoo,2011-2019,7,4,2,17,8,8.50,29,58.62,0,0,1,2,0,
858,47,TA Blundell,2017-2018,3,2,1,17,14,17.00,21,80.95,0,0,0,0,0,
859,48,LA Dawson,2016-2018,6,2,1,17,10,17.00,8,212.5,0,0,0,2,1,
860,49,RR Emrit,2018-2018,4,3,0,17,11,5.66,27,62.96,0,0,0,0,1,
861,0,D Gim,2019-2019,6,4,2,17,9*,8.50,32,53.12,0,0,1,0,0,
862,1,S Kizilkaya,2019-2019,4,4,0,17,8,4.25,28,60.71,0,0,1,3,0,
863,2,L Louwrens,2019-2019,1,1,1,17,17*,-,15,113.33,0,0,0,1,1,
864,3,JH Mensah,2019-2019,2,2,0,17,16,8.50,10,170.0,0,0,0,1,1,
865,5,TK Patel,2019-2019,7,3,3,17,14*,-,18,94.44,0,0,0,1,0,
866,6,K Pierre,2018-2019,8,4,2,17,9*,8.50,23,73.91,0,0,0,2,0,
867,7,Rubel Hossain,2009-2018,27,14,9,17,8*,3.40,30,56.66,0,0,4,1,0,
868,8,GR Russ,2019-2019,3,2,1,17,10,17.00,29,58.62,0,0,0,0,0,
869,9,SE Rutherford,2018-2019,3,3,0,17,9,5.66,23,73.91,0,0,0,1,0,
870,10,Shafraz Jaleel,2019-2019,4,3,0,17,17,5.66,14,121.42,0,0,2,1,1,
871,11,JR Singleton,2019-2019,3,3,0,17,7,5.66,26,65.38,0,0,0,3,0,
872,12,T Singye,2019-2019,2,2,0,17,11,8.50,25,68.0,0,0,0,2,0,
873,13,OR Willis,2019-2019,3,3,0,17,15,5.66,32,53.12,0,0,0,0,1,
874,14,Zain ul Tashnam,2019-2019,3,2,1,17,11,17.00,26,65.38,0,0,0,1,0,
875,15,IKO Aboagye,2019-2019,4,4,0,16,7,4.00,37,43.24,0,0,1,0,0,
876,16,A Ahmadhel,2019-2019,3,2,0,16,15,8.00,16,100.0,0,0,0,2,0,
877,17,P Arrighi,2019-2019,5,4,0,16,11,4.00,46,34.78,0,0,1,0,0,
878,18,J Barker,2019-2019,4,2,0,16,16,8.00,16,100.0,0,0,1,3,0,
879,19,KK Bishnoi,2019-2019,3,2,1,16,14,16.00,18,88.88,0,0,0,1,0,
880,20,M Chauhan,2019-2019,2,2,0,16,15,8.00,8,200.0,0,0,0,0,2,
881,21,U Dorji,2019-2019,2,2,0,16,8,8.00,17,94.11,0,0,0,2,0,
882,23,LF Goncalves,2019-2019,3,2,0,16,13,8.00,21,76.19,0,0,0,1,0,
883,24,EH Hutchinson,2019-2019,2,1,0,16,16,16.00,8,200.0,0,0,0,3,0,
884,25,LS Livingstone,2017-2017,2,2,0,16,16,8.00,19,84.21,0,0,1,1,0,
885,27,K Modise,2019-2019,3,3,0,16,10,5.33,16,100.0,0,0,1,2,1,
886,28,Najmul Hossain Shanto,2019-2019,2,2,0,16,11,8.00,17,94.11,0,0,0,1,0,
887,29,F Nsubuga,2019-2019,3,3,1,16,9,8.00,15,106.66,0,0,0,0,2,
888,30,JB Reva,2015-2019,9,4,0,16,7,4.00,22,72.72,0,0,0,1,1,
889,33,DW Steyn,2007-2019,44,10,5,16,5,3.20,23,69.56,0,0,1,1,0,
890,34,Aamer Yamin,2015-2018,2,1,1,15,15*,-,6,250.0,0,0,0,1,1,
891,36,Anowarul Islam,2019-2019,4,4,0,15,9,3.75,20,75.0,0,0,1,1,1,
892,38,TL Chatara,2010-2019,21,3,0,15,8,5.00,18,83.33,0,0,1,1,0,
893,39,K Christie,2019-2019,11,4,2,15,11*,7.50,20,75.0,0,0,0,0,0,
894,40,GL Cloete,2018-2019,2,2,0,15,13,7.50,15,100.0,0,0,0,2,0,
895,41,SS Cottrell,2014-2019,22,7,4,15,4*,5.00,22,68.18,0,0,1,2,0,
896,42,N Dutta,2019-2019,11,3,2,15,12,15.00,13,115.38,0,0,0,1,0,
897,43,KR Ebanks,2019-2019,5,4,0,15,8,3.75,27,55.55,0,0,1,1,0,
898,44,J Hill,2019-2019,4,3,0,15,6,5.00,20,75.0,0,0,0,3,0,
899,46,AC Kose,2019-2019,4,4,0,15,15,3.75,33,45.45,0,0,3,3,0,
900,47,Nasrulla Rana,2019-2019,8,4,2,15,7,7.50,24,62.5,0,0,1,0,0,
901,48,RN Patel,2019-2019,2,2,1,15,15*,15.00,25,60.0,0,0,1,1,0,
902,5,Usama Master,2019-2019,6,2,0,15,15,7.50,13,115.38,0,0,1,1,0,
903,6,JDF Vandersay,2015-2019,10,7,6,15,8*,15.00,17,88.23,0,0,0,2,0,
904,8,Vikramjit Singh,2019-2019,1,1,0,15,15,15.00,13,115.38,0,0,0,1,0,
905,9,Abul Hasan,2012-2018,5,2,0,14,9,7.00,11,127.27,0,0,0,2,0,
906,10,CM Akachukwu,2019-2019,8,5,3,14,8,7.00,15,93.33,0,0,0,0,1,
907,11,Aminul Islam,2019-2019,4,3,2,14,9,14.00,14,100.0,0,0,0,2,0,
908,12,Aqib Iqbal,2019-2019,5,1,0,14,14,14.00,6,233.33,0,0,0,0,1,
909,14,G Dutta,2019-2019,7,6,0,14,8,2.33,28,50.0,0,0,3,1,0,
910,16,Ibrahim Zadran,2019-2019,3,3,0,14,11,4.66,26,53.84,0,0,0,0,1,
911,17,P Jayeshbhai Patel,2019-2019,2,2,1,14,8*,14.00,11,127.27,0,0,0,0,0,
912,18,T Langa,2019-2019,1,1,0,14,14,14.00,9,155.55,0,0,0,2,0,
913,20,JWN Moses,2019-2019,3,3,0,14,9,4.66,20,70.0,0,0,0,0,1,
914,21,N Nankov,2019-2019,3,2,1,14,14,14.00,20,70.0,0,0,0,1,0,
915,24,S Pillai,2019-2019,3,3,0,14,6,4.66,27,51.85,0,0,0,1,0,
916,25,C Prasad,2019-2019,3,3,1,14,11,7.00,29,48.27,0,0,1,1,0,
917,26,Rakibul Hasan,2019-2019,8,4,1,14,5*,4.66,17,82.35,0,0,1,1,0,
918,27,Ravinder Singh,2019-2019,2,2,0,14,8,7.00,13,107.69,0,0,0,0,1,
919,29,Shahzad Muhammad,2019-2019,2,1,0,14,14,14.00,7,200.0,0,0,0,1,1,
920,30,S Smith,2019-2019,5,3,3,14,7*,-,27,51.85,0,0,0,0,0,
921,31,S Varathappan,2019-2019,3,3,0,14,9,4.66,14,100.0,0,0,1,3,0,
922,33,T Whiteman,2019-2019,4,2,1,14,14*,14.00,10,140.0,0,0,1,0,1,
923,35,Abdullah Sheikh,2019-2019,2,2,0,13,11,6.50,18,72.22,0,0,0,1,0,
924,37,M Cope,2019-2019,2,2,1,13,13,13.00,15,86.66,0,0,0,2,0,
925,39,JA Fitzgerald,2019-2019,4,2,2,13,11*,-,10,130.0,0,0,0,0,1,
926,46,Lucky Ali,2019-2019,2,2,0,13,7,6.50,18,72.22,0,0,0,1,0,
927,47,JL Martel,2019-2019,3,1,1,13,13*,-,6,216.66,0,0,0,1,1,
928,48,J Mees,2019-2019,3,3,2,13,7*,13.00,20,65.0,0,0,0,1,0,
929,49,Mohammad Nawaz (3),2016-2018,16,2,0,13,7,6.50,20,65.0,0,0,0,1,0,
930,1,Muhammad Hamayun,2019-2019,4,2,0,13,8,6.50,10,130.0,0,0,0,1,1,
931,2,HC Overdijk,2018-2019,4,1,0,13,13,13.00,7,185.71,0,0,0,2,0,
932,4,JA Richardson,2017-2019,9,3,2,13,7*,13.00,6,216.66,0,0,1,2,0,
933,5,OFJ Tonuu,2019-2019,4,3,1,13,6*,6.50,18,72.22,0,0,0,0,0,
934,7,Washeem Abbas,2019-2019,2,2,1,13,9*,13.00,7,185.71,0,0,0,0,1,
935,9,Arslan Ahmed,2019-2019,3,3,0,12,11,4.00,32,37.5,0,0,1,1,0,
936,10,Asad Mohammad,2019-2019,9,4,1,12,5,4.00,12,100.0,0,0,0,2,0,
937,11,Avi Dixit,2019-2019,1,1,1,12,12*,-,8,150.0,0,0,0,0,1,
938,13,Fazal Niazai,2019-2019,1,1,0,12,12,12.00,15,80.0,0,0,0,1,0,
939,14,CJ Gannon,2019-2019,4,3,2,12,7*,12.00,9,133.33,0,0,0,0,1,
940,15,R Gaznavi,2019-2019,2,2,0,12,8,6.00,12,100.0,0,0,0,2,0,
941,16,H Helva,2019-2019,4,4,0,12,7,3.00,25,48.0,0,0,2,2,0,
942,18,D Mejia,2019-2019,3,1,0,12,12,12.00,10,120.0,0,0,0,2,0,
943,20,A Patel,2019-2019,2,2,1,12,6*,12.00,23,52.17,0,0,0,2,0,
944,21,M Patel,2019-2019,3,3,0,12,8,4.00,15,80.0,0,0,1,1,1,
945,23,Raag Kapur,2019-2019,4,3,1,12,6,6.00,16,75.0,0,0,0,1,0,
946,25,MA Starc,2012-2019,28,6,2,12,4,3.00,18,66.66,0,0,0,0,0,
947,26,Ali Ivan,2019-2019,1,1,0,11,11,11.00,39,28.2,0,0,0,0,0,
948,27,Apon Mustafizur,2019-2019,2,2,0,11,11,5.50,28,39.28,0,0,1,2,0,
949,28,Atif Kamal,2019-2019,4,3,0,11,11,3.66,18,61.11,0,0,2,1,0,
950,29,A Bulow,2019-2019,2,1,0,11,11,11.00,13,84.61,0,0,0,0,1,
951,30,JD Campbell,2019-2019,2,2,0,11,11,5.50,16,68.75,0,0,1,2,0,
952,31,A Djorovic,2019-2019,2,2,0,11,9,5.50,26,42.3,0,0,0,1,0,
953,33,S Goustis,2019-2019,3,1,0,11,11,11.00,19,57.89,0,0,0,0,0,
954,39,OC McCoy,2019-2019,2,2,1,11,10,11.00,10,110.0,0,0,0,1,1,
955,40,Mahedi Hasan,2018-2018,1,1,0,11,11,11.00,11,100.0,0,0,0,1,0,
956,41,WJ Malinda,2019-2019,3,2,1,11,10*,11.00,9,122.22,0,0,0,0,1,
957,43,D Marks,2019-2019,2,2,2,11,6*,-,12,91.66,0,0,0,0,0,
958,44,BJ McCarthy,2017-2018,6,3,1,11,11*,5.50,7,157.14,0,0,2,0,1,
959,46,J Reb,2019-2019,2,2,0,11,9,5.50,14,78.57,0,0,0,1,0,
960,47,Saqlain Arshad,2019-2019,2,1,0,11,11,11.00,10,110.0,0,0,0,0,1,
961,49,Suresh Kumar,2019-2019,2,2,1,11,10*,11.00,15,73.33,0,0,0,0,0,
962,1,P Taylor,2019-2019,7,2,1,11,7*,11.00,9,122.22,0,0,0,1,0,
963,2,H Thaker,2019-2019,1,1,0,11,11,11.00,9,122.22,0,0,0,0,1,
964,3,TCW Veillard,2019-2019,4,2,1,11,8,11.00,17,64.7,0,0,0,0,0,
965,6,Zeshan Arif,2019-2019,4,1,1,11,11*,-,8,137.5,0,0,0,2,0,
966,7,Aftab Ahmed (2),2019-2019,1,1,0,10,10,10.00,13,76.92,0,0,0,1,0,
967,8,R Avery,2019-2019,4,3,0,10,9,3.33,24,41.66,0,0,1,0,0,
968,11,N Pradeep,2016-2019,14,6,5,10,8*,10.00,15,66.66,0,0,1,1,0,
969,12,S Hallett,2019-2019,4,4,0,10,5,2.50,16,62.5,0,0,1,1,0,
970,13,MJ Henry,2014-2017,6,2,1,10,10,10.00,5,200.0,0,0,0,2,0,
971,15,G Kaltongga,2019-2019,3,2,0,10,10,5.00,12,83.33,0,0,1,1,0,
972,17,ZE Matsinhe,2019-2019,7,4,1,10,6*,3.33,17,58.82,0,0,1,0,1,
973,18,Mohammad Ghazanfar,2019-2019,5,2,1,10,6*,10.00,10,100.0,0,0,0,1,0,
974,19,S Nerandzic,2019-2019,2,2,0,10,5,5.00,33,30.3,0,0,0,1,0,
975,23,SL Perera,2019-2019,2,2,0,10,7,5.00,23,43.47,0,0,0,0,0,
976,25,SHA Rance,2017-2019,8,3,0,10,8,3.33,21,47.61,0,0,0,0,0,
977,26,A Rangaswamy,2019-2019,4,3,0,10,7,3.33,13,76.92,0,0,1,0,1,
978,27,D Ravu,2019-2019,17,4,1,10,6,3.33,9,111.11,0,0,1,1,0,
979,28,GA Reynold,2019-2019,3,2,1,10,6*,10.00,10,100.0,0,0,0,0,1,
980,32,MA Wood,2015-2019,5,2,2,10,5*,-,12,83.33,0,0,0,1,0,
981,33,Zahoor Khan,2017-2019,18,5,2,10,6,3.33,19,52.63,0,0,0,1,0,
982,34,Zakir Hasan,2018-2018,1,1,0,10,10,10.00,9,111.11,0,0,0,1,0,
983,35,Abdul Rashid,2019-2019,1,1,0,9,9,9.00,24,37.5,0,0,0,0,0,
984,37,Anam Mollik,2019-2019,2,1,0,9,9,9.00,10,90.0,0,0,0,1,0,
985,38,P Arora,2019-2019,2,2,1,9,6*,9.00,4,225.0,0,0,0,0,1,
986,39,HH Banner,2019-2019,3,2,1,9,6,9.00,10,90.0,0,0,0,0,1,
987,42,BM Duckett,2019-2019,1,1,0,9,9,9.00,7,128.57,0,0,0,1,0,
988,44,H Hiri,2016-2019,5,4,0,9,4,2.25,15,60.0,0,0,0,0,0,
989,45,Iqbal Hussain,2019-2019,15,5,3,9,4*,4.50,10,90.0,0,0,1,1,0,
990,46,NA Janes,2019-2019,2,2,0,9,9,4.50,11,81.81,0,0,1,1,0,
991,47,Kaleemullah,2017-2019,6,2,0,9,9,4.50,7,128.57,0,0,1,0,1,
992,48,JS Kundi,2019-2019,6,4,0,9,6,2.25,22,40.9,0,0,1,1,0,
993,1,Muhammad Asjed,2019-2019,2,1,0,9,9,9.00,9,100.0,0,0,0,1,0,
994,2,Muhammad Wafiq,2019-2019,4,3,1,9,6*,4.50,12,75.0,0,0,1,1,0,
995,5,VRCF Poubel,2019-2019,3,3,2,9,5*,9.00,15,60.0,0,0,0,0,0,
996,6,A Poulose,2017-2017,3,3,0,9,9,3.00,14,64.28,0,0,2,2,0,
997,7,KW Richardson,2014-2019,15,2,0,9,9,4.50,8,112.5,0,0,1,0,0,
998,9,Sakib Hasan,2019-2019,2,2,0,9,8,4.50,7,128.57,0,0,0,1,0,
999,10,MM Sarwar,2019-2019,5,3,1,9,8,4.50,9,100.0,0,0,1,0,1,
1000,11,RAJ Smith,2019-2019,2,1,1,9,9*,-,7,128.57,0,0,0,1,0,
1001,12,B Stanlake,2017-2019,19,2,1,9,7,9.00,12,75.0,0,0,0,0,1,
1002,13,Syazrul Idrus,2019-2019,2,1,1,9,9*,-,8,112.5,0,0,0,1,0,
1003,14,Usman Ali,2019-2019,5,2,1,9,7,9.00,14,64.28,0,0,0,1,0,
1004,15,T Wangchuk jnr,2019-2019,2,2,0,9,9,4.50,17,52.94,0,0,1,2,0,
1005,16,S Waqas Ahmed,2019-2019,5,3,1,9,8*,4.50,20,45.0,0,0,1,0,0,
1006,17,Abbas Saad,2019-2019,2,2,0,8,8,4.00,8,100.0,0,0,1,1,0,
1007,18,S Appu,2019-2019,4,4,1,8,6,2.66,14,57.14,0,0,0,0,0,
1008,19,B Banerjee,2019-2019,6,4,2,8,6*,4.00,18,44.44,0,0,2,0,0,
1009,22,JJ Bumrah,2016-2019,42,6,4,8,7,4.00,13,61.53,0,0,1,1,0,
1010,23,Charanjeet Singh,2019-2019,3,2,2,8,8*,-,9,88.88,0,0,0,1,0,
1011,24,H Dandapani,2019-2019,5,3,2,8,5,8.00,15,53.33,0,0,0,0,0,
1012,27,JD Freyone,2019-2019,4,4,0,8,4,2.00,29,27.58,0,0,2,0,0,
1013,28,Hamza Dar,2019-2019,1,1,0,8,8,8.00,6,133.33,0,0,0,1,0,
1014,30,E Isaneez,2019-2019,3,2,2,8,7*,-,13,61.53,0,0,0,0,0,
1015,32,N Khanna,2019-2019,2,2,0,8,6,4.00,12,66.66,0,0,0,1,0,
1016,33,Khushdil Shah,2019-2019,1,1,0,8,8,8.00,11,72.72,0,0,0,0,0,
1017,34,Kuldeep Singh,2019-2019,4,3,0,8,6,2.66,16,50.0,0,0,0,0,0,
1018,35,NCK Liyanage,2019-2019,6,3,1,8,8,4.00,8,100.0,0,0,1,1,0,
1019,37,M Mooketsi,2019-2019,7,5,0,8,3,1.60,24,33.33,0,0,1,0,0,
1020,38,Mujeeb Ur Rahman,2018-2019,16,3,3,8,8*,-,8,100.0,0,0,0,1,0,
1021,39,WA Peatfield,2019-2019,8,2,1,8,7*,8.00,12,66.66,0,0,0,1,0,
1022,40,CAK Rajitha,2016-2019,10,4,2,8,5,4.00,23,34.78,0,0,1,0,0,
1023,43,Simranjit Singh,2019-2019,1,1,0,8,8,8.00,9,88.88,0,0,0,0,0,
1024,44,O Thomas,2018-2019,10,4,2,8,8*,4.00,11,72.72,0,0,2,2,0,
1025,45,R Vishwanath,2019-2019,2,2,0,8,5,4.00,10,80.0,0,0,0,1,0,
1026,47,Yasar Idrees,2019-2019,1,1,0,8,8,8.00,4,200.0,0,0,0,0,1,
1027,48,Al-Amin Hossain,2013-2019,28,6,4,7,5*,3.50,12,58.33,0,0,1,1,0,
1028,0,Aslam Mohammad,2019-2019,3,1,0,7,7,7.00,8,87.5,0,0,0,1,0,
1029,1,PRP Boissevain,2019-2019,4,2,1,7,7*,7.00,7,100.0,0,0,1,1,0,
1030,4,PKD Chase,2018-2019,12,5,4,7,4,7.00,13,53.84,0,0,0,1,0,
1031,5,DK Dahyabhai Ahir,2019-2019,2,1,0,7,7,7.00,10,70.0,0,0,0,1,0,
1032,6,P Danci,2019-2019,2,2,1,7,5,7.00,11,63.63,0,0,0,1,0,
1033,7,DC Delany,2019-2019,8,2,0,7,7,3.50,6,116.66,0,0,1,0,0,
1034,9,Kushal Malla,2019-2019,3,2,0,7,5,3.50,15,46.66,0,0,0,1,0,
1035,10,RAS Lakmal,2011-2019,11,6,3,7,5*,2.33,11,63.63,0,0,2,1,0,
1036,12,S Mahmood,2019-2019,3,2,1,7,4,7.00,7,100.0,0,0,0,1,0,
1037,13,A Nao,2017-2017,2,2,2,7,7*,-,4,175.0,0,0,0,1,0,
1038,14,Naveen-ul-Haq,2019-2019,4,2,1,7,5,7.00,7,100.0,0,0,0,1,0,
1039,15,J Nyumbu,2018-2018,2,2,2,7,6*,-,11,63.63,0,0,0,1,0,
1040,16,Qadeer Ahmed,2015-2019,10,4,3,7,5*,7.00,12,58.33,0,0,1,1,0,
1041,17,LH Rodrigues,2019-2019,4,3,2,7,4*,7.00,12,58.33,0,0,1,1,0,
1042,21,Suhail Sadiq,2019-2019,2,1,1,7,7*,-,5,140.0,0,0,0,0,1,
1043,22,Sumair Khan,2019-2019,1,1,0,7,7,7.00,6,116.66,0,0,0,1,0,
1044,24,Tanveer Ahmed,2016-2017,5,2,1,7,7*,7.00,11,63.63,0,0,1,1,0,
1045,26,Adnan Mufti,2017-2017,1,1,1,6,6*,-,7,85.71,0,0,0,0,0,
1046,27,U Aryaman Sunil,2019-2019,2,1,0,6,6,6.00,4,150.0,0,0,0,0,1,
1047,28,TS Braat,2019-2019,3,2,0,6,5,3.00,7,85.71,0,0,0,1,0,
1048,30,DE Burgess,2019-2019,4,4,0,6,3,1.50,12,50.0,0,0,2,0,0,
1049,31,SDJJ Dima,2019-2019,4,2,0,6,3,3.00,8,75.0,0,0,0,0,0,
1050,33,L Evile,2019-2019,4,1,0,6,6,6.00,7,85.71,0,0,0,1,0,
1051,35,R Hekure,2019-2019,8,4,1,6,2*,2.00,12,50.0,0,0,0,0,0,
1052,37,Javed Ahmadi,2012-2017,3,2,0,6,6,3.00,7,85.71,0,0,1,1,0,
1053,38,Jay Odedra,2019-2019,3,1,1,6,6*,-,6,100.0,0,0,0,0,0,
1054,39,D Maisuria,2019-2019,6,3,2,6,6*,6.00,11,54.54,0,0,1,0,0,
1055,40,I Master,2019-2019,2,2,0,6,4,3.00,8,75.0,0,0,0,1,0,
1056,41,Z McLaughlin,2019-2019,3,2,2,6,4*,-,16,37.5,0,0,0,0,0,
1057,43,J Mulder,2016-2017,8,4,2,6,5*,3.00,11,54.54,0,0,1,0,0,
1058,44,GBW Munaweera,2019-2019,5,1,1,6,6*,-,7,85.71,0,0,0,0,0,
1059,45,L Ngidi,2017-2018,7,2,1,6,4,6.00,9,66.66,0,0,0,0,0,
1060,46,Omar Hayat,2019-2019,2,2,0,6,5,3.00,4,150.0,0,0,0,0,0,
1061,48,Shoaib Ali,2019-2019,5,2,0,6,6,3.00,10,60.0,0,0,1,0,0,
1062,49,OF Smith,2018-2018,2,1,0,6,6,6.00,5,120.0,0,0,0,1,0,
1063,1,HER Tyler,2019-2019,2,1,0,6,6,6.00,9,66.66,0,0,0,0,0,
1064,2,TC Vine,2019-2019,6,1,1,6,6*,-,7,85.71,0,0,0,1,0,
1065,3,CA Young,2015-2019,26,7,5,6,2*,3.00,11,54.54,0,0,0,0,0,
1066,4,SA Abbott,2014-2019,4,1,0,5,5,5.00,8,62.5,0,0,0,1,0,
1067,6,Anwar Rahman,2019-2019,9,4,1,5,3*,1.66,8,62.5,0,0,1,0,0,
1068,7,Arslan Ahmed,2019-2019,3,1,0,5,5,5.00,13,38.46,0,0,0,0,0,
1069,9,Atif Mehmood,2019-2019,9,2,2,5,5*,-,8,62.5,0,0,0,0,0,
1070,10,MA Baig,2019-2019,7,4,0,5,5,1.25,12,41.66,0,0,3,1,0,
1071,11,A Bhagwat,2019-2019,4,4,0,5,3,1.25,16,31.25,0,0,1,0,0,
1072,12,A Bohara,2019-2019,17,5,2,5,3*,1.66,12,41.66,0,0,2,0,0,
1073,14,T Caruana,2019-2019,2,1,0,5,5,5.00,13,38.46,0,0,0,0,0,
1074,15,Hasheem Shahzad,2019-2019,2,2,0,5,5,2.50,9,55.55,0,0,1,1,0,
1075,16,Imran Ali,2019-2019,4,2,1,5,5*,5.00,6,83.33,0,0,1,0,0,
1076,17,Junaid Siddique,2019-2019,8,4,1,5,3,1.66,17,29.41,0,0,1,0,0,
1077,18,I Katzarski,2019-2019,3,2,0,5,3,2.50,12,41.66,0,0,0,0,0,
1078,19,D Kegasitswe,2019-2019,4,2,2,5,4*,-,11,45.45,0,0,0,0,0,
1079,20,TCR Kimber,2019-2019,3,3,0,5,2,1.66,13,38.46,0,0,0,0,0,
1080,21,A Krishna,2019-2019,4,2,1,5,4,5.00,3,166.66,0,0,0,1,0,
1081,22,AM McCarthy,2018-2018,1,1,0,5,5,5.00,8,62.5,0,0,0,0,0,
1082,25,Mohammad Hasnain,2019-2019,4,3,2,5,4*,5.00,12,41.66,0,0,0,1,0,
1083,27,A Morris,2019-2019,6,4,2,5,3*,2.50,17,29.41,0,0,1,0,0,
1084,28,GRD Munasinghe,2019-2019,8,4,1,5,4*,1.66,13,38.46,0,0,2,1,0,
1085,31,A Nanda,2019-2019,3,1,0,5,5,5.00,5,100.0,0,0,0,1,0,
1086,32,GM Ntambalika,2019-2019,3,1,0,5,5,5.00,11,45.45,0,0,0,0,0,
1087,33,Parvez Rasool,2017-2017,1,1,0,5,5,5.00,6,83.33,0,0,0,0,0,
1088,34,NK Patel,2019-2019,4,2,1,5,5*,5.00,10,50.0,0,0,1,0,0,
1089,35,D Paterson,2017-2018,8,2,1,5,4*,5.00,2,250.0,0,0,0,1,0,
1090,37,JE Pitcher,2019-2019,3,1,1,5,5*,-,4,125.0,0,0,0,0,0,
1091,39,K Rabada,2014-2019,21,4,2,5,5*,2.50,12,41.66,0,0,2,0,0,
1092,41,BM Scholtz,2019-2019,14,4,3,5,3*,5.00,10,50.0,0,0,1,0,0,
1093,43,M Spry,2019-2019,4,2,1,5,3*,5.00,11,45.45,0,0,0,0,0,
1094,45,BM Tickner,2019-2019,3,1,1,5,5*,-,6,83.33,0,0,0,0,0,
1095,47,C Vorster,2019-2019,1,1,0,5,5,5.00,8,62.5,0,0,0,0,0,
1096,48,TD Astle,2016-2019,3,2,0,4,3,2.00,10,40.0,0,0,0,0,0,
1097,49,Baljit Singh,2019-2019,8,3,0,4,3,1.33,16,25.0,0,0,1,0,0,
1098,1,P Bharat Patel,2019-2019,2,1,1,4,4*,-,7,57.14,0,0,0,0,0,
1099,2,SR Bhudia,2019-2019,4,3,1,4,3,2.00,16,25.0,0,0,1,0,0,
1100,5,PR Brown,2019-2019,4,1,1,4,4*,-,9,44.44,0,0,0,0,0,
1101,7,YS Chahal,2016-2019,36,3,2,4,3*,4.00,9,44.44,0,0,0,0,0,
1102,10,AB Dursak,2019-2019,4,4,0,4,3,1.00,24,16.66,0,0,2,0,0,
1103,11,C Emmott,2019-2019,2,2,0,4,4,2.00,11,36.36,0,0,1,0,0,
1104,13,K Gore,2019-2019,4,1,1,4,4*,-,3,133.33,0,0,0,0,0,
1105,14,Ibrahim Rizan,2019-2019,5,3,1,4,3,2.00,14,28.57,0,0,0,0,0,
1106,15,Imran Haider,2016-2019,11,2,2,4,4*,-,8,50.0,0,0,0,0,0,
1107,16,H Ivanov,2019-2019,3,1,0,4,4,4.00,6,66.66,0,0,0,0,0,
1108,18,MF Koc,2019-2019,2,2,1,4,4*,4.00,15,26.66,0,0,1,0,0,
1109,19,CBRLS Kumara,2019-2019,3,1,0,4,4,4.00,2,200.0,0,0,0,1,0,
1110,21,NM Lyon,2016-2018,2,1,1,4,4*,-,4,100.0,0,0,0,0,0,
1111,24,Mohammad Irfan,2012-2019,22,4,4,4,2*,-,8,50.0,0,0,0,0,0,
1112,26,Muhammad Khurram,2019-2019,5,3,0,4,3,1.33,20,20.0,0,0,1,0,0,
1113,27,Muhammad Rafique,2019-2019,2,1,0,4,4,4.00,5,80.0,0,0,0,0,0,
1114,31,Pavandeep Singh,2019-2019,10,4,3,4,2*,4.00,7,57.14,0,0,0,0,0,
1115,32,Qasim Zia,2019-2019,3,1,1,4,4*,-,1,400.0,0,0,0,1,0,
1116,34,CB Sole,2017-2018,4,1,1,4,4*,-,2,200.0,0,0,0,1,0,
1117,35,CR Suryawanshi,2019-2019,3,2,0,4,4,2.00,6,66.66,0,0,1,0,0,
1118,36,K Suttisan,2019-2019,2,2,0,4,4,2.00,5,80.0,0,0,1,1,0,
1119,39,T Tshose,2019-2019,2,2,2,4,4*,-,6,66.66,0,0,0,0,0,
1120,40,T Ulutuna,2019-2019,3,3,0,4,4,1.33,9,44.44,0,0,2,1,0,
1121,41,S Vashisht,2019-2019,3,1,0,4,4,4.00,6,66.66,0,0,0,1,0,
1122,42,Abu Jayed,2018-2018,3,2,0,3,2,1.50,7,42.85,0,0,0,0,0,
1123,43,GJ Agius,2019-2019,2,2,0,3,3,1.50,15,20.0,0,0,1,0,0,
1124,44,Amir Hayat,2018-2019,4,2,0,3,3,1.50,6,50.0,0,0,1,0,0,
1125,45,Amjad Mahboob,2019-2019,11,5,1,3,1*,0.75,14,21.42,0,0,2,0,0,
1126,46,A Aspiotis,2019-2019,3,1,1,3,3*,-,4,75.0,0,0,0,0,0,
1127,48,P Bhart,2019-2019,5,3,2,3,2*,3.00,17,17.64,0,0,1,0,0,
1128,49,S Byrne,2019-2019,2,2,0,3,3,1.50,9,33.33,0,0,1,0,0,
1129,1,D de la Puente,2019-2019,2,2,1,3,2*,3.00,7,42.85,0,0,0,0,0,
1130,2,ST de Silva,2017-2017,3,2,0,3,3,1.50,7,42.85,0,0,1,0,0,
1131,3,Fahad Ali,2019-2019,3,3,0,3,2,1.00,14,21.42,0,0,1,0,0,
1132,5,Fida Hussain,2019-2019,2,1,1,3,3*,-,4,75.0,0,0,0,0,0,
1133,6,WT Gavera,2015-2017,6,2,0,3,2,1.50,6,50.0,0,0,0,0,0,
1134,7,JOA Gordon,2013-2019,7,2,2,3,2*,-,6,50.0,0,0,0,0,0,
1135,9,Ibrahim Nashath,2019-2019,3,2,1,3,3*,3.00,5,60.0,0,0,1,0,0,
1136,10,Javed Maroofkhail,2019-2019,2,1,0,3,3,3.00,8,37.5,0,0,0,0,0,
1137,14,Mahmad Data,2019-2019,2,1,0,3,3,3.00,5,60.0,0,0,0,0,0,
1138,16,R Olipa,2019-2019,2,1,0,3,3,3.00,4,75.0,0,0,0,0,0,
1139,17,M Patel,2019-2019,2,1,1,3,3*,-,6,50.0,0,0,0,0,0,
1140,18,LN Rajbanshi,2018-2019,12,2,1,3,3,3.00,7,42.85,0,0,0,0,0,
1141,21,LA Simango,2019-2019,3,2,1,3,2,3.00,4,75.0,0,0,0,0,0,
1142,23,MJ Swepson,2018-2018,1,1,1,3,3*,-,4,75.0,0,0,0,0,0,
1143,24,Tauqeer Hussain,2019-2019,4,1,1,3,3*,-,3,100.0,0,0,0,0,0,
1144,25,R Ulutuna,2019-2019,4,4,0,3,1,0.75,16,18.75,0,0,1,0,0,
1145,26,SMK Waththage,2019-2019,5,1,0,3,3,3.00,5,60.0,0,0,0,0,0,
1146,28,Abdullah Mahmood,2019-2019,1,1,0,2,2,2.00,2,100.0,0,0,0,0,0,
1147,29,AG Achar,2019-2019,3,2,2,2,2*,-,2,100.0,0,0,0,0,0,
1148,30,N Advani,2019-2019,1,1,0,2,2,2.00,4,50.0,0,0,0,0,0,
1149,31,Aftab Alam,2012-2018,12,5,3,2,1*,1.00,9,22.22,0,0,1,0,0,
1150,32,Areeb Quadir,2019-2019,2,1,0,2,2,2.00,12,16.66,0,0,0,0,0,
1151,33,Arshad Hayat,2019-2019,6,2,0,2,2,1.00,7,28.57,0,0,1,0,0,
1152,35,Bashir Shah,2019-2019,4,2,2,2,1*,-,2,100.0,0,0,0,0,0,
1153,39,P Buccimazza,2019-2019,4,2,0,2,1,1.00,13,15.38,0,0,0,0,0,
1154,40,A Carthew,2019-2019,4,1,1,2,2*,-,2,100.0,0,0,0,0,0,
1155,41,S Chophel,2019-2019,1,1,1,2,2*,-,5,40.0,0,0,0,0,0,
1156,42,H Dajc,2019-2019,2,2,1,2,2*,2.00,3,66.66,0,0,1,0,0,
1157,44,MVT Fernando,2017-2017,1,1,0,2,2,2.00,2,100.0,0,0,0,0,0,
1158,45,C Fry,2019-2019,3,1,0,2,2,2.00,6,33.33,0,0,0,0,0,
1159,46,BD Glover,2019-2019,19,4,3,2,1*,2.00,8,25.0,0,0,1,0,0,
1160,47,Jandu Hamoud,2019-2019,6,1,0,2,2,2.00,4,50.0,0,0,0,0,0,
1161,0,A Husain,2019-2019,5,1,1,2,2*,-,1,200.0,0,0,0,0,0,
1162,1,Ilyas Ahmed,2019-2019,6,3,2,2,1*,2.00,3,66.66,0,0,0,0,0,
1163,3,S Kansoy,2019-2019,4,4,0,2,2,0.50,7,28.57,0,0,3,0,0,
1164,6,I Lisboa,2019-2019,1,1,0,2,2,2.00,3,66.66,0,0,0,0,0,
1165,7,J Long,2019-2019,2,1,1,2,2*,-,6,33.33,0,0,0,0,0,
1166,8,T Lungameni,2019-2019,6,1,1,2,2*,-,2,100.0,0,0,0,0,0,
1167,10,Muslim Yar,2019-2019,7,1,0,2,2,2.00,6,33.33,0,0,0,0,0,
1168,11,S Nadigotla,2019-2019,2,1,0,2,2,2.00,6,33.33,0,0,0,0,0,
1169,13,W Nalisa,2019-2019,9,3,2,2,1*,2.00,4,50.0,0,0,1,0,0,
1170,14,Nazwan Ismail,2019-2019,3,1,1,2,2*,-,2,100.0,0,0,0,0,0,
1171,15,A Ndlovu,2019-2019,3,1,0,2,2,2.00,4,50.0,0,0,0,0,0,
1172,16,K Nima,2019-2019,1,1,1,2,2*,-,3,66.66,0,0,0,0,0,
1173,17,Noman Kamawi,2019-2019,1,1,0,2,2,2.00,7,28.57,0,0,0,0,0,
1174,19,S Saeed,2019-2019,5,1,0,2,2,2.00,4,50.0,0,0,0,0,0,
1175,20,Saqlain Ali,2019-2019,2,1,0,2,2,2.00,6,33.33,0,0,0,0,0,
1176,21,Shoaib Gazi Hossain,2019-2019,4,1,0,2,2,2.00,5,40.0,0,0,0,0,0,
1177,22,Suhrid Roy,2019-2019,1,1,1,2,2*,-,3,66.66,0,0,0,0,0,
1178,23,A Tripathi,2019-2019,3,2,2,2,1*,-,4,50.0,0,0,0,0,0,
1179,25,Usman Shinwari,2013-2019,16,3,3,2,2*,-,3,66.66,0,0,0,0,0,
1180,26,S Vijayakumar,2019-2019,9,2,0,2,1,1.00,5,40.0,0,0,0,0,0,
1181,28,Waqar Khan,2019-2019,4,2,1,2,2*,2.00,3,66.66,0,0,1,0,0,
1182,29,Waqas Raja,2019-2019,1,1,1,2,2*,-,2,100.0,0,0,0,0,0,
1183,31,BTJ Wheal,2016-2017,5,2,2,2,2*,-,2,100.0,0,0,0,0,0,
1184,32,UT Yadav,2012-2019,7,1,0,2,2,2.00,4,50.0,0,0,0,0,0,
1185,34,Z Abbasi,2019-2019,1,1,0,1,1,1.00,5,20.0,0,0,0,0,0,
1186,35,KK Ahmed,2018-2019,14,1,1,1,1*,-,1,100.0,0,0,0,0,0,
1187,36,J Allen,2019-2019,2,2,1,1,1*,1.00,4,25.0,0,0,1,0,0,
1188,37,HS Alta,2019-2019,4,4,1,1,1*,0.33,10,10.0,0,0,3,0,0,
1189,39,B Angeltti,2019-2019,3,1,0,1,1,1.00,4,25.0,0,0,0,0,0,
1190,40,V Ateak,2019-2019,4,1,1,1,1*,-,2,50.0,0,0,0,0,0,
1191,41,Awais Malik,2019-2019,11,4,0,1,1,0.25,4,25.0,0,0,3,0,0,
1192,42,Babar Ali,2019-2019,3,1,1,1,1*,-,1,100.0,0,0,0,0,0,
1193,44,S Bhari,2019-2019,6,3,2,1,1*,1.00,5,20.0,0,0,1,0,0,
1194,47,N Buckle,2019-2019,3,1,1,1,1*,-,1,100.0,0,0,0,0,0,
1195,48,DL Chahar,2018-2019,10,2,2,1,1*,-,1,100.0,0,0,0,0,0,
1196,2,B Dugic,2019-2019,2,1,0,1,1,1.00,4,25.0,0,0,0,0,0,
1197,3,GDR Eranga,2019-2019,9,1,0,1,1,1.00,1,100.0,0,0,0,0,0,
1198,4,AC Evans,2015-2019,27,6,1,1,1*,0.20,10,10.0,0,0,5,0,0,
1199,5,LH Ferguson,2017-2019,8,1,0,1,1,1.00,3,33.33,0,0,0,0,0,
1200,6,P Florin,2019-2019,4,2,1,1,1*,1.00,1,100.0,0,0,1,0,0,
1201,7,MD Garratt,2019-2019,4,2,1,1,1,1.00,5,20.0,0,0,0,0,0,
1202,8,A Gavde,2019-2019,1,1,0,1,1,1.00,6,16.66,0,0,0,0,0,
1203,9,O Goker,2019-2019,1,1,1,1,1*,-,1,100.0,0,0,0,0,0,
1204,11,GM Hyde,2019-2019,3,1,0,1,1,1.00,6,16.66,0,0,0,0,0,
1205,14,B Khumalo,2019-2019,3,1,0,1,1,1.00,3,33.33,0,0,0,0,0,
1206,16,VJ Kingma,2016-2019,4,2,1,1,1,1.00,5,20.0,0,0,0,0,0,
1207,18,A Lagos,2019-2019,1,1,1,1,1*,-,4,25.0,0,0,0,0,0,
1208,21,R Mahajan,2019-2019,3,1,1,1,1*,-,1,100.0,0,0,0,0,0,
1209,24,MR Montfort,2019-2019,1,1,1,1,1*,-,1,100.0,0,0,0,0,0,
1210,27,B Muzarabani,2018-2018,6,3,2,1,1*,1.00,5,20.0,0,0,1,0,0,
1211,29,A Nathwani,2019-2019,5,1,1,1,1*,-,1,100.0,0,0,0,0,0,
1212,30,R Neale,2019-2019,3,2,0,1,1,0.50,6,16.66,0,0,1,0,0,
1213,37,KB Ratilal,2019-2019,3,1,1,1,1*,-,2,50.0,0,0,0,0,0,
1214,38,EB Ringera,2019-2019,1,1,0,1,1,1.00,3,33.33,0,0,0,0,0,
1215,39,WJR Robertson,2019-2019,6,2,2,1,1*,-,2,50.0,0,0,0,0,0,
1216,40,BA Sambo,2019-2019,2,1,1,1,1*,-,1,100.0,0,0,0,0,0,
1217,41,O Sam Arthur,2019-2019,3,2,1,1,1,1.00,1,100.0,0,0,0,0,0,
1218,43,M Sarenac,2019-2019,2,1,0,1,1,1.00,2,50.0,0,0,0,0,0,
1219,44,Sayed Shirzad,2015-2019,4,1,0,1,1,1.00,2,50.0,0,0,0,0,0,
1220,45,ZK Shem,2019-2019,5,2,2,1,1*,-,4,25.0,0,0,0,0,0,
1221,47,KM Silva,2019-2019,3,2,0,1,1,0.50,6,16.66,0,0,1,0,0,
1222,48,Sohail Khan,2008-2017,5,1,1,1,1*,-,1,100.0,0,0,0,0,0,
1223,0,AL Stephen,2019-2019,2,1,0,1,1,1.00,2,50.00,0,0,0,0,0,
1224,4,T Turan,2019-2019,4,4,0,1,1,0.25,17,5.88,0,0,3,0,0,
1225,5,R van der Merwe,2019-2019,5,2,2,1,1*,-,1,100.00,0,0,0,0,0,
1226,7,Wasim Ali,2019-2019,1,1,0,1,1,1.00,4,25.00,0,0,0,0,0,
1227,9,JD Wildermuth,2018-2018,2,1,1,1,1*,-,1,100.00,0,0,0,0,0,
1228,11,Zaki Ul Hassan,2019-2019,3,1,0,1,1,1.00,2,50.00,0,0,0,0,0,
1229,12,Zeeshan Abbas,2019-2019,1,1,0,1,1,1.00,4,25.00,0,0,0,0,0,
1230,13,Abdul Shakoor,2019-2019,2,1,0,0,0,0.00,3,0.00,0,0,1,0,0,
1231,14,AS Abioye,2019-2019,5,1,1,0,0*,-,0,-,0,0,0,0,0,
1232,16,C Akyuz,2019-2019,2,2,0,0,0,0.00,3,0.00,0,0,2,0,0,
1233,17,Ali Naqi,2019-2019,4,1,1,0,0*,-,0,-,0,0,0,0,0,
1234,18,MA Aponso,2018-2018,3,1,0,0,0,0.00,2,0.00,0,0,1,0,0,
1235,19,S Arachchige,2019-2019,4,1,0,0,0,0.00,2,0.00,0,0,1,0,0,
1236,20,Ashiqullah Said,2019-2019,3,1,0,0,0,0.00,1,0.00,0,0,1,0,0,
1237,21,SK Atai,2019-2019,2,1,0,0,0,0.00,1,0.00,0,0,1,0,0,
1238,24,M Bhanuka,2019-2019,2,1,0,0,0,0.00,1,0.00,0,0,1,0,0,
1239,30,I Civric,2019-2019,1,1,0,0,0,0.00,1,0.00,0,0,1,0,0,
1240,31,S Dalton,2019-2019,3,1,0,0,0,0.00,1,0.00,0,0,1,0,0,
1241,32,N Dipakkumar Patel,2019-2019,3,1,0,0,0,0.00,0,-,0,0,1,0,0,
1242,33,JN Dorji,2019-2019,1,1,0,0,0,0.00,0,-,0,0,1,0,0,
1243,34,Ehsan Nawaz,2014-2017,5,1,0,0,0,0.00,2,0.00,0,0,1,0,0,
1244,35,M Faheem,2019-2019,4,1,0,0,0,0.00,2,0.00,0,0,1,0,0,
1245,36,Fakhrul Mohon,2019-2019,4,1,0,0,0,0.00,0,-,0,0,1,0,0,
1246,37,Fiaz Ahmad,2019-2019,3,1,1,0,0*,-,0,-,0,0,0,0,0,
1247,38,GC Galanis,2019-2019,2,1,0,0,0,0.00,1,0.00,0,0,1,0,0,
1248,39,Gershon Yusuf,2019-2019,1,1,0,0,0,0.00,1,0.00,0,0,1,0,0,
1249,40,L Gharasim,2019-2019,2,1,0,0,0,0.00,1,0.00,0,0,1,0,0,
1250,41,M Goonetilleke,2019-2019,1,1,0,0,0,0.00,1,0.00,0,0,1,0,0,
1251,46,P Kerai,2019-2019,6,1,0,0,0,0.00,1,0.00,0,0,1,0,0,
1252,49,CA Liyanage,2019-2019,2,2,1,0,0*,0.00,1,0.00,0,0,1,0,0,
1253,0,K Loday,2019-2019,1,1,1,0,0*,-,1,0.00,0,0,0,0,0,
1254,3,OM Marshall,2019-2019,3,1,0,0,0,0.00,3,0.00,0,0,1,0,0,
1255,4,M Meade,2019-2019,1,1,0,0,0,0.00,2,0.00,0,0,1,0,0,
1256,6,Michael Nazir,2019-2019,1,1,0,0,0,0.00,2,0.00,0,0,1,0,0,
1257,7,TS Mills,2016-2018,5,1,0,0,0,0.00,2,0.00,0,0,1,0,0,
1258,8,A Mishra,2010-2017,10,1,0,0,0,0.00,0,-,0,0,1,0,0,
1259,9,Mohameed Taiwo,2019-2019,2,1,1,0,0*,-,0,-,0,0,0,0,0,
1260,12,Mohammed Nadeem,2019-2019,15,2,2,0,0*,-,1,0.00,0,0,0,0,0,
1261,15,Musa Shaheen,2019-2019,1,1,0,0,0,0.00,3,0.00,0,0,1,0,0,
1262,17,Naveed Ahmed,2019-2019,7,1,0,0,0,0.00,1,0.00,0,0,1,0,0,
1263,18,Nawaf Ahmed,2019-2019,1,1,1,0,0*,-,0,-,0,0,0,0,0,
1264,21,Noor Momand,2019-2019,2,1,1,0,0*,-,0,-,0,0,0,0,0,
1265,22,L Nussbaumer,2019-2019,1,1,0,0,0,0.00,1,0.00,0,0,1,0,0,
1266,23,A Orfila,2019-2019,1,1,0,0,0,0.00,2,0.00,0,0,1,0,0,
1267,26,T Phaswana,2019-2019,1,1,0,0,0,0.00,3,0.00,0,0,1,0,0,
1268,27,Rahman Ademi,2019-2019,2,1,1,0,0*,-,4,0.00,0,0,0,0,0,
1269,29,R Rivas,2019-2019,3,1,0,0,0,0.00,1,0.00,0,0,1,0,0,
1270,30,Rumman Raees,2016-2018,8,1,1,0,0*,-,0,-,0,0,0,0,0,
1271,31,NA Saini,2019-2019,5,1,1,0,0*,-,1,0.00,0,0,0,0,0,
1272,32,Sajid Liaqat,2019-2019,2,1,1,0,0*,-,0,-,0,0,0,0,0,
1273,34,I Sawmy,2019-2019,2,2,1,0,0*,0.00,2,0.00,0,0,1,0,0,
1274,35,Shaheen Shah Afridi,2018-2019,10,1,1,0,0*,-,2,0.00,0,0,0,0,0,
1275,38,T Shamsi,2017-2019,16,3,2,0,0*,0.00,5,0.00,0,0,1,0,0,
1276,39,B Shikongo,2019-2019,11,1,0,0,0,0.00,1,0.00,0,0,1,0,0,
1277,40,BA Simango,2019-2019,2,1,0,0,0,0.00,2,0.00,0,0,1,0,0,
1278,41,M Simmons,2019-2019,2,1,0,0,0,0.00,2,0.00,0,0,1,0,0,
1279,42,M Simpson-Parker,2019-2019,3,1,0,0,0,0.00,2,0.00,0,0,1,0,0,
1280,44,S Singh,2019-2019,1,1,0,0,0,0.00,9,0.00,0,0,1,0,0,
1281,45,L Sipamla,2019-2019,5,1,0,0,0,0.00,1,0.00,0,0,1,0,0,
1282,46,S Soosiyakumar,2019-2019,1,1,0,0,0,0.00,2,0.00,0,0,1,0,0,
1283,47,ES Soto,2019-2019,1,1,0,0,0,0.00,2,0.00,0,0,1,0,0,
1284,48,L Sreekumar,2017-2017,1,1,0,0,0,0.00,1,0.00,0,0,1,0,0,
1285,49,H Ssenyondo,2019-2019,4,1,1,0,0*,-,0,-,0,0,0,0,0,
1286,0,Taijul Islam,2019-2019,2,1,1,0,0*,-,1,0.00,0,0,0,0,0,
1287,1,Ziaur Rehman,2019-2019,1,1,0,0,0,0.00,4,0.00,0,0,1,0,0,
1288,3,Zulqarnain Haider,2019-2019,5,1,0,0,0,0.00,0,-,0,0,1,0,0,
1289,6,RA Abolarin,2019-2019,1,-,-,-,-,-,-,-,-,-,-,-,-,
1290,7,F Achelam,2019-2019,1,-,-,-,-,-,-,-,-,-,-,-,-,
1291,10,A Anemogiannis,2019-2019,1,-,-,-,-,-,-,-,-,-,-,-,-,
1292,12,JC Archer,2019-2019,1,-,-,-,-,-,-,-,-,-,-,-,-,
1293,19,JT Ball,2018-2018,2,-,-,-,-,-,-,-,-,-,-,-,-,
1294,20,S Bantzas,2019-2019,1,-,-,-,-,-,-,-,-,-,-,-,-,
1295,23,D Bau,2017-2017,1,-,-,-,-,-,-,-,-,-,-,-,-,
1296,24,JP Behrendorff,2017-2019,7,-,-,-,-,-,-,-,-,-,-,-,-,
1297,25,CC Blake,2019-2019,3,-,-,-,-,-,-,-,-,-,-,-,-,
1298,30,RD Chahar,2019-2019,1,-,-,-,-,-,-,-,-,-,-,-,-,
1299,31,N Chejay,2019-2019,1,-,-,-,-,-,-,-,-,-,-,-,-,
1300,32,C Chete,2019-2019,2,-,-,-,-,-,-,-,-,-,-,-,-,
1301,34,MS Crane,2017-2017,2,-,-,-,-,-,-,-,-,-,-,-,-,
1302,39,V Dikov,2019-2019,3,-,-,-,-,-,-,-,-,-,-,-,-,
1303,40,K Dorji,2019-2019,2,-,-,-,-,-,-,-,-,-,-,-,-,
1304,42,BT Foakes,2019-2019,1,-,-,-,-,-,-,-,-,-,-,-,-,
1305,43,BC Fortuin,2019-2019,2,-,-,-,-,-,-,-,-,-,-,-,-,
1306,44,O Fournier,2019-2019,2,-,-,-,-,-,-,-,-,-,-,-,-,
1307,45,R Frylinck,2017-2018,3,-,-,-,-,-,-,-,-,-,-,-,-,
1308,47,Garret Banner,2019-2019,1,-,-,-,-,-,-,-,-,-,-,-,-,
1309,49,S Goud,2019-2019,1,-,-,-,-,-,-,-,-,-,-,-,-,
1310,2,Hamza Tahir,2018-2019,11,-,-,-,-,-,-,-,-,-,-,-,-,
1311,4,RJ Hatchman,2019-2019,1,-,-,-,-,-,-,-,-,-,-,-,-,
1312,6,J Hurley,2019-2019,3,-,-,-,-,-,-,-,-,-,-,-,-,
1313,7,Ibrahim Khan,2019-2019,1,-,-,-,-,-,-,-,-,-,-,-,-,
1314,9,Imran Ashraf,2019-2019,3,-,-,-,-,-,-,-,-,-,-,-,-,
1315,10,D Jakiel,2019-2019,2,-,-,-,-,-,-,-,-,-,-,-,-,
1316,12,GJ Joseph,2019-2019,1,-,-,-,-,-,-,-,-,-,-,-,-,
1317,16,S Kaul,2018-2019,3,-,-,-,-,-,-,-,-,-,-,-,-,
1318,17,UKPW Kumaranayaka,2019-2019,3,-,-,-,-,-,-,-,-,-,-,-,-,
1319,22,DSK Madushanka,2018-2018,2,-,-,-,-,-,-,-,-,-,-,-,-,
1320,25,M Markande,2019-2019,1,-,-,-,-,-,-,-,-,-,-,-,-,
1321,27,B Masaba,2019-2019,1,-,-,-,-,-,-,-,-,-,-,-,-,
1322,28,WT Mashinge,2019-2019,2,-,-,-,-,-,-,-,-,-,-,-,-,
1323,31,Mihusan Hamid,2019-2019,1,-,-,-,-,-,-,-,-,-,-,-,-,
1324,33,Mohammed Shami,2014-2019,8,-,-,-,-,-,-,-,-,-,-,-,-,
1325,34,Mohammed Siraj,2017-2018,3,-,-,-,-,-,-,-,-,-,-,-,-,
1326,36,Muhammad Amir,2019-2019,1,-,-,-,-,-,-,-,-,-,-,-,-,
1327,37,Muhammad Musa,2019-2019,1,-,-,-,-,-,-,-,-,-,-,-,-,
1328,38,Mukhtiar Singh,2019-2019,2,-,-,-,-,-,-,-,-,-,-,-,-,
1329,39,Musawar Shah,2019-2019,2,-,-,-,-,-,-,-,-,-,-,-,-,
1330,40,M Mwamadi,2019-2019,3,-,-,-,-,-,-,-,-,-,-,-,-,
1331,41,M Nandela,2019-2019,2,-,-,-,-,-,-,-,-,-,-,-,-,
1332,43,NH Naureen,2019-2019,1,-,-,-,-,-,-,-,-,-,-,-,-,
1333,44,Nawazish Jezuli,2019-2019,1,-,-,-,-,-,-,-,-,-,-,-,-,
1334,46,A Neill,2019-2019,5,-,-,-,-,-,-,-,-,-,-,-,-,
1335,47,R Ngarava,2019-2019,1,-,-,-,-,-,-,-,-,-,-,-,-,
1336,48,G Nikitas,2019-2019,2,-,-,-,-,-,-,-,-,-,-,-,-,
1337,49,F Nkhoma,2019-2019,4,-,-,-,-,-,-,-,-,-,-,-,-,
1338,0,A Nortje,2019-2019,1,-,-,-,-,-,-,-,-,-,-,-,-,
1339,2,E Ochieng,2019-2019,2,-,-,-,-,-,-,-,-,-,-,-,-,
1340,3,RJG Palmer,2019-2019,2,-,-,-,-,-,-,-,-,-,-,-,-,
1341,5,MW Parkinson,2019-2019,2,-,-,-,-,-,-,-,-,-,-,-,-,
1342,6,AY Patel,2018-2018,2,-,-,-,-,-,-,-,-,-,-,-,-,
1343,7,J Perman,2019-2019,2,-,-,-,-,-,-,-,-,-,-,-,-,
1344,8,V Permaul,2018-2018,1,-,-,-,-,-,-,-,-,-,-,-,-,
1345,9,R Pisal,2019-2019,1,-,-,-,-,-,-,-,-,-,-,-,-,
1346,12,S Qeshile,2019-2019,2,-,-,-,-,-,-,-,-,-,-,-,-,
1347,13,Raja Adeel,2019-2019,3,-,-,-,-,-,-,-,-,-,-,-,-,
1348,14,Rashid Khan,2019-2019,1,-,-,-,-,-,-,-,-,-,-,-,-,
1349,15,KA Reynolds,2019-2019,3,-,-,-,-,-,-,-,-,-,-,-,-,
1350,18,AK Sah,2018-2018,1,-,-,-,-,-,-,-,-,-,-,-,-,
1351,22,K Senamontree,2019-2019,2,-,-,-,-,-,-,-,-,-,-,-,-,
1352,24,Shaffeq Muhammad,2019-2019,2,-,-,-,-,-,-,-,-,-,-,-,-,
1353,28,NK Shetty,2019-2019,2,-,-,-,-,-,-,-,-,-,-,-,-,
1354,29,S Singh,2019-2019,4,-,-,-,-,-,-,-,-,-,-,-,-,
1355,30,Soheel Hussain,2019-2019,1,-,-,-,-,-,-,-,-,-,-,-,-,
1356,32,H Srinivasan,2019-2019,1,-,-,-,-,-,-,-,-,-,-,-,-,
1357,33,TJ Stephenson,2019-2019,1,-,-,-,-,-,-,-,-,-,-,-,-,
1358,34,P Syafiq Ali,2019-2019,2,-,-,-,-,-,-,-,-,-,-,-,-,
1359,36,SN Thakur,2018-2018,7,-,-,-,-,-,-,-,-,-,-,-,-,
1360,37,J Thinley,2019-2019,2,-,-,-,-,-,-,-,-,-,-,-,-,
1361,43,JD Unadkat,2016-2018,10,-,-,-,-,-,-,-,-,-,-,-,-,
1362,45,Vichanath Singh,2019-2019,4,-,-,-,-,-,-,-,-,-,-,-,-,
1363,47,Vimal Kumar,2019-2019,2,-,-,-,-,-,-,-,-,-,-,-,-,
1364,48,Vishal Ahir,2019-2019,1,-,-,-,-,-,-,-,-,-,-,-,-,
1365,49,Waqas Maqsood,2018-2018,1,-,-,-,-,-,-,-,-,-,-,-,-,
1366,1,SG Whittingham,2018-2018,3,-,-,-,-,-,-,-,-,-,-,-,-,
1367,4,S Zargar,2019-2019,1,-,-,-,-,-,-,-,-,-,-,-,-,
1368,5,Ziaur Rahman,2019-2019,1,-,-,-,-,-,-,-,-,-,-,-,-,
