,Unnamed: 0,Player,Span,Mat,Inns,Overs,Mdns,Runs,Wkts,BBI,Ave,Econ,SR,4,5,Unnamed: 14
0,0,SL Malinga,2006-2019,79,79,284.5,1,2061,106,05-Jun,19.44,7.23,16.1,1,2,
1,1,Shahid Afridi,2006-2018,99,97,361.2,4,2396,98,04-Nov,24.44,6.63,22.1,3,0,
2,2,Shakib Al Hasan,2006-2019,76,75,277.5,2,1894,92,May-20,20.58,6.81,18.1,3,1,
3,5,Rashid Khan,2015-2019,45,45,171,1,1052,84,05-Mar,12.52,6.15,12.2,3,2,
4,6,GH Dockrell,2010-2019,73,69,221.2,1,1539,75,Apr-20,20.52,6.95,17.7,1,0,
5,7,TG Southee,2008-2019,66,64,233.3,2,1954,75,May-18,26.05,8.36,18.6,0,1,
6,8,Mohammad Nabi,2010-2019,75,75,256.4,5,1839,69,04-Oct,26.65,7.16,22.3,3,0,
7,9,KMDN Kulasekara,2008-2017,58,58,205.1,6,1530,66,Apr-31,23.18,7.45,18.6,2,0,
8,12,Imran Tahir,2013-2019,38,38,140.5,0,948,63,May-23,15.04,6.73,13.4,2,2,
9,13,DW Steyn,2007-2019,44,44,157.1,3,1068,61,04-Sep,17.5,6.79,15.4,2,0,
10,14,Mohammad Amir,2009-2019,48,48,175.4,5,1224,59,Apr-13,20.74,6.96,17.8,1,0,
11,16,KJ O'Brien,2008-2019,90,51,150.3,0,1134,58,Apr-45,19.55,7.53,15.5,1,0,
12,17,S Badree,2012-2018,52,52,191,4,1180,56,Apr-15,21.07,6.17,20.4,1,0,
13,18,CJ Jordan,2014-2019,43,43,151.3,0,1300,54,04-Jun,24.07,8.58,16.8,2,0,
14,19,Mohammad Hafeez,2006-2018,89,67,186.1,2,1226,54,04-Oct,22.7,6.58,20.6,1,0,
15,20,Sohail Tanvir,2007-2017,57,57,202.2,3,1454,54,03-Dec,26.92,7.18,22.4,0,0,
16,21,RE van der Merwe,2009-2019,43,42,149.1,1,938,54,Apr-35,17.37,6.28,16.5,1,0,
17,22,WB Rankin,2009-2019,48,47,170,2,1138,53,Mar-16,21.47,6.69,19.2,0,0,
18,23,PM Seelaar,2008-2019,69,58,172.3,3,1190,53,Apr-19,22.45,6.89,19.5,1,0,
19,24,R Ashwin,2010-2017,46,46,171,2,1193,52,04-Aug,22.94,6.97,19.7,2,0,
20,26,YS Chahal,2016-2019,36,36,140.3,1,1139,52,Jun-25,21.9,8.1,16.2,2,1,
21,27,Mustafizur Rahman,2015-2019,37,37,135.1,3,1065,52,May-22,20.48,7.87,15.5,1,1,
22,28,SP Narine,2012-2019,51,49,183.4,1,1105,52,04-Dec,21.25,6.01,21.1,1,0,
23,29,JJ Bumrah,2016-2019,42,42,153.1,5,1029,51,03-Nov,20.17,6.71,18,0,0,
24,30,NLTC Perera,2010-2019,79,64,175.4,1,1628,51,Mar-24,31.92,9.26,20.6,0,0,
25,32,MJ Santner,2015-2019,39,38,128.5,1,928,49,04-Nov,18.93,7.2,15.7,1,0,
26,33,SM Sharif,2012-2019,42,41,143.5,0,1185,49,Apr-24,24.18,8.23,17.6,1,0,
27,35,M Morkel,2007-2017,44,44,158.4,3,1191,47,Apr-17,25.34,7.5,20.2,2,0,
28,36,IS Sodhi,2014-2019,40,39,138.3,0,1131,47,Mar-18,24.06,8.16,17.6,0,0,
29,37,PA van Meekeren,2013-2019,41,39,136.1,2,945,47,04-Nov,20.1,6.94,17.3,2,0,
30,38,Shadab Khan,2017-2019,38,36,135.3,1,948,46,Apr-14,20.6,6.99,17.6,1,0,
31,39,Bilal Khan,2015-2019,32,31,111,2,778,45,Apr-19,17.28,7,14.8,3,0,
32,40,MRJ Watt,2015-2019,35,33,125,2,903,45,May-27,20.06,7.22,16.6,0,1,
33,42,Ahsan Malik,2012-2017,31,29,95.5,1,730,44,May-19,16.59,7.61,13,1,1,
34,43,DJG Sammy,2007-2017,68,59,152.4,0,1116,44,May-26,25.36,7.31,20.8,1,1,
35,46,Imad Wasim,2015-2019,41,40,147,3,877,42,May-14,20.88,5.96,21,1,1,
36,47,Mashrafe Mortaza,2006-2017,54,53,189.5,1,1527,42,Apr-19,36.35,8.04,27.1,1,0,
37,48,B Kumar,2012-2019,43,43,154.2,2,1088,41,May-24,26.53,7.04,22.5,0,1,
38,49,WD Parnell,2009-2017,40,39,124.5,3,1038,41,Apr-13,25.31,8.31,18.2,1,0,
39,0,KOK Williams,2016-2019,24,24,86.5,2,724,41,Apr-28,17.65,8.33,12.7,1,0,
40,1,Al-Amin Hossain,2013-2019,28,26,91.2,0,673,40,Mar-20,16.82,7.36,13.7,0,0,
41,2,Dawlat Zadran,2012-2019,34,34,123.3,2,980,40,Apr-44,24.5,7.93,18.5,1,0,
42,3,T van der Gugten,2012-2019,39,38,118.5,0,847,40,03-Sep,21.17,7.12,17.8,0,0,
43,4,TA Boult,2013-2019,27,27,98.5,1,854,39,Apr-34,21.89,8.64,15.2,1,0,
44,6,AU Rashid,2009-2019,40,38,133,1,1000,39,03-Nov,25.64,7.51,20.4,0,0,
45,7,Rohan Mustafa,2014-2019,38,36,113.5,2,774,39,Apr-18,19.84,6.79,17.5,1,0,
46,8,MA Starc,2012-2019,28,28,106.3,1,718,39,03-Nov,18.41,6.74,16.3,0,0,
47,10,HH Pandya,2016-2019,40,39,116.5,1,976,38,Apr-38,25.68,8.35,18.4,1,0,
48,13,Kuldeep Yadav,2017-2019,19,19,71.3,1,499,37,May-24,13.48,6.97,11.5,1,1,
49,14,AD Mathews,2009-2018,72,57,161.3,4,1101,37,Mar-16,29.75,6.81,26.1,0,0,
50,15,Mohammad Naveed,2015-2019,31,31,114.4,5,729,37,Mar-14,19.7,6.35,18.5,0,0,
51,16,AJ Tye,2016-2018,26,25,91.5,1,815,37,Apr-23,22.02,8.87,14.8,1,0,
52,17,AC Evans,2015-2019,27,25,93,4,689,36,May-24,19.13,7.4,15.5,0,1,
53,18,JP Faulkner,2012-2017,24,24,85.5,0,684,36,May-27,19,7.96,14.3,0,1,
54,19,AG Cremer,2008-2018,29,28,95,1,660,35,03-Nov,18.85,6.94,16.2,0,0,
55,21,Hasan Ali,2016-2019,30,30,103.3,3,877,35,Mar-23,25.05,8.47,17.7,0,0,
56,22,RA Jadeja,2009-2019,46,46,152.1,4,1093,35,Mar-48,31.22,7.18,26,0,0,
57,23,SO Ngoche,2010-2019,28,28,94,0,637,35,Apr-14,18.2,6.77,16.1,2,0,
58,24,Shapoor Zadran,2010-2018,34,34,107.5,3,843,35,Mar-40,24.08,7.81,18.4,0,0,
59,25,N Vanua,2015-2019,25,25,81.4,3,505,35,May-17,14.42,6.18,14,1,1,
60,26,Aizaz Khan,2014-2019,30,30,99.2,2,692,34,03-Oct,20.35,6.96,17.5,0,0,
61,27,NM Coulter-Nile,2013-2019,28,27,97,1,802,34,Apr-31,23.58,8.26,17.1,1,0,
62,28,CH Morris,2012-2019,23,23,83,3,697,34,Apr-27,20.5,8.39,14.6,1,0,
63,29,A Nehra,2009-2017,27,27,98,2,758,34,Mar-19,22.29,7.73,17.2,0,0,
64,30,DJ Willey,2015-2019,28,28,92.5,0,761,34,04-Jul,22.38,8.19,16.3,1,0,
65,31,Amjad Javed,2014-2017,22,22,74.2,1,560,33,03-Dec,16.96,7.53,13.5,0,0,
66,32,Karan KC,2015-2019,25,25,82.3,0,631,33,Apr-17,19.12,7.64,15,2,0,
67,33,JE Taylor,2006-2018,30,30,100,2,863,33,03-Jun,26.15,8.63,18.1,0,0,
68,34,PJ Cummins,2011-2019,25,25,95,3,644,32,Mar-15,20.12,6.77,17.8,0,0,
69,37,SC Williams,2006-2019,38,37,123,0,890,32,Mar-15,27.81,7.23,23,0,0,
70,38,CR Brathwaite,2011-2019,41,39,118.1,1,1013,31,Mar-20,32.67,8.57,22.8,0,0,
71,39,Mahmudullah,2007-2019,83,54,117.5,2,861,31,Mar-18,27.77,7.3,22.8,0,0,
72,40,CB Mpofu,2008-2019,30,30,107.5,0,950,31,Apr-30,30.64,8.8,20.8,1,0,
73,41,SS Cottrell,2014-2019,22,22,76,2,615,30,Apr-28,20.5,8.09,15.2,1,0,
74,42,MJ McClenaghan,2012-2018,29,29,101.2,2,789,30,Mar-17,26.3,7.78,20.2,0,0,
75,43,Wahab Riaz,2008-2019,31,30,101.3,2,813,30,Mar-18,27.1,8,20.3,0,0,
76,44,Amir Hamza,2013-2017,31,31,106,2,716,29,Mar-39,24.68,6.75,21.9,0,0,
77,45,Khawar Ali,2015-2019,29,27,82,0,534,29,Apr-16,18.41,6.51,16.9,1,0,
78,46,AL Phehlukwayo,2017-2019,23,22,69.5,0,550,29,Apr-24,18.96,7.87,14.4,1,0,
79,48,BD Glover,2019-2019,19,19,65,0,448,28,04-Dec,16,6.89,13.9,2,0,
80,0,KM Jarvis,2011-2019,22,22,74.4,0,665,28,Mar-15,23.75,8.9,16,0,0,
81,1,S Lamichhane,2018-2019,18,18,64,0,439,28,Apr-20,15.67,6.85,13.7,1,0,
82,5,KA Pollard,2008-2019,68,44,97,0,830,28,Mar-30,29.64,8.55,20.7,0,0,
83,6,K Rabada,2014-2019,21,21,77.2,0,648,28,Mar-30,23.14,8.37,16.5,0,0,
84,7,Rubel Hossain,2009-2018,27,26,94.3,0,879,28,Mar-31,31.39,9.3,20.2,0,0,
85,8,Samiullah Shinwari,2010-2019,62,38,105.4,0,688,28,May-13,24.57,6.51,22.6,1,1,
86,9,Shoaib Malik,2006-2019,111,46,90,0,644,28,02-Jul,23,7.15,19.2,0,0,
87,11,Yuvraj Singh,2007-2017,58,31,70.4,0,499,28,Mar-17,17.82,7.06,15.1,0,0,
88,12,A Zampa,2016-2019,27,26,93,1,572,28,Mar-14,20.42,6.15,19.9,0,0,
89,13,MR Adair,2019-2019,17,17,62.5,2,413,27,Apr-40,15.29,6.57,13.9,1,0,
90,15,RD Berrington,2008-2019,61,37,81.2,0,609,27,Mar-17,22.55,7.48,18,0,0,
91,17,B Stanlake,2017-2019,19,19,70,2,544,27,04-Aug,20.14,7.77,15.5,1,0,
92,19,Iqbal Hussain,2019-2019,15,15,52.1,0,426,26,Apr-33,16.38,8.16,12,1,0,
93,20,GJ Maxwell,2012-2019,61,40,94,0,704,26,03-Oct,27.07,7.48,21.6,0,0,
94,22,Sompal Kami,2014-2019,28,28,90,1,644,26,Mar-23,24.76,7.15,20.7,0,0,
95,26,TL Chatara,2010-2019,21,21,75,1,591,25,Mar-20,23.64,7.88,18,0,0,
96,28,AF Milne,2010-2018,21,21,72.5,1,541,25,Apr-37,21.64,7.42,17.4,1,0,
97,29,Nadeem Ahmed,2014-2017,24,24,82.3,3,546,25,Apr-21,21.84,6.61,19.8,1,0,
98,30,LE Plunkett,2006-2019,22,22,79.2,1,627,25,Mar-21,25.08,7.9,19,0,0,
99,31,B Regmi,2014-2019,18,18,62.1,0,405,25,Apr-16,16.2,6.51,14.9,1,0,
100,32,AD Russell,2011-2018,47,40,99.1,0,908,25,02-Oct,36.32,9.15,23.8,0,0,
101,34,DG Blampied,2019-2019,17,17,61.4,1,395,24,Apr-20,16.45,6.4,15.4,1,0,
102,36,JH Davey,2012-2019,21,20,74.4,0,610,24,Apr-34,25.41,8.16,18.6,1,0,
103,37,Faheem Ashraf,2017-2019,27,26,74.3,1,557,24,03-May,23.2,7.47,18.6,0,0,
104,39,Karim Janat,2016-2019,21,21,73,0,614,24,05-Nov,25.58,8.41,18.2,0,1,
105,40,N Nipiko,2019-2019,14,13,39.2,0,311,24,May-19,12.95,7.9,9.8,2,1,
106,41,KMA Paul,2018-2019,18,18,65,0,540,24,May-15,22.5,8.3,16.2,0,1,
107,43,D Ravu,2019-2019,17,16,42.1,0,221,24,May-15,9.2,5.24,10.5,1,1,
108,46,CO Obuya,2007-2019,35,18,52.2,0,334,23,Apr-27,14.52,6.38,13.6,1,0,
109,48,I Udana,2009-2019,27,26,85.1,1,725,23,03-Nov,31.52,8.51,22.2,0,0,
110,49,CA Young,2015-2019,26,25,77,1,635,23,Apr-13,27.6,8.24,20,1,0,
111,0,Aamir Kaleem,2015-2019,25,20,54,0,388,22,May-15,17.63,7.18,14.7,2,1,
112,1,A Dananjaya,2012-2019,22,22,79.4,1,620,22,Mar-36,28.18,7.78,21.7,0,0,
113,2,Mohammad Nadeem,2015-2019,22,22,68,0,445,22,Apr-23,20.22,6.54,18.5,1,0,
114,3,MN Samuels,2007-2018,67,30,79.5,0,622,22,Mar-23,28.27,7.79,21.7,0,0,
115,4,BM Scholtz,2019-2019,14,14,53,0,285,22,04-Dec,12.95,5.37,14.4,1,0,
116,6,JP Duminy,2007-2019,81,41,77.1,0,599,21,Mar-18,28.52,7.76,22,0,0,
117,7,JN Frylinck,2019-2019,14,13,42.1,0,240,21,Apr-21,11.42,5.69,12,1,0,
118,10,Ahmed Raza,2014-2019,36,35,120.2,1,779,20,Feb-18,38.95,6.47,36.1,0,0,
119,11,DAJ Bracewell,2011-2019,18,16,47.4,0,437,20,Mar-25,21.85,9.16,14.3,0,0,
120,13,FJ Klaassen,2018-2019,21,20,69.1,0,581,20,Mar-31,29.05,8.4,20.7,0,0,
121,14,Mujeeb Ur Rahman,2018-2019,16,16,60,0,324,20,Apr-15,16.2,5.4,18,1,0,
122,16,CW Perchard,2019-2019,15,13,46.5,0,275,20,May-17,13.75,5.87,14,1,1,
123,17,AM Phangiso,2012-2018,16,16,57,0,443,20,Mar-25,22.15,7.77,17.1,0,0,
124,18,A Vala,2015-2019,26,16,44.5,1,249,20,03-Jul,12.45,5.55,13.4,0,0,
125,19,C Viljoen,2019-2019,12,12,37.1,0,236,20,05-Sep,11.8,6.34,11.1,1,1,
126,20,Zahoor Khan,2017-2019,18,18,59.3,0,442,20,Feb-17,22.1,7.42,17.8,0,0,
127,21,CJA Amini,2015-2019,23,21,63.1,0,367,19,Feb-13,19.31,5.81,19.9,0,0,
128,22,Amjad Mahboob,2019-2019,11,11,37.4,1,317,19,Mar-20,16.68,8.41,11.8,0,0,
129,24,D Heyliger,2019-2019,11,11,42,0,306,19,Apr-16,16.1,7.28,13.2,2,0,
130,28,N Pokana,2016-2019,19,18,56.5,2,328,19,Mar-21,17.26,5.77,17.9,0,0,
131,33,PW Borren,2008-2017,43,30,87.4,0,603,18,Feb-19,33.5,6.87,29.2,0,0,
132,34,Fareed Ahmad,2016-2019,14,14,47.5,0,405,18,Mar-35,22.5,8.46,15.9,0,0,
133,36,Hamza Tahir,2018-2019,11,11,43,1,352,18,Apr-30,19.55,8.18,14.3,1,0,
134,37,BE Hendricks,2014-2019,11,11,38.1,0,317,18,Apr-14,17.61,8.3,12.7,1,0,
135,39,Izatullah Dawlatzai,2012-2019,14,14,50.4,0,345,18,Mar-23,19.16,6.8,16.8,0,0,
136,40,MA Leask,2013-2019,31,22,59.3,0,499,18,Mar-20,27.72,8.38,19.8,0,0,
137,41,Nouman Sarwar,2019-2019,14,13,34.5,1,267,18,Apr-14,14.83,7.66,11.6,1,0,
138,44,SR Thompson,2014-2019,41,30,79,0,670,18,Apr-18,37.22,8.48,26.3,1,0,
139,48,Zeeshan Maqsood,2015-2019,29,19,62,0,416,18,04-Jul,23.11,6.7,20.6,1,0,
140,49,AC Agar,2016-2019,21,21,67,1,464,17,Mar-27,27.29,6.92,23.6,0,0,
141,0,DL Chahar,2018-2019,10,10,35.5,1,251,17,06-Jul,14.76,7,12.6,0,1,
142,2,CH Gayle,2006-2019,58,23,53.1,0,377,17,Feb-15,22.17,7.09,18.7,0,0,
143,6,EJB Miles,2019-2019,14,14,40,0,266,17,03-Oct,15.64,6.65,14.1,0,0,
144,7,KW Richardson,2014-2019,15,15,56,0,447,17,Mar-18,26.29,7.98,19.7,0,0,
145,8,Saad Bin Zafar,2019-2019,11,11,43,2,285,17,03-Aug,16.76,6.62,15.1,0,0,
146,9,SPD Smith,2010-2019,36,17,48.3,1,377,17,Mar-20,22.17,7.77,17.1,0,0,
147,10,A Bohara,2019-2019,17,16,54,0,350,16,Apr-35,21.87,6.48,20.2,1,0,
148,12,PVD Chameera,2015-2018,19,19,67.1,0,574,16,Mar-30,35.87,8.54,25.1,0,0,
149,13,E Chigumbura,2006-2019,54,21,46,0,427,16,Apr-31,26.68,9.28,17.2,1,0,
150,14,PD Collingwood,2005-2017,36,20,39,0,347,16,Apr-22,21.68,8.89,14.6,1,0,
151,15,TK Curran,2017-2019,15,15,48,1,418,16,Apr-36,26.12,8.7,18,1,0,
152,16,GJ Delany,2019-2019,17,17,53,1,391,16,Feb-23,24.43,7.37,19.8,0,0,
153,19,Gulbadin Naib,2012-2019,45,28,68,0,560,16,Feb-24,35,8.23,25.5,0,0,
154,20,A Mishra,2010-2017,10,10,38,1,240,16,Mar-24,15,6.31,14.2,0,0,
155,21,Mohammad Irfan,2012-2019,22,22,75.3,0,562,16,Feb-18,35.12,7.44,28.3,0,0,
156,24,Shafiul Islam,2010-2019,17,17,56.4,1,459,16,Mar-36,28.68,8.1,21.2,0,0,
157,25,JJ Smit,2019-2019,12,10,37.1,0,234,16,Mar-19,14.62,6.29,13.9,0,0,
158,26,PR Stirling,2009-2019,72,33,78,1,600,16,Mar-21,37.5,7.69,29.2,0,0,
159,29,MM Ali,2014-2018,25,22,60.2,0,519,15,Feb-21,34.6,8.6,24.1,0,0,
160,30,PKD Chase,2018-2019,12,12,41.5,0,416,15,Apr-35,27.73,9.94,16.7,1,0,
161,31,N Pradeep,2016-2019,14,14,44.1,0,407,15,Apr-25,27.13,9.21,17.6,1,0,
162,32,Janak Prakash,2019-2019,12,12,41.4,1,309,15,Mar-15,20.6,7.41,16.6,0,0,
163,34,MJG Rippon,2013-2018,18,17,50.4,2,310,15,03-Aug,20.66,6.11,20.2,0,0,
164,35,Simi Singh,2018-2019,18,18,43.2,0,344,15,Mar-15,22.93,7.93,17.3,0,0,
165,37,Sultan Ahmed,2017-2019,17,17,55,3,365,15,Mar-33,24.33,6.63,22,0,0,
166,38,Washington Sundar,2017-2019,18,18,63,1,417,15,Mar-22,27.8,6.61,25.2,0,0,
167,39,Ahmed Wardak,2019-2019,9,8,27.5,0,170,14,Apr-20,12.14,6.1,11.9,1,0,
168,40,CJ Anderson,2012-2018,31,21,60,0,495,14,Feb-17,35.35,8.25,25.7,0,0,
169,41,CJ Chibhabha,2006-2018,33,22,53.5,0,455,14,Mar-18,32.5,8.45,23,0,0,
170,42,Ehsan Khan,2016-2019,15,15,54.4,0,325,14,Mar-32,23.21,5.94,23.4,0,0,
171,43,GD Elliott,2009-2017,17,15,32,0,235,14,Apr-22,16.78,7.34,13.7,1,0,
172,44,LH Ferguson,2017-2019,8,8,31,0,222,14,Mar-21,15.85,7.16,13.2,0,0,
173,45,AW Hawkins-Kay,2019-2019,16,15,36,0,266,14,Apr-14,19,7.38,15.4,1,0,
174,46,Karim Sadiq,2010-2018,36,28,70,0,482,14,Mar-17,34.42,6.88,30,0,0,
175,48,E Otieno,2012-2019,18,18,50.5,1,370,14,Mar-16,26.42,7.27,21.7,0,0,
176,49,KH Pandya,2018-2019,18,18,66.2,1,538,14,Apr-36,38.42,8.11,28.4,1,0,
177,0,Sami Sohail,2019-2019,7,7,26,3,164,14,Apr-18,11.71,6.3,11.1,1,0,
178,1,Shaheen Shah Afridi,2018-2019,10,10,38,0,288,14,Mar-20,20.57,7.57,16.2,0,0,
179,2,CA Soper,2015-2019,13,12,33,0,153,14,Mar-13,10.92,4.63,14.1,0,0,
180,4,JD Unadkat,2016-2018,10,10,34.4,0,301,14,Mar-38,21.5,8.68,14.8,0,0,
181,5,KK Ahmed,2018-2019,14,14,52,1,459,13,Feb-27,35.3,8.82,24,0,0,
182,7,CJ Dala,2018-2019,9,9,30,1,282,13,Mar-35,21.69,9.4,13.8,0,0,
183,8,Fitri Sham,2019-2019,15,14,42.3,0,312,13,Mar-26,24,7.34,19.6,0,0,
184,9,JO Holder,2014-2019,17,17,62.1,0,524,13,Feb-23,40.3,8.42,28.6,0,0,
185,11,AR McBrine,2014-2017,19,13,29,0,216,13,02-Jul,16.61,7.44,13.3,0,0,
186,12,A Mansale,2019-2019,14,10,26,0,176,13,Mar-13,13.53,6.76,12,0,0,
187,14,Mohammad Shahzad,2015-2017,20,19,48.1,0,411,13,Mar-34,31.61,8.53,22.2,0,0,
188,17,JDS Neesham,2012-2019,18,16,37.4,0,323,13,Mar-16,24.84,8.57,17.3,0,0,
189,18,GH O'Brien,2008-2019,11,11,38.3,2,232,13,02-Nov,17.84,6.02,17.7,0,0,
190,20,Pavandeep Singh,2019-2019,10,10,35.1,0,249,13,03-Dec,19.15,7.08,16.2,0,0,
191,22,SK Raina,2006-2018,78,27,58.1,0,442,13,02-Jun,34,7.59,26.8,0,0,
192,23,PADLR Sandakan,2017-2019,14,14,55,1,400,13,Apr-23,30.76,7.27,25.3,1,0,
193,24,S Snater,2018-2019,13,12,34.5,0,337,13,Mar-42,25.92,9.67,16,0,0,
194,25,Tamoor Sajjad,2019-2019,12,12,43.2,1,309,13,03-Nov,23.76,7.13,20,0,0,
195,26,RN ten Doeschate,2008-2019,22,10,35,0,245,13,Mar-23,18.84,7,16.1,0,0,
196,27,Usman Shinwari,2013-2019,16,16,51,0,424,13,Mar-31,32.61,8.31,23.5,0,0,
197,29,Baljit Singh,2019-2019,8,7,23,0,127,12,Apr-20,10.58,5.52,11.5,1,0,
198,30,TS Chisoro,2015-2018,12,12,46,1,316,12,Mar-17,26.33,6.86,23,0,0,
199,31,PWH de Silva,2019-2019,8,8,25.4,0,204,12,Mar-21,17,7.94,12.8,0,0,
200,32,GDR Eranga,2019-2019,9,9,31.5,1,204,12,Mar-19,17,6.4,15.9,0,0,
201,33,MG Erasmus,2019-2019,16,10,32.1,0,171,12,03-Dec,14.25,5.31,16,0,0,
202,34,Ibrahim Hassan,2019-2019,11,11,35.5,1,291,12,May-24,24.25,8.12,17.9,0,1,
203,36,LC Le Tissier,2019-2019,9,9,35,0,207,12,Mar-17,17.25,5.91,17.5,0,0,
204,37,N Madziva,2015-2019,15,15,46.5,0,417,12,Apr-34,34.75,8.9,23.4,1,0,
205,38,WP Masakadza,2015-2019,12,12,40,1,312,12,Apr-28,26,7.8,20,1,0,
206,40,BMAJ Mendis,2011-2018,22,14,35,0,249,12,Mar-24,20.75,7.11,17.5,0,0,
207,41,Mohammad Nawaz (3),2016-2018,16,16,50,1,340,12,02-Nov,28.33,6.8,25,0,0,
208,42,Mohammad Saifuddin,2017-2019,13,13,43,0,386,12,Apr-33,32.16,8.97,21.5,1,0,
209,43,Muhammad Kashif,2019-2019,10,9,27,1,212,12,Mar-30,17.66,7.85,13.5,0,0,
210,44,J Mulder,2016-2017,8,8,29,0,192,12,Apr-16,16,6.62,14.5,1,0,
211,46,T Shamsi,2017-2019,16,16,57,1,429,12,Feb-16,35.75,7.52,28.5,0,0,
212,47,BDH Stevens,2019-2019,17,14,40.2,0,249,12,Mar-17,20.75,6.17,20.1,0,0,
213,48,Taskin Ahmed,2014-2018,19,17,55.5,1,438,12,Feb-32,36.5,7.84,27.9,0,0,
214,1,Umar Adam,2019-2019,11,8,27,0,168,12,Mar-17,14,6.22,13.5,0,0,
215,2,S Vijayakumar,2019-2019,9,9,28,1,204,12,Apr-25,17,7.28,14,1,0,
216,5,Aftab Alam,2012-2018,12,12,40.5,0,324,11,Feb-23,29.45,7.93,22.2,0,0,
217,6,Anwar Rahman,2019-2019,9,8,23.3,1,117,11,Apr-16,10.63,4.97,12.8,1,0,
218,7,MA Baig,2019-2019,7,7,26,0,160,11,Apr-20,14.54,6.15,14.1,1,0,
219,8,RP Burl,2018-2019,16,15,33,1,279,11,Mar-24,25.36,8.45,18,0,0,
220,9,DT Christian,2010-2017,16,16,35.3,0,317,11,Mar-27,28.81,8.92,19.3,0,0,
221,10,N Dutta,2019-2019,11,11,39,0,253,11,02-Dec,23,6.48,21.2,0,0,
222,12,D Maisuria,2019-2019,6,5,17.1,0,121,11,Apr-28,11,7.04,9.3,1,0,
223,14,Mohammed Nadeem,2019-2019,15,15,52,0,364,11,Mar-23,33.09,7,28.3,0,0,
224,15,Muhamad Syahadat,2019-2019,10,8,21,0,127,11,03-Jul,11.54,6.04,11.4,0,0,
225,16,L Ngidi,2017-2018,7,7,20,0,128,11,Apr-19,11.63,6.4,10.9,1,0,
226,17,SH Obed,2019-2019,12,9,28,0,190,11,Mar-23,17.27,6.78,15.2,0,0,
227,18,NM Odhiambo,2010-2019,16,14,41,0,319,11,Mar-30,29,7.78,22.3,0,0,
228,20,TK Patel,2019-2019,7,6,22,0,146,11,Apr-27,13.27,6.63,12,1,0,
229,21,Sikandar Raza,2013-2019,32,22,46,0,376,11,02-Jul,34.18,8.17,25,0,0,
230,22,DT Tiripano,2016-2019,10,10,34.3,0,278,11,Mar-20,25.27,8.05,18.8,0,0,
231,23,MA Wood,2015-2019,5,5,17.3,0,148,11,03-Sep,13.45,8.45,9.5,0,0,
232,26,P Arrighi,2019-2019,5,5,19,2,84,10,05-Apr,8.4,4.42,11.4,0,1,
233,27,Awais Malik,2019-2019,11,11,33,0,279,10,Mar-19,27.9,8.45,19.8,0,0,
234,29,K Christie,2019-2019,11,11,39,0,292,10,Feb-23,29.2,7.48,23.4,0,0,
235,31,C de Grandhomme,2012-2019,33,18,47.5,0,432,10,Feb-22,43.2,9.03,28.7,0,0,
236,33,Fayyaz Butt,2019-2019,14,14,43.3,0,313,10,Mar-16,31.3,7.19,26.1,0,0,
237,37,Junaid Siddiqui,2012-2019,13,13,45,1,266,10,03-Oct,26.6,5.91,27,0,0,
238,38,BJ McCarthy,2017-2018,6,6,24,0,259,10,Apr-33,25.9,10.79,14.4,1,0,
239,39,Mohammed Shami,2014-2019,8,8,27.4,0,275,10,Mar-38,27.5,9.93,16.6,0,0,
240,42,LN Oluoch,2013-2019,10,10,29,1,209,10,Mar-22,20.9,7.2,17.4,0,0,
241,44,S Prasanna,2013-2017,20,18,50,1,359,10,Feb-45,35.9,7.18,30,0,0,
242,45,LN Rajbanshi,2018-2019,12,12,38.2,0,231,10,03-Jun,23.1,6.02,23,0,0,
243,46,CAK Rajitha,2016-2019,10,10,37,0,358,10,Mar-29,35.8,9.67,22.2,0,0,
244,47,SHA Rance,2017-2019,8,7,27,0,245,10,Mar-26,24.5,9.07,16.2,0,0,
245,0,MD Shanaka,2015-2019,35,14,24.1,0,182,10,Mar-16,18.2,7.53,14.5,0,0,
246,1,BA Stokes,2011-2018,23,18,55.4,1,496,10,Mar-26,49.6,8.91,33.4,0,0,
247,3,HR Walsh,2019-2019,13,11,32.5,0,257,10,Feb-21,25.7,7.82,19.7,0,0,
248,4,B Ward,2019-2019,13,13,39.2,2,249,10,Mar-19,24.9,6.33,23.6,0,0,
249,5,FA Allen,2018-2019,11,10,31,1,214,9,Feb-19,23.77,6.9,20.6,0,0,
250,6,Atif Mehmood,2019-2019,9,9,27,0,154,9,Feb-14,17.11,5.7,18,0,0,
251,7,Bilal Zalmai,2019-2019,5,4,14,1,67,9,04-Dec,7.44,4.78,9.3,1,0,
252,11,OD Hald,2019-2019,9,7,21.3,0,113,9,Mar-18,12.55,5.25,14.3,0,0,
253,12,PD Hennessy,2019-2019,8,5,12,1,86,9,Mar-27,9.55,7.16,8,0,0,
254,14,DR Hooper,2019-2019,9,9,31.2,0,211,9,03-May,23.44,6.73,20.8,0,0,
255,15,Ilyas Ahmed,2019-2019,6,6,21,0,160,9,Mar-17,17.77,7.61,14,0,0,
256,16,TE Kane,2015-2019,7,5,15.2,0,143,9,Mar-19,15.88,9.32,10.2,0,0,
257,18,ND Laegsgaard,2019-2019,9,7,23,0,105,9,02-May,11.66,4.56,15.3,0,0,
258,19,KS Leverock,2019-2019,12,8,26,0,210,9,Mar-19,23.33,8.07,17.3,0,0,
259,20,PK Matautaava,2019-2019,10,8,28,1,199,9,02-Sep,22.11,7.1,18.6,0,0,
260,21,Md Nurul Huda,2019-2019,5,5,16.3,0,118,9,03-Nov,13.11,7.15,11,0,0,
261,22,Mehran Khan,2015-2019,19,11,31,0,222,9,Mar-18,24.66,7.16,20.6,0,0,
262,23,GRD Munasinghe,2019-2019,8,7,27,1,191,9,04-Nov,21.22,7.07,18,1,0,
263,24,S Muniandy,2019-2019,15,12,30,0,260,9,02-May,28.88,8.66,20,0,0,
264,25,B Muzarabani,2018-2018,6,6,24,0,220,9,Mar-21,24.44,9.16,16,0,0,
265,26,A Neill,2019-2019,5,5,20,0,154,9,Mar-21,17.11,7.7,13.3,0,0,
266,27,AR Patel,2015-2018,11,11,39,0,265,9,Mar-17,29.44,6.79,26,0,0,
267,28,D Paterson,2017-2018,8,8,29.5,0,265,9,Apr-32,29.44,8.88,19.8,1,0,
268,29,WA Peatfield,2019-2019,8,8,28,0,198,9,Mar-23,22,7.07,18.6,0,0,
269,30,Qadeer Ahmed,2015-2019,10,10,32,1,253,9,Feb-18,28.11,7.9,21.3,0,0,
270,31,JA Richardson,2017-2019,9,9,34,0,287,9,Feb-32,31.88,8.44,22.6,0,0,
271,32,Rizwan Cheema,2008-2019,24,15,50,1,382,9,Feb-19,42.44,7.64,33.3,0,0,
272,33,JRMVB Sanjaya,2017-2017,8,8,28.5,1,250,9,Feb-20,27.77,8.67,19.2,0,0,
273,34,L Siaka,2015-2019,26,5,12,0,56,9,Mar-16,6.22,4.66,8,0,0,
274,35,MP Stoinis,2015-2019,19,15,38.2,0,319,9,Feb-27,35.44,8.32,25.5,0,0,
275,36,O Thomas,2018-2019,10,10,37,1,326,9,Feb-21,36.22,8.81,24.6,0,0,
276,38,CG Williams,2019-2019,13,10,23,1,142,9,03-Sep,15.77,6.17,15.3,0,0,
277,39,UT Yadav,2012-2019,7,7,25,0,219,9,Feb-19,24.33,8.76,16.6,0,0,
278,42,OGL Bascome,2019-2019,11,6,15.1,0,117,8,04-Oct,14.62,7.71,11.3,1,0,
279,45,CD de Lange,2015-2017,8,7,27,0,171,8,Feb-17,21.37,6.33,20.2,0,0,
280,46,DC Delany,2019-2019,8,8,28.3,0,222,8,02-Dec,27.75,7.78,21.3,0,0,
281,47,Faran Afzal,2019-2019,9,8,29,0,143,8,03-Nov,17.87,4.93,21.7,0,0,
282,49,H Fennell,2019-2019,5,5,12,1,57,8,04-Dec,7.12,4.75,9,1,0,
283,1,SC Getkate,2019-2019,14,14,35,0,323,8,Feb-15,40.37,9.22,26.2,0,0,
284,2,JOA Gordon,2013-2019,7,7,25.5,0,184,8,Mar-14,23,7.12,19.3,0,0,
285,3,K Gore,2019-2019,4,4,16,2,70,8,03-May,8.75,4.37,12,0,0,
286,4,H Gori,2019-2019,7,7,23,0,133,8,Mar-13,16.62,5.78,17.2,0,0,
287,5,Z Groenewald,2019-2019,10,10,28,2,163,8,Mar-20,20.37,5.82,21,0,0,
288,7,L Hermida,2019-2019,5,5,18,1,94,8,Mar-20,11.75,5.22,13.5,0,0,
289,8,Inam-ul-Haq,2019-2019,11,10,31,2,211,8,Feb-23,26.37,6.8,23.2,0,0,
290,10,P Khadka,2014-2019,30,23,51,2,323,8,02-Nov,40.37,6.33,38.2,0,0,
291,12,RAS Lakmal,2011-2019,11,11,34.4,0,330,8,Feb-26,41.25,9.51,26,0,0,
292,13,AV Lalcheta,2015-2019,17,15,51.3,3,374,8,Jan-13,46.75,7.26,38.6,0,0,
293,16,Mohamed Mahfooz,2019-2019,11,11,37.5,0,262,8,Feb-20,32.75,6.92,28.3,0,0,
294,17,GBW Munaweera,2019-2019,5,5,18,0,132,8,Feb-18,16.5,7.33,13.5,0,0,
295,18,AK Muslar,2019-2019,3,3,9,1,41,8,03-Oct,5.12,4.55,6.7,0,0,
296,19,Nasrulla Rana,2019-2019,8,8,20.3,0,162,8,Mar-25,20.25,7.9,15.3,0,0,
297,20,Nazmul Islam,2018-2018,13,12,38.3,2,265,8,Mar-28,33.12,6.88,28.8,0,0,
298,21,AR Nurse,2011-2019,13,13,40,0,318,8,02-Jun,39.75,7.95,30,0,0,
299,22,Rakibul Hasan,2019-2019,8,7,23,2,147,8,Feb-20,18.37,6.39,17.2,0,0,
300,23,Rumman Raees,2016-2018,8,8,28.5,2,220,8,Feb-24,27.5,7.63,21.6,0,0,
301,24,R Satheesan,2019-2019,4,4,13,2,44,8,Mar-14,5.5,3.38,9.7,0,0,
302,26,TAM Siriwardana,2015-2017,22,13,23,0,206,8,Feb-17,25.75,8.95,17.2,0,0,
303,28,P Taylor,2019-2019,7,6,18,0,144,8,Apr-28,18,8,13.5,1,0,
304,29,SN Thakur,2018-2018,7,7,27.3,0,242,8,Apr-27,30.25,8.8,20.6,1,0,
305,30,RJ Trott,2008-2019,15,13,38.3,0,277,8,Feb-15,34.62,7.19,28.8,0,0,
306,31,R van der Merwe,2019-2019,5,5,13,2,62,8,03-Sep,7.75,4.76,9.7,0,0,
307,33,TC Vine,2019-2019,6,6,15,0,105,8,Apr-28,13.12,7,11.2,1,0,
308,34,C Waiswa,2019-2019,4,4,14,0,115,8,Apr-38,14.37,8.21,10.5,1,0,
309,35,Waqar Khan,2019-2019,4,4,13,0,86,8,Mar-21,10.75,6.61,9.7,0,0,
310,36,Abdul-Shakoor Rahimzei,2019-2019,7,6,15.3,0,101,7,02-Oct,14.42,6.51,13.2,0,0,
311,37,Bashir Shah,2019-2019,4,4,14,0,76,7,Mar-14,10.85,5.42,12,0,0,
312,38,JP Behrendorff,2017-2019,7,6,16,0,117,7,Apr-21,16.71,7.31,13.7,1,0,
313,39,D Bishoo,2011-2019,7,7,20.1,1,137,7,Apr-17,19.57,6.79,17.2,1,0,
314,41,Delawar Khan,2019-2019,9,7,20,1,129,7,Feb-21,18.42,6.45,17.1,0,0,
315,42,JL Denly,2009-2019,10,5,11,0,85,7,Apr-19,12.14,7.72,9.4,1,0,
316,44,Habib Ahmadzai,2019-2019,5,5,14,1,96,7,04-Dec,13.71,6.85,12,1,0,
317,47,MJ Henry,2014-2017,6,6,22,1,191,7,Mar-44,27.28,8.68,18.8,0,0,
318,48,Hirenkumar Patel,2019-2019,4,4,15,0,82,7,Apr-21,11.71,5.46,12.8,1,0,
319,0,Ibrarul Haq,2019-2019,5,5,17,0,116,7,Mar-28,16.57,6.82,14.5,0,0,
320,1,Imran Ali,2019-2019,4,4,15,0,136,7,Mar-16,19.42,9.06,12.8,0,0,
321,2,Imran Haider,2016-2019,11,11,31,0,250,7,Jan-16,35.71,8.06,26.5,0,0,
322,3,Jasdeep Singh,2019-2019,4,4,14,1,140,7,Feb-18,20,10,12,0,0,
323,5,Junaid Siddique,2019-2019,8,8,26.2,1,179,7,Feb-34,25.57,6.79,22.5,0,0,
324,7,NR Kumar,2012-2019,18,10,26,0,160,7,Feb-18,22.85,6.15,22.2,0,0,
325,8,JB Little,2016-2019,11,11,40.4,0,367,7,Feb-20,52.42,9.02,34.8,0,0,
326,10,NA Maiolo,2019-2019,8,7,28,0,152,7,02-Aug,21.71,5.42,24,0,0,
327,12,ZE Matsinhe,2019-2019,7,5,16,0,101,7,Mar-27,14.42,6.31,13.7,0,0,
328,13,Muslim Yar,2019-2019,7,7,19,1,119,7,Feb-17,17,6.26,16.2,0,0,
329,14,CT Mutombodzi,2013-2019,13,9,26,0,188,7,02-Dec,26.85,7.23,22.2,0,0,
330,15,A Nanda,2019-2019,3,3,7.2,0,47,7,05-Jun,6.71,6.4,6.2,0,1,
331,17,Naveen-ul-Haq,2019-2019,4,4,15,0,102,7,Mar-24,14.57,6.8,12.8,0,0,
332,18,R Panchal,2019-2019,9,9,28,1,139,7,Mar-22,19.85,4.96,24,0,0,
333,20,A Rangaswamy,2019-2019,4,4,9.4,1,83,7,Apr-21,11.85,8.58,8.2,1,0,
334,21,JB Reva,2015-2019,9,8,21.1,0,148,7,02-Nov,21.14,6.99,18.1,0,0,
335,22,MJ Ross,2019-2019,8,7,19,0,120,7,Apr-15,17.14,6.31,16.2,1,0,
336,23,Sayed Shirzad,2015-2019,4,4,15,1,116,7,Mar-16,16.57,7.73,12.8,0,0,
337,24,B Shikongo,2019-2019,11,10,23,0,131,7,02-Apr,18.71,5.69,19.7,0,0,
338,26,M Spry,2019-2019,4,4,10,0,62,7,04-Aug,8.85,6.2,8.5,1,0,
339,28,JTS Sumerauer,2019-2019,8,8,20.1,0,155,7,02-Oct,22.14,7.68,17.2,0,0,
340,31,BM Wheeler,2017-2018,6,6,21.2,0,216,7,Feb-16,30.85,10.12,18.2,0,0,
341,33,M Abdulla,2019-2019,5,3,12,0,76,6,Mar-25,12.66,6.33,12,0,0,
342,34,Abdullah Akbarjan,2019-2019,5,4,13,0,72,6,Mar-20,12,5.53,13,0,0,
343,35,IKO Aboagye,2019-2019,4,4,14,0,83,6,Mar-26,13.83,5.92,14,0,0,
344,36,Abu Hider,2016-2018,13,12,36,0,330,6,Feb-40,55,9.16,36,0,0,
345,37,VD Adewoye,2019-2019,7,7,16.2,1,135,6,Apr-18,22.5,8.26,16.3,1,0,
346,38,CM Akachukwu,2019-2019,8,8,18.2,0,151,6,Feb-34,25.16,8.23,18.3,0,0,
347,39,Aminul Islam,2019-2019,4,4,14,0,98,6,Feb-18,16.33,7,14,0,0,
348,40,Amir Hayat,2018-2019,4,4,14,0,103,6,Feb-16,17.16,7.35,14,0,0,
349,45,JW Chilia,2019-2019,14,13,47.2,0,315,6,Jan-21,52.5,6.65,47.3,0,0,
350,47,MNR Cooray,2019-2019,4,4,16,0,99,6,Mar-26,16.5,6.18,16,0,0,
351,48,SM Curran,2019-2019,5,5,18,0,153,6,Feb-22,25.5,8.5,18,0,0,
352,49,F Damiao Couana,2019-2019,7,5,18.5,2,118,6,03-Oct,19.66,6.26,18.8,0,0,
353,0,S Davizi,2019-2019,2,2,4.2,0,23,6,Apr-15,3.83,5.3,4.3,1,0,
354,2,M Faheem,2019-2019,4,4,14,0,103,6,Feb-20,17.16,7.35,14,0,0,
355,4,S Hirugade,2019-2019,6,5,13.3,0,92,6,Apr-16,15.33,6.81,13.5,1,0,
356,5,Irfan Bhima,2019-2019,4,4,15,3,51,6,Mar-14,8.5,3.4,15,0,0,
357,6,S Kaveri,2019-2019,7,5,13,0,70,6,02-Oct,11.66,5.38,13,0,0,
358,7,MR Marsh,2011-2018,11,9,19,0,156,6,02-Jun,26,8.21,19,0,0,
359,8,JL Martel,2019-2019,3,3,11,0,59,6,Mar-15,9.83,5.36,11,0,0,
360,9,CAJ Meschede,2019-2019,5,5,20,0,115,6,02-Nov,19.16,5.75,20,0,0,
361,10,M Mooketsi,2019-2019,7,7,25,0,197,6,Feb-31,32.83,7.88,25,0,0,
362,11,A Morris,2019-2019,6,6,22,1,114,6,Feb-17,19,5.18,22,0,0,
363,17,IO Okpe,2019-2019,8,8,20.5,1,188,6,Feb-17,31.33,9.02,20.8,0,0,
364,18,SA Okpe,2019-2019,8,7,12.2,0,94,6,Feb-22,15.66,7.62,12.3,0,0,
365,19,BA Pai,2019-2019,4,4,15,0,82,6,Mar-14,13.66,5.46,15,0,0,
366,20,KA Reynolds,2019-2019,3,3,11,0,60,6,Mar-26,10,5.45,11,0,0,
367,22,JE Root,2012-2019,32,9,14,0,139,6,02-Sep,23.16,9.92,14,0,0,
368,23,Sabbir Rahman,2014-2019,44,8,11.1,0,70,6,03-Nov,11.66,6.26,11.1,0,0,
369,25,NA Saini,2019-2019,5,5,17,1,137,6,Mar-17,22.83,8.05,17,0,0,
370,27,PH Shamdasani,2019-2019,4,4,12,1,70,6,02-Aug,11.66,5.83,12,0,0,
371,29,Shoaib Qureshi,2019-2019,5,5,13.4,0,109,6,Feb-22,18.16,7.97,13.6,0,0,
372,30,Sidhant Singh,2019-2019,8,8,23,0,216,6,Feb-27,36,9.39,23,0,0,
373,31,LMP Simmons,2007-2019,49,3,6,0,55,6,Apr-19,9.16,9.16,6,1,0,
374,32,TB Sole,2019-2019,9,6,21,0,137,6,Feb-15,22.83,6.52,21,0,0,
375,33,Soumya Sarkar,2015-2019,46,13,23.3,0,249,6,Feb-29,41.5,10.59,23.5,0,0,
376,35,Tariq Aziz,2019-2019,4,4,16,0,70,6,Mar-20,11.66,4.37,16,0,0,
377,37,JDF Vandersay,2015-2019,10,10,35,1,262,6,Feb-26,43.66,7.48,35,0,0,
378,38,Waheed Ahmed,2019-2019,10,10,27,0,198,6,Mar-21,33,7.33,27,0,0,
379,39,KS Williamson,2011-2019,57,12,19.4,0,164,6,Feb-16,27.33,8.33,19.6,0,0,
380,40,Zeshan Arif,2019-2019,4,3,7.5,0,49,6,04-Oct,8.16,6.25,7.8,1,0,
381,41,Abdul Wahid,2019-2019,5,5,17,0,117,5,Feb-21,23.4,6.88,20.4,0,0,
382,42,CN Ackermann,2019-2019,11,10,25,0,147,5,01-Jun,29.4,5.88,30,0,0,
383,43,Ameel Mauroof,2019-2019,10,10,23,0,173,5,Feb-13,34.6,7.52,27.6,0,0,
384,44,Amjad Sher,2019-2019,5,5,18,2,88,5,Feb-22,17.6,4.88,21.6,0,0,
385,45,R Ankad,2019-2019,8,8,23.4,1,178,5,Mar-22,35.6,7.52,28.4,0,0,
386,46,Anshuman Rath,2015-2017,20,13,33,0,264,5,03-Jun,52.8,8,39.6,0,0,
387,47,Arshad Hayat,2019-2019,6,5,10,0,103,5,Feb-15,20.6,10.3,12,0,0,
388,48,Babar Ali,2019-2019,3,3,9,0,70,5,Feb-18,14,7.77,10.8,0,0,
389,49,V Baskaran,2019-2019,12,12,36,2,245,5,Feb-22,49,6.8,43.2,0,0,
390,0,S Bhari,2019-2019,6,6,18,0,113,5,Feb-22,22.6,6.27,21.6,0,0,
391,3,KJ Coetzer,2008-2019,58,5,11,0,71,5,Mar-25,14.2,6.45,13.2,0,0,
392,4,H Dandapani,2019-2019,5,5,15,0,90,5,02-Jun,18,6,18,0,0,
393,5,LA Dawson,2016-2018,6,6,20,0,152,5,Mar-27,30.4,7.6,24,0,0,
394,6,DM de Silva,2015-2019,13,7,15,0,100,5,Feb-22,20,6.66,18,0,0,
395,7,AC Douglas,2019-2019,10,2,4.2,0,30,5,May-18,6,6.92,5.2,0,1,
396,9,R Frylinck,2017-2018,3,3,10,0,62,5,Feb-20,12.4,6.2,12,0,0,
397,10,GC Galanis,2019-2019,2,2,4.2,0,32,5,Mar-32,6.4,7.38,5.2,0,0,
398,11,WT Gavera,2015-2017,6,6,17,1,113,5,Mar-17,22.6,6.64,20.4,0,0,
399,12,DAS Gunaratne,2016-2017,12,10,24.5,0,204,5,01-Nov,40.8,8.21,29.8,0,0,
400,13,MD Gunathilaka,2016-2019,21,9,15.4,0,128,5,02-Mar,25.6,8.17,18.8,0,0,
401,15,J Hurley,2019-2019,3,3,10,0,33,5,Mar-13,6.6,3.3,12,0,0,
402,16,Imran Anwar,2019-2019,4,4,16,0,134,5,Feb-24,26.8,8.37,19.2,0,0,
403,18,VJ Kingma,2016-2019,4,4,14.4,0,142,5,Feb-47,28.4,9.68,17.6,0,0,
404,19,SC Kuggeleijn,2019-2019,9,9,26.5,0,260,5,Feb-38,52,9.68,32.2,0,0,
405,20,R Kumar,2019-2019,4,3,12,0,98,5,Feb-28,19.6,8.16,14.4,0,0,
406,23,P Mishra,2019-2019,3,3,9,0,37,5,03-Dec,7.4,4.11,10.8,0,0,
407,24,DJ Mitchell,2019-2019,9,5,9.1,0,89,5,Feb-27,17.8,9.7,11,0,0,
408,25,Mosaddek Hossain,2016-2019,14,12,21.4,0,160,5,Feb-21,32,7.38,26,0,0,
409,26,Muhammad Nadeem,2019-2019,5,2,5,0,49,5,Mar-16,9.8,9.8,6,0,0,
410,27,Muhammad Saleem,2019-2019,4,4,11,1,45,5,Mar-19,9,4.09,13.2,0,0,
411,28,Muhammad Wafiq,2019-2019,4,4,16,1,114,5,03-Oct,22.8,7.12,19.2,0,0,
412,29,DM Nakrani,2019-2019,4,4,12,0,93,5,Feb-29,18.6,7.75,14.4,0,0,
413,30,W Nalisa,2019-2019,9,7,20,0,177,5,Feb-25,35.4,8.85,24,0,0,
414,34,MW Parkinson,2019-2019,2,2,6,0,61,5,Apr-47,12.2,10.16,7.2,1,0,
415,35,MIA Patel,2019-2019,3,3,12,0,83,5,Mar-25,16.6,6.91,14.4,0,0,
416,36,NK Patel,2019-2019,4,4,13,1,61,5,02-Aug,12.2,4.69,15.6,0,0,
417,37,SS Pathirana,2016-2017,5,5,15.5,0,119,5,Feb-23,23.8,7.51,19,0,0,
418,38,K Pierre,2018-2019,8,8,23,0,203,5,Feb-44,40.6,8.82,27.6,0,0,
419,39,J Rasu,2019-2019,13,2,3.5,0,44,5,May-36,8.8,11.47,4.6,0,1,
420,40,DMW Rawlins,2019-2019,11,11,37,0,285,5,Feb-22,57,7.7,44.4,0,0,
421,41,Raza Iqbal,2019-2019,5,4,13,0,85,5,Feb-20,17,6.53,15.6,0,0,
422,42,LH Rodrigues,2019-2019,4,4,13,1,61,5,Mar-15,12.2,4.69,15.6,0,0,
423,43,HAM Shah,2019-2019,9,4,10,0,86,5,Apr-23,17.2,8.6,12,1,0,
424,44,KD Shah,2014-2019,26,9,24,1,190,5,Feb-31,38,7.91,28.8,0,0,
425,45,V Shankar,2018-2019,9,6,21,0,191,5,Feb-32,38.2,9.09,25.2,0,0,
426,46,Sharafuddin Ashraf,2015-2019,8,8,25,1,201,5,Mar-27,40.2,8.04,30,0,0,
427,47,Sohail Khan,2008-2017,5,5,15,0,123,5,Feb-13,24.6,8.2,18,0,0,
428,48,ACF Stokes,2019-2019,7,7,23.2,0,152,5,Feb-26,30.4,6.51,28,0,0,
429,49,Tauqeer Hussain,2019-2019,4,4,9.3,0,48,5,02-Dec,9.6,5.05,11.4,0,0,
430,2,Usama Master,2019-2019,6,5,13.1,0,106,5,Feb-24,21.2,8.05,15.8,0,0,
431,4,W Viraliliu,2019-2019,10,9,20.2,0,164,5,Mar-19,32.8,8.06,24.4,0,0,
432,5,S Waqas Ahmed,2019-2019,5,4,10,0,83,5,Feb-24,16.6,8.3,12,0,0,
433,6,AA Westphal,2019-2019,5,5,19,0,65,5,02-Oct,13,3.42,22.8,0,0,
434,7,BTJ Wheal,2016-2017,5,5,17.2,0,143,5,Mar-20,28.6,8.25,20.8,0,0,
435,9,Yasar Haroon,2019-2019,4,4,13,1,72,5,Feb-18,14.4,5.53,15.6,0,0,
436,10,Yasir Ali,2019-2019,9,5,9.5,0,52,5,02-Nov,10.4,5.28,11.8,0,0,
437,11,Abul Hasan,2012-2018,5,5,14,0,148,4,Feb-33,37,10.57,21,0,0,
438,12,Abu Jayed,2018-2018,3,3,11,0,106,4,Feb-27,26.5,9.63,16.5,0,0,
439,13,Afif Hossain,2018-2019,8,5,10,1,79,4,02-Sep,19.75,7.9,15,0,0,
440,14,SA Ahmad,2019-2019,5,3,9,1,40,4,03-Sep,10,4.44,13.5,0,0,
441,15,D Ajekun,2019-2019,6,6,11.1,0,76,4,01-May,19,6.8,16.7,0,0,
442,17,MA Aponso,2018-2018,3,3,10,0,79,4,Feb-29,19.75,7.9,15,0,0,
443,18,Arslan Ahmed,2019-2019,3,3,9,1,40,4,Mar-15,10,4.44,13.5,0,0,
444,19,Ashiqullah Said,2019-2019,3,3,11,0,82,4,Feb-34,20.5,7.45,16.5,0,0,
445,20,A Aspiotis,2019-2019,3,3,11,0,71,4,Feb-24,17.75,6.45,16.5,0,0,
446,21,Asrar Ahmed,2019-2019,3,3,10,2,46,4,02-Apr,11.5,4.6,15,0,0,
447,23,R Avery,2019-2019,4,4,11,0,66,4,Feb-13,16.5,6,16.5,0,0,
448,24,JD Baker,2019-2019,4,4,13,0,107,4,Feb-32,26.75,8.23,19.5,0,0,
449,26,HH Banner,2019-2019,3,3,12,1,67,4,Feb-18,16.75,5.58,18,0,0,
450,28,S Bau,2016-2019,23,10,14,0,79,4,02-Apr,19.75,5.64,21,0,0,
451,29,TS Braat,2019-2019,3,3,10,0,70,4,Mar-26,17.5,7,15,0,0,
452,31,J Bulele,2019-2019,7,5,14.2,0,107,4,Feb-30,26.75,7.46,21.5,0,0,
453,32,DE Burgess,2019-2019,4,3,8.3,0,86,4,Mar-47,21.5,10.11,12.7,0,0,
454,34,MD Dai,2015-2017,9,9,25,0,157,4,Feb-13,39.25,6.28,37.5,0,0,
455,35,I Danladi,2019-2019,3,3,9,0,52,4,02-Oct,13,5.77,13.5,0,0,
456,36,K Dasan,2019-2019,3,2,8,0,52,4,Mar-23,13,6.5,12,0,0,
457,38,RR Emrit,2018-2018,4,4,16,0,156,4,Jan-24,39,9.75,24,0,0,
458,39,S Goustis,2019-2019,3,3,9,1,42,4,Feb-28,10.5,4.66,13.5,0,0,
459,40,Jandu Hamoud,2019-2019,6,6,16,0,112,4,Feb-25,28,7,24,0,0,
460,42,MC Henriques,2009-2017,11,7,17,0,158,4,Feb-35,39.5,9.29,25.5,0,0,
461,43,MG Hunter,2019-2019,4,4,11.3,0,63,4,Feb-22,15.75,5.47,17.2,0,0,
462,44,Hussain Talat,2018-2019,14,6,6,0,54,4,02-Dec,13.5,9,9,0,0,
463,45,AF Ifill,2019-2019,6,6,18.3,1,151,4,01-Jul,37.75,8.16,27.7,0,0,
464,46,Imran Bulbulia,2019-2019,3,3,10,0,59,4,Feb-20,14.75,5.9,15,0,0,
465,47,RK Inampud,2019-2019,3,3,12,0,68,4,Feb-29,17,5.66,18,0,0,
466,48,DF Jacobs,2019-2019,4,2,5,0,26,4,Apr-13,6.5,5.2,7.5,1,0,
467,0,MO Jones,2019-2019,8,7,15,0,116,4,Feb-26,29,7.73,22.5,0,0,
468,2,S Kaul,2018-2019,3,3,9.4,0,84,4,Feb-35,21,8.68,14.5,0,0,
469,3,S Kizilkaya,2019-2019,4,4,9,0,74,4,02-Sep,18.5,8.22,13.5,0,0,
470,4,V Kohli,2010-2019,75,12,24.2,0,198,4,Jan-13,49.5,8.13,36.5,0,0,
471,5,A Krishna,2019-2019,4,4,12,0,121,4,Mar-27,30.25,10.08,18,0,0,
472,7,A Lark,2019-2019,5,4,10.5,0,55,4,Mar-20,13.75,5.07,16.2,0,0,
473,11,T Lungameni,2019-2019,6,6,16,1,88,4,Feb-16,22,5.5,24,0,0,
474,13,CS MacLeod,2009-2019,49,11,23,0,174,4,Feb-17,43.5,7.56,34.5,0,0,
475,16,Mehidy Hasan Miraz,2017-2018,13,13,36,0,330,4,Feb-31,82.5,9.16,54,0,0,
476,17,K Mendon,2019-2019,6,5,8.4,0,78,4,Mar-19,19.5,9,13,0,0,
477,18,Mohammad Ahsan,2019-2019,6,6,20,0,192,4,Feb-31,48,9.6,30,0,0,
478,22,C Munro,2012-2019,60,12,19.4,0,186,4,01-Dec,46.5,9.45,29.5,0,0,
479,24,Najjam Shahzad,2019-2019,4,4,12.2,0,65,4,Feb-16,16.25,5.27,18.5,0,0,
480,25,Nawroz Mangal,2010-2017,32,6,10,0,80,4,Mar-23,20,8,15,0,0,
481,26,Nazril Rahman,2019-2019,7,7,17,0,166,4,Feb-28,41.5,9.76,25.5,0,0,
482,27,SN Netravalkar,2019-2019,8,8,22.4,0,161,4,Feb-28,40.25,7.1,34,0,0,
483,29,Nizakat Khan,2014-2019,34,5,14,0,83,4,Mar-19,20.75,5.92,21,0,0,
484,31,GM Ntambalika,2019-2019,3,3,9,0,56,4,Feb-13,14,6.22,13.5,0,0,
485,34,RR Patel,2008-2019,30,7,15,0,104,4,Feb-19,26,6.93,22.5,0,0,
486,36,S Pillai,2019-2019,3,3,8.4,0,56,4,Mar-14,14,6.46,13,0,0,
487,37,EB Ringera,2019-2019,1,1,4,0,18,4,Apr-18,4.5,4.5,6,1,0,
488,38,S Rossi,2019-2019,5,3,6.5,2,21,4,Feb-15,5.25,3.07,10.2,0,0,
489,39,Sahir Naqash,2019-2019,7,5,9,0,52,4,02-Mar,13,5.77,13.5,0,0,
490,40,O Sam Arthur,2019-2019,3,3,9,0,76,4,Feb-21,19,8.44,13.5,0,0,
491,41,MM Sarwar,2019-2019,5,4,10.4,0,99,4,Feb-13,24.75,9.28,16,0,0,
492,42,A Sathya,2019-2019,3,3,11.3,0,76,4,Feb-32,19,6.6,17.2,0,0,
493,44,L Shafeeg,2019-2019,3,3,11,0,76,4,Mar-33,19,6.9,16.5,0,0,
494,46,NK Shetty,2019-2019,2,2,8,0,42,4,Mar-17,10.5,5.25,12,0,0,
495,47,L Sipamla,2019-2019,5,5,15.4,0,131,4,Feb-22,32.75,8.36,23.5,0,0,
496,49,DC Stovell,2019-2019,6,6,17.2,0,126,4,Feb-21,31.5,7.26,26,0,0,
497,1,Syed Aziz,2019-2019,14,8,24.5,0,187,4,Feb-33,46.75,7.53,37.2,0,0,
498,3,A Uniyal,2019-2019,3,3,9,1,59,4,Mar-17,14.75,6.55,13.5,0,0,
499,4,Usman Ali,2019-2019,5,5,19,0,130,4,Jan-21,32.5,6.84,28.5,0,0,
500,5,TCW Veillard,2019-2019,4,4,16,0,93,4,Jan-15,23.25,5.81,24,0,0,
501,7,Waqas Barkat,2014-2019,22,10,21.2,0,152,4,Feb-13,38,7.12,32,0,0,
502,8,SMK Waththage,2019-2019,5,5,12,3,66,4,03-Apr,16.5,5.5,18,0,0,
503,11,SA Abbott,2014-2019,4,4,10,0,61,3,Feb-14,20.33,6.1,20,0,0,
504,12,AS Abioye,2019-2019,5,4,10,0,87,3,Feb-26,29,8.7,20,0,0,
505,15,A Ahmadhel,2019-2019,3,3,10,0,75,3,Feb-16,25,7.5,20,0,0,
506,16,S Appu,2019-2019,4,4,9,0,74,3,Jan-21,24.66,8.22,18,0,0,
507,17,MNM Aslam,2019-2019,6,5,14,0,85,3,Jan-13,28.33,6.07,28,0,0,
508,18,TD Astle,2016-2019,3,3,8,0,69,3,Mar-28,23,8.62,16,0,0,
509,19,V Ateak,2019-2019,4,3,11,0,94,3,Feb-36,31.33,8.54,22,0,0,
510,21,G Bakiweyem,2019-2019,3,3,10,0,62,3,Feb-15,20.66,6.2,20,0,0,
511,22,S Bantzas,2019-2019,1,1,3,0,12,3,03-Dec,4,4,6,0,0,
512,23,F Behardien,2012-2018,38,3,5,0,27,3,Feb-15,9,5.4,10,0,0,
513,24,P Bhart,2019-2019,5,4,12,1,68,3,Feb-29,22.66,5.66,24,0,0,
514,25,PRP Boissevain,2019-2019,4,4,16,0,116,3,Jan-19,38.66,7.25,32,0,0,
515,27,PR Brown,2019-2019,4,4,13,0,128,3,Jan-29,42.66,9.84,26,0,0,
516,28,P Buccimazza,2019-2019,4,4,13,0,86,3,Feb-18,28.66,6.61,26,0,0,
517,29,N Buckle,2019-2019,3,3,10,0,76,3,Mar-26,25.33,7.6,20,0,0,
518,31,HL Carlyon,2019-2019,9,3,6,0,42,3,Mar-15,14,7,12,0,0,
519,32,MS Chapman,2014-2018,24,4,10,0,77,3,01-Oct,25.66,7.7,20,0,0,
520,33,M Chauhan,2019-2019,2,2,8,1,38,3,Feb-16,12.66,4.75,16,0,0,
521,35,M Cope,2019-2019,2,2,5,0,61,3,Feb-23,20.33,12.2,10,0,0,
522,36,BCJ Cutting,2013-2017,7,7,21,0,215,3,Jan-18,71.66,10.23,42,0,0,
523,37,TH David,2019-2019,12,9,22.2,0,202,3,Jan-18,67.33,9.04,44.6,0,0,
524,38,NS Dhaliwal,2019-2019,12,5,8,0,43,3,01-Nov,14.33,5.37,16,0,0,
525,39,SDJJ Dima,2019-2019,4,2,5,0,57,3,Mar-41,19,11.4,10,0,0,
526,40,S Dube,2019-2019,6,6,12.3,0,114,3,Mar-30,38,9.12,25,0,0,
527,42,L Evile,2019-2019,4,4,12,1,67,3,1/0,22.33,5.58,24,0,0,
528,46,P Florin,2019-2019,4,2,1.4,0,10,3,02-Mar,3.33,6,3.3,0,0,
529,47,BC Fortuin,2019-2019,2,2,7,0,51,3,Feb-19,17,7.28,14,0,0,
530,49,CJ Gannon,2019-2019,4,3,9,0,67,3,Feb-21,22.33,7.44,18,0,0,
531,5,Hayatullah Niazi,2019-2019,4,4,10,0,81,3,Jan-19,27,8.1,20,0,0,
532,6,J Hill,2019-2019,4,2,6,0,50,3,Feb-27,16.66,8.33,12,0,0,
533,7,J Hirschi,2019-2019,4,4,11,0,96,3,Feb-18,32,8.72,22,0,0,
534,8,Z Hoque,2019-2019,3,3,12,0,51,3,Jan-13,17,4.25,24,0,0,
535,9,JJ Huo,2019-2019,7,3,10,0,56,3,Mar-14,18.66,5.6,20,0,0,
536,10,Ijaz Hussain,2019-2019,3,3,9.5,0,89,3,Feb-19,29.66,9.05,19.6,0,0,
537,11,D Jakiel,2019-2019,2,2,7,0,44,3,Feb-27,14.66,6.28,14,0,0,
538,12,GSNFG Jayasuriya,2015-2019,16,10,21.5,0,202,3,01-Nov,67.33,9.25,43.6,0,0,
539,13,Kaleemullah,2017-2019,6,6,19,1,132,3,Feb-23,44,6.94,38,0,0,
540,14,Kaleem Shah,2019-2019,7,6,17,0,130,3,Feb-24,43.33,7.64,34,0,0,
541,17,P Kerai,2019-2019,6,5,11,0,82,3,Mar-15,27.33,7.45,22,0,0,
542,18,J Kila,2019-2019,12,9,17,0,99,3,01-May,33,5.82,34,0,0,
543,19,AC Kose,2019-2019,4,2,8,0,116,3,Feb-62,38.66,14.5,16,0,0,
544,21,CBRLS Kumara,2019-2019,3,3,12,0,97,3,Feb-24,32.33,8.08,24,0,0,
545,22,UKPW Kumaranayaka,2019-2019,3,3,12,0,102,3,Feb-26,34,8.5,24,0,0,
546,23,NCK Liyanage,2019-2019,6,5,14,0,100,3,Jan-19,33.33,7.14,28,0,0,
547,25,S Mahmood,2019-2019,3,3,10,0,115,3,Jan-20,38.33,11.5,20,0,0,
548,27,MSS Mandy,2019-2019,4,3,8,0,43,3,Feb-19,14.33,5.37,16,0,0,
549,29,TS Mills,2016-2018,5,5,19,1,129,3,Jan-27,43,6.78,38,0,0,
550,31,K Modise,2019-2019,3,2,5,0,41,3,Mar-18,13.66,8.2,10,0,0,
551,32,Mohammad Ghazanfar,2019-2019,5,5,14,0,85,3,02-Nov,28.33,6.07,28,0,0,
552,33,Mohammad Hasnain,2019-2019,4,4,16,0,137,3,Mar-37,45.66,8.56,32,0,0,
553,34,Mohammed Siraj,2017-2018,3,3,12,0,148,3,Jan-45,49.33,12.33,24,0,0,
554,35,Musa Shaheen,2019-2019,1,1,2.2,0,11,3,03-Nov,3.66,4.71,4.6,0,0,
555,37,A Nathwani,2019-2019,5,4,10,0,79,3,01-Sep,26.33,7.9,20,0,0,
556,38,MP O'Dowd,2015-2019,36,9,12.4,0,119,3,01-Jul,39.66,9.39,25.3,0,0,
557,39,HC Overdijk,2018-2019,4,3,8,0,72,3,Feb-23,24,9,16,0,0,
558,43,J Perman,2019-2019,2,2,8,0,41,3,Feb-18,13.66,5.12,16,0,0,
559,44,R Pisal,2019-2019,1,1,3,0,4,3,03-Apr,1.33,1.33,6,0,0,
560,45,D Pretorius,2017-2019,6,6,14,0,116,3,01-Dec,38.66,8.28,28,0,0,
561,47,Raja Adeel,2019-2019,3,3,11,0,36,3,Feb-15,12,3.27,22,0,0,
562,49,KB Ratilal,2019-2019,3,3,12,0,61,3,Feb-18,20.33,5.08,24,0,0,
563,0,WJR Robertson,2019-2019,6,6,18.1,1,101,3,01-Jul,33.66,5.55,36.3,0,0,
564,1,M Sert,2019-2019,4,4,10,0,93,3,Feb-38,31,9.3,20,0,0,
565,4,Shiraz Khan,2019-2019,6,6,20,0,140,3,Feb-35,46.66,7,40,0,0,
566,5,Shoaib Ali,2019-2019,5,5,15.3,0,129,3,Feb-25,43,8.32,31,0,0,
567,6,DJM Short,2018-2019,20,9,19,0,151,3,Jan-13,50.33,7.94,38,0,0,
568,8,Sikander Zulfiqar,2016-2019,11,7,10,0,79,3,01-Sep,26.33,7.9,20,0,0,
569,9,KM Silva,2019-2019,3,2,3,0,18,3,02-Jan,6,6,6,0,0,
570,10,M Simpson-Parker,2019-2019,3,3,5,0,40,3,02-Jun,13.33,8,10,0,0,
571,11,S Singh,2019-2019,4,4,11,0,110,3,Mar-32,36.66,10,22,0,0,
572,12,DC Smith,2019-2019,4,4,11,0,89,3,01-Aug,29.66,8.09,22,0,0,
573,13,A Srivastav,2019-2019,4,3,8,0,73,3,Feb-28,24.33,9.12,16,0,0,
574,14,H Ssenyondo,2019-2019,4,3,10,0,48,3,Mar-14,16,4.8,20,0,0,
575,16,Suhail Sadiq,2019-2019,2,2,6,0,45,3,Feb-13,15,7.5,12,0,0,
576,17,Syazrul Idrus,2019-2019,2,2,7,0,64,3,Feb-31,21.33,9.14,14,0,0,
577,18,Tahir Dar,2019-2019,4,4,14,0,128,3,Feb-31,42.66,9.14,28,0,0,
578,19,Tanveer Ahmed,2016-2017,5,5,13.3,0,116,3,Feb-29,38.66,8.59,27,0,0,
579,20,SR Taylor,2019-2019,8,5,13,1,70,3,02-Oct,23.33,5.38,26,0,0,
580,22,SF Tiai,2019-2019,4,4,11,0,82,3,Feb-16,27.33,7.45,22,0,0,
581,23,BM Tickner,2019-2019,3,3,12,0,109,3,Feb-25,36.33,9.08,24,0,0,
582,25,AJ Turner,2017-2019,11,3,6,0,42,3,02-Dec,14,7,12,0,0,
583,27,Vichanath Singh,2019-2019,4,4,16,1,90,3,Jan-15,30,5.62,32,0,0,
584,28,Virandeep Singh,2019-2019,12,8,17.2,0,135,3,Feb-15,45,7.78,34.6,0,0,
585,31,SG Whittingham,2018-2018,3,3,10,0,79,3,Feb-33,26.33,7.9,20,0,0,
586,32,S Wickramasekara,2019-2019,5,5,15.3,1,93,3,02-Feb,31,6,31,0,0,
587,35,Zaki Ul Hassan,2019-2019,3,3,9,0,56,3,01-Dec,18.66,6.22,18,0,0,
588,36,C Zavoiu,2019-2019,3,1,1,0,4,3,03-Apr,1.33,4,2,0,0,
589,38,Zulqarnain Haider,2019-2019,5,5,13,0,60,3,01-Jul,20,4.61,26,0,0,
590,39,Aamer Yamin,2015-2018,2,2,6,0,37,2,01-Dec,18.5,6.16,18,0,0,
591,40,Aaron Jones,2019-2019,8,3,7,0,28,2,01-Jun,14,4,21,0,0,
592,42,AG Achar,2019-2019,3,3,6,0,44,2,01-Sep,22,7.33,18,0,0,
593,43,Ahmed Hassan,2019-2019,11,5,7.3,0,81,2,01-Aug,40.5,10.8,22.5,0,0,
594,44,Ali Naqi,2019-2019,4,4,10,0,65,2,Feb-20,32.5,6.5,30,0,0,
595,46,Anique Uddin,2019-2019,6,2,2.3,0,14,2,02-Dec,7,5.6,7.5,0,0,
596,47,DNA Ankrah,2019-2019,4,4,12,1,85,2,Jan-21,42.5,7.08,36,0,0,
597,48,Apon Mustafizur,2019-2019,2,1,3,0,30,2,Feb-30,15,10,9,0,0,
598,49,Aqib Ilyas,2015-2019,22,4,9,0,59,2,01-Sep,29.5,6.55,27,0,0,
599,0,S Arachchige,2019-2019,4,4,6,0,42,2,Feb-15,21,7,18,0,0,
600,1,JC Archer,2019-2019,1,1,4,0,29,2,Feb-29,14.5,7.25,12,0,0,
601,2,Ashfaq Ahmed,2018-2019,12,2,6,0,34,2,Jan-14,17,5.66,18,0,0,
602,3,Atif Kamal,2019-2019,4,4,14,0,90,2,02-May,45,6.42,42,0,0,
603,4,Aziz Mohammad,2019-2019,3,3,12,0,84,2,Jan-18,42,7,36,0,0,
604,5,MO Bacarese,2019-2019,3,3,12,0,51,2,Jan-15,25.5,4.25,36,0,0,
605,7,JT Ball,2018-2018,2,2,7,0,83,2,Jan-39,41.5,11.85,21,0,0,
606,8,GG Banner,2019-2019,3,1,3.3,0,10,2,02-Oct,5,2.85,10.5,0,0,
607,9,W Barresi,2012-2019,42,3,5.4,0,49,2,01-Mar,24.5,8.64,17,0,0,
608,11,P Chandran,2019-2019,3,2,4,0,45,2,Jan-22,22.5,11.25,12,0,0,
609,12,FA Cossa,2019-2019,6,5,14,0,110,2,Jan-24,55,7.85,42,0,0,
610,14,DK Dahyabhai Ahir,2019-2019,2,2,3,0,27,2,02-Nov,13.5,9,9,0,0,
611,20,N Dipakkumar Patel,2019-2019,3,3,10,0,42,2,Feb-17,21,4.2,30,0,0,
612,21,K Dorji,2019-2019,2,2,7,0,69,2,Feb-45,34.5,9.85,21,0,0,
613,22,Ehsan Nawaz,2014-2017,5,5,7.4,0,79,2,Jan-22,39.5,10.3,23,0,0,
614,24,Fakhrul Mohon,2019-2019,4,4,14,2,85,2,Jan-21,42.5,6.07,42,0,0,
615,25,V Ganesan,2019-2019,4,4,9,1,44,2,01-Oct,22,4.88,27,0,0,
616,27,D Gim,2019-2019,6,4,6,0,65,2,Jan-18,32.5,10.83,18,0,0,
617,28,Hafez Farooq,2019-2019,4,1,2,0,14,2,Feb-14,7,7,6,0,0,
618,29,LHB Harrington-Myers,2019-2019,4,2,4,0,26,2,Feb-13,13,6.5,12,0,0,
619,32,Imran Ashraf,2019-2019,3,3,9,0,78,2,Feb-23,39,8.66,27,0,0,
620,35,J Jojo,2019-2019,7,5,17,0,98,2,Feb-25,49,5.76,51,0,0,
621,37,Junaid Sheikh,2019-2019,5,5,16,1,104,2,Jan-21,52,6.5,48,0,0,
622,39,D Kegasitswe,2019-2019,4,3,12,0,156,2,Jan-43,78,13,36,0,0,
623,41,AK Kitchen,2017-2018,5,3,6,0,46,2,01-Mar,23,7.66,18,0,0,
624,42,Kuldeep Lal,2019-2019,8,4,9,0,100,2,Feb-33,50,11.11,27,0,0,
625,46,Lucky Ali,2019-2019,2,2,7,1,40,2,Jan-19,20,5.71,21,0,0,
626,48,DSK Madushanka,2018-2018,2,2,5.1,0,62,2,Feb-23,31,12,15.5,0,0,
627,49,R Mahajan,2019-2019,3,3,10,0,93,2,Jan-18,46.5,9.3,30,0,0,
628,2,P Manning,2019-2019,6,4,8,0,53,2,02-Mar,26.5,6.62,24,0,0,
629,3,B Masaba,2019-2019,1,1,4,0,14,2,Feb-14,7,3.5,12,0,0,
630,4,H Masakadza,2006-2019,66,9,12,0,113,2,01-Apr,56.5,9.41,36,0,0,
631,6,B Mavuta,2018-2018,3,3,12,0,81,2,Jan-19,40.5,6.75,36,0,0,
632,7,Z McLaughlin,2019-2019,3,3,7.1,0,54,2,Feb-30,27,7.53,21.5,0,0,
633,9,Mohameed Taiwo,2019-2019,2,2,8,0,41,2,Jan-16,20.5,5.12,24,0,0,
634,10,Mohammad Adnan,2019-2019,5,5,17,0,120,2,Jan-27,60,7.05,51,0,0,
635,11,Mohsin Hub,2019-2019,4,3,9,0,39,2,Jan-14,19.5,4.33,27,0,0,
636,12,Muhammad Rafique,2019-2019,2,2,5,0,63,2,Jan-31,31.5,12.6,15,0,0,
637,13,S Murari,2019-2019,3,3,10,0,52,2,01-Oct,26,5.2,30,0,0,
638,14,LA Musiani,2019-2019,5,4,15,1,69,2,Jan-16,34.5,4.6,45,0,0,
639,17,R Ngarava,2019-2019,1,1,4,0,48,2,Feb-48,24,12,12,0,0,
640,18,F Nsubuga,2019-2019,3,3,8,0,46,2,Feb-19,23,5.75,24,0,0,
641,19,L Nussbaumer,2019-2019,1,1,4,0,44,2,Feb-44,22,11,12,0,0,
642,20,E Packard,2019-2019,4,4,11,0,79,2,01-Aug,39.5,7.18,33,0,0,
643,22,NMS Param,2019-2019,8,3,8,0,55,2,Feb-24,27.5,6.87,24,0,0,
644,23,HH Patel,2019-2019,7,5,13,0,104,2,Feb-13,52,8,39,0,0,
645,25,N Pathan,2019-2019,4,4,6,0,60,2,01-Nov,30,10,18,0,0,
646,27,R Powell,2017-2019,23,4,8,0,74,2,Jan-20,37,9.25,24,0,0,
647,28,A Pusthay,2019-2019,5,4,10,0,90,2,Feb-26,45,9,30,0,0,
648,29,S Rakshit,2019-2019,7,5,12.5,0,99,2,01-Nov,49.5,7.71,38.5,0,0,
649,30,S Ravikumar,2019-2019,3,3,6.2,0,56,2,01-Dec,28,8.84,19,0,0,
650,35,SI Runsewe,2019-2019,6,2,2.3,0,23,2,01-Apr,11.5,9.2,7.5,0,0,
651,37,Sadeeq Khan,2019-2019,3,3,12,0,63,2,Jan-21,31.5,5.25,36,0,0,
652,38,TK Saha,2019-2019,4,4,10,0,88,2,Jan-22,44,8.8,30,0,0,
653,39,Sajid Liaqat,2019-2019,2,2,8,0,72,2,Jan-30,36,9,24,0,0,
654,40,Sandeep Goud,2019-2019,12,2,6,0,48,2,Feb-36,24,8,18,0,0,
655,41,Saqib Zulfiqar,2018-2019,6,4,9,0,61,2,01-Apr,30.5,6.77,27,0,0,
656,42,Saqlain Ali,2019-2019,2,2,7,0,36,2,01-Dec,18,5.14,21,0,0,
657,43,Sarfaraz Ali,2019-2019,4,3,8,0,60,2,Feb-20,30,7.5,24,0,0,
658,44,P Sarraf,2019-2019,9,6,11,1,58,2,01-Mar,29,5.27,33,0,0,
659,46,Shaffeq Muhammad,2019-2019,2,2,7,1,21,2,02-Dec,10.5,3,21,0,0,
660,0,LA Simango,2019-2019,3,3,6.1,0,55,2,Feb-20,27.5,8.91,18.5,0,0,
661,1,OF Smith,2018-2018,2,2,7,0,78,2,Jan-38,39,11.14,21,0,0,
662,2,CB Sole,2017-2018,4,4,16,0,141,2,Feb-38,70.5,8.81,48,0,0,
663,3,AL Stephen,2019-2019,2,2,7,0,29,2,Feb-15,14.5,4.14,21,0,0,
664,4,MJ Swepson,2018-2018,1,1,4,0,37,2,Feb-37,18.5,9.25,12,0,0,
665,5,T Taylor,2019-2019,6,4,9,0,74,2,Jan-17,37,8.22,27,0,0,
666,9,T Turan,2019-2019,4,3,8.1,0,111,2,Jan-32,55.5,13.59,24.5,0,0,
667,10,S Vashisht,2019-2019,3,3,9,1,31,2,01-May,15.5,3.44,27,0,0,
668,12,Waqas Maqsood,2018-2018,1,1,1.5,0,21,2,Feb-21,10.5,11.45,5.5,0,0,
669,16,C Wright,2019-2019,6,4,7,0,53,2,Feb-34,26.5,7.57,21,0,0,
670,17,HN Ya France,2019-2019,6,6,13,0,82,2,01-Mar,41,6.3,39,0,0,
671,18,Zain ul Tashnam,2019-2019,3,2,8,1,35,2,Jan-16,17.5,4.37,24,0,0,
672,19,S Zargar,2019-2019,1,1,3,0,22,2,Feb-22,11,7.33,9,0,0,
673,20,Ziaur Rahman,2019-2019,1,1,4,0,42,2,Feb-42,21,10.5,12,0,0,
674,21,Adnan Idrees,2019-2019,6,3,7,0,67,1,Jan-34,67,9.57,42,0,0,
675,22,N Advani,2019-2019,1,1,3,0,12,1,01-Dec,12,4,18,0,0,
676,23,Aftab Ahmed (2),2019-2019,1,1,1,0,10,1,01-Oct,10,10,6,0,0,
677,25,J Allen,2019-2019,2,2,2,0,19,1,01-Jul,19,9.5,12,0,0,
678,26,TP Allen,2019-2019,5,2,3,0,28,1,01-Nov,28,9.33,18,0,0,
679,28,Amir Mangal,2019-2019,9,5,6.4,0,57,1,Jan-17,57,8.55,40,0,0,
680,30,Ariful Haque,2018-2018,9,1,1,0,13,1,Jan-13,13,13,6,0,0,
681,31,B Arora,2019-2019,4,4,11.1,0,75,1,Jan-26,75,6.71,67,0,0,
682,32,Asad Mohammad,2019-2019,9,8,24,0,158,1,Jan-18,158,6.58,144,0,0,
683,33,Asghar Afghan,2010-2019,66,1,0.4,0,4,1,01-Apr,4,6,4,0,0,
684,34,AA Banner,2019-2019,3,2,8,0,39,1,Jan-18,39,4.87,48,0,0,
685,37,SR Bhudia,2019-2019,4,4,9,0,63,1,01-Jun,63,7,54,0,0,
686,39,CC Blake,2019-2019,3,3,8,0,49,1,Jan-15,49,6.12,48,0,0,
687,42,DL Brangman,2019-2019,5,5,7,0,84,1,Jan-19,84,12,42,0,0,
688,44,A Carthew,2019-2019,4,1,2,0,19,1,Jan-19,19,9.5,12,0,0,
689,45,RD Chahar,2019-2019,1,1,3,0,27,1,Jan-27,27,9,18,0,0,
690,46,Charanjeet Singh,2019-2019,3,2,5,0,35,1,Jan-18,35,7,30,0,0,
691,47,MS Crane,2017-2017,2,2,8,0,62,1,Jan-38,62,7.75,48,0,0,
692,48,H Dajc,2019-2019,2,1,4,0,36,1,Jan-36,36,9,24,0,0,
693,2,M Dixit,2019-2019,3,3,9,0,93,1,Jan-51,93,10.33,54,0,0,
694,3,KR Ebanks,2019-2019,5,5,11,0,104,1,Jan-25,104,9.45,66,0,0,
695,4,Faisal Khan,2019-2019,4,1,2,0,21,1,Jan-21,21,10.5,12,0,0,
696,6,Fiaz Ahmad,2019-2019,3,3,5,0,56,1,Jan-13,56,11.2,30,0,0,
697,7,KK Flowers,2019-2019,3,1,2,0,16,1,Jan-16,16,8,12,0,0,
698,8,C Floyd,2019-2019,2,2,5,0,51,1,Jan-14,51,10.2,30,0,0,
699,9,C Fry,2019-2019,3,3,7,1,62,1,01-Mar,62,8.85,42,0,0,
700,10,MD Garratt,2019-2019,4,1,2.5,0,12,1,01-Dec,12,4.23,17,0,0,
701,12,NA Greenwood,2019-2019,8,2,2,0,14,1,01-Apr,14,7,12,0,0,
702,13,L Gregory,2019-2019,5,2,4,0,29,1,01-Oct,29,7.25,24,0,0,
703,14,Hardev Singh,2019-2019,3,1,1,0,12,1,01-Dec,12,12,6,0,0,
704,16,Haroon Arshad,2019-2019,10,8,13.5,0,108,1,01-Apr,108,7.8,83,0,0,
705,17,Haroon Mughal,2019-2019,4,2,3,0,31,1,Jan-17,31,10.33,18,0,0,
706,18,TM Head,2016-2018,16,3,4,0,39,1,Jan-16,39,9.75,24,0,0,
707,19,R Hekure,2019-2019,8,6,4.5,0,37,1,01-Jun,37,7.65,29,0,0,
708,21,S Hongsi,2019-2019,3,2,3,0,35,1,Jan-15,35,11.66,18,0,0,
709,22,A Husain,2019-2019,5,4,10,0,51,1,01-Jun,51,5.1,60,0,0,
710,23,GM Hyde,2019-2019,3,2,5,0,43,1,Jan-14,43,8.6,30,0,0,
711,24,Ibrahim Rizan,2019-2019,5,4,8.1,0,63,1,Jan-22,63,7.71,49,0,0,
712,27,Irfan Mir,2019-2019,4,4,15,0,73,1,Jan-26,73,4.86,90,0,0,
713,28,E Isaneez,2019-2019,3,3,9.2,0,53,1,Jan-16,53,5.67,56,0,0,
714,29,Ismat Ullah,2019-2019,4,2,4,0,16,1,01-Sep,16,4,24,0,0,
715,30,Jaspreet Singh,2019-2019,5,2,5,0,53,1,Jan-26,53,10.6,30,0,0,
716,31,D Kansonkho,2019-2019,7,3,7.3,0,60,1,Jan-15,60,8,45,0,0,
717,33,N Khanna,2019-2019,2,2,4,0,47,1,Jan-26,47,11.75,24,0,0,
718,34,B Khumalo,2019-2019,3,3,11,0,96,1,Jan-23,96,8.72,66,0,0,
719,37,JH Kiani,2019-2019,4,1,4,0,26,1,Jan-26,26,6.5,24,0,0,
720,38,H Lakov,2019-2019,3,3,12,1,72,1,Jan-23,72,6,72,0,0,
721,39,CA Liyanage,2019-2019,2,2,5,0,47,1,Jan-33,47,9.4,30,0,0,
722,40,J Long,2019-2019,2,1,2,0,26,1,Jan-26,26,13,12,0,0,
723,41,NM Lyon,2016-2018,2,2,5,0,48,1,Jan-33,48,9.6,30,0,0,
724,43,OC McCoy,2019-2019,2,1,3,0,44,1,Jan-44,44,14.66,18,0,0,
725,44,Mahmad Data,2019-2019,2,2,5,0,31,1,Jan-15,31,6.2,30,0,0,
726,45,A Makesh,2019-2019,4,4,9,1,79,1,Jan-19,79,8.77,54,0,0,
727,46,DJ Malan,2017-2019,9,1,2,0,27,1,Jan-27,27,13.5,12,0,0,
728,47,WJ Malinda,2019-2019,3,1,4,0,27,1,Jan-27,27,6.75,24,0,0,
729,48,OM Marshall,2019-2019,3,2,3,0,22,1,01-Oct,22,7.33,18,0,0,
730,0,T Maruma,2008-2019,13,2,3,0,20,1,01-Aug,20,6.66,18,0,0,
731,1,WT Mashinge,2019-2019,2,2,5,0,57,1,Jan-37,57,11.4,30,0,0,
732,2,N Master,2019-2019,2,1,4,0,30,1,Jan-30,30,7.5,24,0,0,
733,3,Md Shafiqul Haque,2019-2019,4,1,3,0,25,1,Jan-25,25,8.33,18,0,0,
734,4,DP Michael,2019-2019,4,1,3,0,32,1,Jan-32,32,10.66,18,0,0,
735,5,SF Mire,2018-2019,9,5,12,0,115,1,Jan-15,115,9.58,72,0,0,
736,6,Mohammad Boota,2019-2019,16,1,1,0,13,1,Jan-13,13,13,6,0,0,
737,9,MR Montfort,2019-2019,1,1,3,0,25,1,Jan-25,25,8.33,18,0,0,
738,11,Muhammad Tanveer,2019-2019,15,3,8,0,63,1,Jan-29,63,7.87,48,0,0,
739,12,D Muhumuza,2019-2019,4,3,5,0,35,1,Jan-15,35,7,30,0,0,
740,13,EMDY Munaweera,2012-2017,13,5,10,0,92,1,Jan-26,92,9.2,60,0,0,
741,15,Murid Ekrami,2019-2019,3,3,5,0,37,1,01-Oct,37,7.4,30,0,0,
742,17,NH Naureen,2019-2019,1,1,3,1,32,1,Jan-32,32,10.66,18,0,0,
743,18,Naveed Ahmed,2019-2019,7,5,9,0,56,1,Jan-15,56,6.22,54,0,0,
744,19,Nazakat Ali,2019-2019,2,2,3,0,16,1,01-Jun,16,5.33,18,0,0,
745,21,A Ndlovu,2019-2019,3,3,11,0,90,1,Jan-35,90,8.18,66,0,0,
746,22,R Neale,2019-2019,3,1,3,0,30,1,Jan-30,30,10,18,0,0,
747,24,D Nikolov,2019-2019,3,2,4,0,36,1,Jan-22,36,9,24,0,0,
748,25,K Nima,2019-2019,1,1,3,0,22,1,Jan-22,22,7.33,18,0,0,
749,26,Noman Kamawi,2019-2019,1,1,3,0,28,1,Jan-28,28,9.33,18,0,0,
750,28,E Ochieng,2019-2019,2,2,4,0,30,1,Jan-18,30,7.5,24,0,0,
751,30,AM Oyede,2019-2019,8,3,8,0,44,1,Jan-14,44,5.5,48,0,0,
752,31,RJG Palmer,2019-2019,2,2,4,0,27,1,01-Oct,27,6.75,24,0,0,
753,33,Parvez Rasool,2017-2017,1,1,4,0,32,1,Jan-32,32,8,24,0,0,
754,34,AY Patel,2018-2018,2,2,6,0,45,1,Jan-27,45,7.5,36,0,0,
755,36,JE Pitcher,2019-2019,3,3,7,0,50,1,Jan-26,50,7.14,42,0,0,
756,37,S Pokhriyal,2019-2019,5,1,2,0,22,1,Jan-22,22,11,12,0,0,
757,39,Qasim Zia,2019-2019,3,3,9,0,68,1,Jan-17,68,7.55,54,0,0,
758,40,Raag Kapur,2019-2019,4,3,7,0,49,1,Jan-26,49,7,42,0,0,
759,42,Ravinder Singh,2019-2019,2,2,6,0,72,1,Jan-36,72,12,36,0,0,
760,43,J Reb,2019-2019,2,1,3,0,40,1,Jan-40,40,13.33,18,0,0,
761,44,GA Reynold,2019-2019,3,3,8,1,49,1,Jan-17,49,6.12,48,0,0,
762,45,Riazat Ali Shah,2019-2019,4,3,7.4,0,58,1,Jan-20,58,7.56,46,0,0,
763,46,R Rivas,2019-2019,3,1,4,0,45,1,Jan-45,45,11.25,24,0,0,
764,47,Saber Zakhil,2019-2019,3,3,9,0,69,1,Jan-23,69,7.66,54,0,0,
765,48,S Saeed,2019-2019,5,5,11,0,95,1,Jan-24,95,8.63,66,0,0,
766,1,I Sawmy,2019-2019,2,1,3,0,12,1,01-Dec,12,4,18,0,0,
767,2,Shahzad Muhammad,2019-2019,2,1,3,0,29,1,Jan-29,29,9.66,18,0,0,
768,3,Shaikh Ashraf,2019-2019,4,2,4,0,34,1,Jan-18,34,8.5,24,0,0,
769,5,RG Sharma,2007-2019,104,9,11.2,0,113,1,Jan-22,113,9.97,68,0,0,
770,6,ZK Shem,2019-2019,5,3,6,0,72,1,Jan-36,72,12,36,0,0,
771,8,BA Simango,2019-2019,2,1,3,0,21,1,Jan-21,21,7,18,0,0,
772,9,T Singye,2019-2019,2,2,6,0,65,1,Jan-53,65,10.83,36,0,0,
773,10,J Singye,2019-2019,2,2,8,0,69,1,Jan-28,69,8.62,48,0,0,
774,11,JT Smuts,2017-2018,8,6,12.4,0,101,1,Jan-19,101,7.97,76,0,0,
775,12,Sufyan Mehmood,2015-2019,3,3,5.3,0,39,1,Jan-22,39,7.09,33,0,0,
776,13,Suhrid Roy,2019-2019,1,1,4,0,44,1,Jan-44,44,11,24,0,0,
777,14,CR Suryawanshi,2019-2019,3,1,2,0,13,1,Jan-13,13,6.5,12,0,0,
778,15,Tafseer Ali,2019-2019,5,3,4,0,37,1,Jan-17,37,9.25,24,0,0,
779,16,Taijul Islam,2019-2019,2,2,7,0,58,1,Jan-26,58,8.28,42,0,0,
780,18,BRM Taylor,2006-2019,38,2,5,0,17,1,Jan-16,17,3.4,30,0,0,
781,22,JJ Tucker,2019-2019,5,4,7,0,62,1,Jan-16,62,8.85,42,0,0,
782,25,C Vorster,2019-2019,1,1,3,0,32,1,Jan-32,32,10.66,18,0,0,
783,26,Walid Ghauri,2019-2019,4,2,3.5,0,31,1,Jan-16,31,8.08,23,0,0,
784,27,Washeem Abbas,2019-2019,2,2,8,0,70,1,Jan-31,70,8.75,48,0,0,
785,30,T Whiteman,2019-2019,4,2,3.4,0,38,1,Jan-24,38,10.36,22,0,0,
786,31,JD Wildermuth,2018-2018,2,2,3,0,32,1,Jan-16,32,10.66,18,0,0,
787,34,Yusuf Ebrahim,2019-2019,3,3,7,1,44,1,Jan-13,44,6.28,42,0,0,
788,37,Zawar Farid,2019-2019,4,2,4.1,0,35,1,Jan-34,35,8.4,25,0,0,
789,38,C Zhuwao,2008-2018,7,1,0.2,0,1,1,01-Jan,1,3,2,0,0,
790,39,Zohaib Sarwar,2019-2019,4,4,7,0,51,1,01-Aug,51,7.28,42,0,0,
791,41,Abdullah Mahmood,2019-2019,1,1,1,0,9,0,-,-,9,-,0,0,
792,42,Abdullah Sheikh,2019-2019,2,1,1,0,13,0,-,-,13,-,0,0,
793,44,M Aboagye,2019-2019,3,1,1,0,17,0,-,-,17,-,0,0,
794,45,RA Abolarin,2019-2019,1,1,0.4,0,7,0,-,-,10.5,-,0,0,
795,46,S Adedeji,2019-2019,6,1,2,0,21,0,-,-,10.5,-,0,0,
796,48,GJ Agius,2019-2019,2,2,5,0,53,0,-,-,10.6,-,0,0,
797,49,Ahmed Shehzad,2009-2019,59,1,1,0,10,0,-,-,10,-,0,0,
798,0,DS Airee,2018-2019,18,1,2,0,23,0,-,-,11.5,-,0,0,
799,1,Ameer Saiyed,2019-2019,4,3,4,0,44,0,-,-,11,-,0,0,
800,2,Ammad Uddin,2019-2019,4,1,0.1,0,1,0,-,-,6,-,0,0,
801,3,Anasim Khan,2019-2019,4,4,14,0,119,0,-,-,8.5,-,0,0,
802,5,DK Anefie,2019-2019,4,4,12,0,72,0,-,-,6,-,0,0,
803,6,Anowarul Islam,2019-2019,4,2,3,0,25,0,-,-,8.33,-,0,0,
804,7,Ansar Iqbal,2019-2019,4,1,2,0,13,0,-,-,6.5,-,0,0,
805,8,Aqib Iqbal,2019-2019,5,4,13,0,84,0,-,-,6.46,-,0,0,
806,10,U Aryaman Sunil,2019-2019,2,2,3,0,28,0,-,-,9.33,-,0,0,
807,12,A Ashokan,2019-2019,2,1,2,0,16,0,-,-,8,-,0,0,
808,14,Avi Dixit,2019-2019,1,1,1,0,15,0,-,-,15,-,0,0,
809,16,KS Bagabena,2019-2019,4,4,4.5,0,56,0,-,-,11.58,-,0,0,
810,21,P Bharat Patel,2019-2019,2,2,5,0,40,0,-,-,8,-,0,0,
811,22,Meet Bhavsar,2019-2019,9,1,1,0,11,0,-,-,11,-,0,0,
812,24,KK Bishnoi,2019-2019,3,2,3,0,27,0,-,-,9,-,0,0,
813,29,J Butler,2019-2019,9,1,1,0,15,0,-,-,15,-,0,0,
814,30,JD Campbell,2019-2019,2,1,1,0,1,0,-,-,1,-,0,0,
815,31,J Cutinho,2019-2019,3,1,0.5,0,7,0,-,-,8.4,-,0,0,
816,32,DAP Darrell,2019-2019,11,1,2,0,14,0,-,-,7,-,0,0,
817,33,BFW de Leede,2018-2019,8,2,2,0,27,0,-,-,13.5,-,0,0,
818,35,PC de Silva,2017-2017,2,2,2,0,30,0,-,-,15,-,0,0,
819,36,ST de Silva,2017-2017,3,1,1,0,10,0,-,-,10,-,0,0,
820,38,A Djorovic,2019-2019,2,2,6,1,32,0,-,-,5.33,-,0,0,
821,39,B Dugic,2019-2019,2,2,2.3,0,22,0,-,-,8.8,-,0,0,
822,40,F du Plessis,2012-2019,44,2,1.2,0,3,0,-,-,2.25,-,0,0,
823,41,AB Dursak,2019-2019,4,3,8.4,0,134,0,-,-,15.46,-,0,0,
824,44,Fakhar Zaman,2017-2019,34,1,1,0,12,0,-,-,12,-,0,0,
825,45,Fazal Niazai,2019-2019,1,1,1,0,13,0,-,-,13,-,0,0,
826,46,MVT Fernando,2017-2017,1,1,2,0,16,0,-,-,8,-,0,0,
827,47,AJ Finch,2011-2019,58,2,2,0,27,0,-,-,13.5,-,0,0,
828,48,JA Fitzgerald,2019-2019,4,1,2,0,22,0,-,-,11,-,0,0,
829,0,GF Gomes,2019-2019,7,1,2,0,16,0,-,-,8,-,0,0,
830,1,MJ Guptill,2009-2019,83,1,1,0,11,0,-,-,11,-,0,0,
831,2,Hamza Dar,2019-2019,1,1,2,0,22,0,-,-,11,-,0,0,
832,3,Hasheem Shahzad,2019-2019,2,1,4,0,32,0,-,-,8,-,0,0,
833,4,RJ Hatchman,2019-2019,1,1,4,0,33,0,-,-,8.25,-,0,0,
834,6,H Hiri,2016-2019,5,1,1,0,5,0,-,-,5,-,0,0,
835,9,EH Hutchinson,2019-2019,2,1,3,0,20,0,-,-,6.66,-,0,0,
836,10,Ibrahim Khan,2019-2019,1,1,2,0,17,0,-,-,8.5,-,0,0,
837,11,Ibrahim Nashath,2019-2019,3,2,4,0,48,0,-,-,12,-,0,0,
838,12,Iftikhar Ahmed,2016-2019,6,1,1,0,7,0,-,-,7,-,0,0,
839,13,Imran Khan,2019-2019,4,1,2,0,13,0,-,-,6.5,-,0,0,
840,14,B Ivanov,2019-2019,3,1,2,0,36,0,-,-,18,-,0,0,
841,15,Jagjit Singh,2019-2019,4,1,1,0,10,0,-,-,10,-,0,0,
842,16,NA Janes,2019-2019,2,1,1,0,12,0,-,-,12,-,0,0,
843,17,T Jamtsho,2019-2019,2,2,4.1,0,48,0,-,-,11.52,-,0,0,
844,18,Jatinder Singh,2015-2019,25,1,2,0,17,0,-,-,8.5,-,0,0,
845,19,Javed Maroofkhail,2019-2019,2,1,2,0,22,0,-,-,11,-,0,0,
846,21,P Jayeshbhai Patel,2019-2019,2,1,2,0,21,0,-,-,10.5,-,0,0,
847,22,Jay Odedra,2019-2019,3,3,7,0,74,0,-,-,10.57,-,0,0,
848,24,Kamran Khan,2019-2019,14,2,4.1,0,48,0,-,-,11.52,-,0,0,
849,26,G Kansonkho,2019-2019,6,1,1,0,15,0,-,-,15,-,0,0,
850,27,S Kansoy,2019-2019,4,1,1,0,14,0,-,-,14,-,0,0,
851,29,Karweng NG,2019-2019,4,3,9,0,81,0,-,-,9,-,0,0,
852,34,JS Kundi,2019-2019,6,2,2,0,15,0,-,-,7.5,-,0,0,
853,35,Kushal Malla,2019-2019,3,2,4,0,38,0,-,-,9.5,-,0,0,
854,36,A Lagos,2019-2019,1,1,2,0,13,0,-,-,6.5,-,0,0,
855,39,I Lisboa,2019-2019,1,1,2,0,17,0,-,-,8.5,-,0,0,
856,40,AM McCarthy,2018-2018,1,1,2,0,12,0,-,-,6,-,0,0,
857,41,LD Madushanka,2019-2019,2,1,4,0,36,0,-,-,9,-,0,0,
858,42,Mahedi Hasan,2018-2018,1,1,2,0,25,0,-,-,12.5,-,0,0,
859,43,C Mahoney,2019-2019,3,1,1,0,10,0,-,-,10,-,0,0,
860,44,BF Mailata,2019-2019,4,2,2,0,24,0,-,-,12,-,0,0,
861,45,D Manani,2019-2019,2,2,4,0,27,0,-,-,6.75,-,0,0,
862,46,M Markande,2019-2019,1,1,4,0,31,0,-,-,7.75,-,0,0,
863,47,D Marks,2019-2019,2,2,7,0,54,0,-,-,7.71,-,0,0,
864,2,D Mejia,2019-2019,3,2,4,0,23,0,-,-,5.75,-,0,0,
865,3,PHKD Mendis,2018-2019,4,3,5,0,48,0,-,-,9.6,-,0,0,
866,5,AJ Michael,2019-2019,4,1,2,0,18,0,-,-,9,-,0,0,
867,6,Mihusan Hamid,2019-2019,1,1,3,0,29,0,-,-,9.66,-,0,0,
868,7,Mohamed Arief,2019-2019,5,2,2,0,19,0,-,-,9.5,-,0,0,
869,9,JN Mohammed,2017-2018,9,2,2,0,13,0,-,-,6.5,-,0,0,
870,10,Mohammed Asghar,2019-2019,4,2,4,0,28,0,-,-,7,-,0,0,
871,11,Mohammed Qasim,2016-2017,3,1,1,0,8,0,-,-,8,-,0,0,
872,14,JWN Moses,2019-2019,3,2,8,0,46,0,-,-,5.75,-,0,0,
873,15,Muhammad Asjed,2019-2019,2,1,1,0,9,0,-,-,9,-,0,0,
874,16,Muhammad Musa,2019-2019,1,1,3.5,0,39,0,-,-,10.17,-,0,0,
875,17,Muhammad Naeem,2019-2019,5,1,1,0,13,0,-,-,13,-,0,0,
876,19,RG Mukasa,2019-2019,4,2,7,0,40,0,-,-,5.71,-,0,0,
877,21,FF Mulivai,2019-2019,4,1,0.1,0,6,0,-,-,36,-,0,0,
878,22,T Munyonga,2019-2019,5,1,1,0,3,0,-,-,3,-,0,0,
879,23,Musawar Shah,2019-2019,2,2,3,0,32,0,-,-,10.66,-,0,0,
880,24,S Nadigotla,2019-2019,2,1,2,0,10,0,-,-,5,-,0,0,
881,25,Nanda Kumar,2019-2019,3,1,1,0,10,0,-,-,10,-,0,0,
882,26,M Nandela,2019-2019,2,1,1,0,13,0,-,-,13,-,0,0,
883,27,N Nankov,2019-2019,3,1,1,0,15,0,-,-,15,-,0,0,
884,28,A Nao,2017-2017,2,2,5,0,49,0,-,-,9.8,-,0,0,
885,30,A Natubhai Ahir,2019-2019,3,3,6,0,49,0,-,-,8.16,-,0,0,
886,31,Nawaf Ahmed,2019-2019,1,1,2,0,16,0,-,-,8,-,0,0,
887,32,R Nehonde,2019-2019,7,5,13,0,113,0,-,-,8.69,-,0,0,
888,33,S Nerandzic,2019-2019,2,1,2,0,26,0,-,-,13,-,0,0,
889,34,K Nestor,2019-2019,4,2,6.2,0,54,0,-,-,8.52,-,0,0,
890,35,A Nortje,2019-2019,1,1,3,0,27,0,-,-,9,-,0,0,
891,36,J Nyumbu,2018-2018,2,2,6,0,76,0,-,-,12.66,-,0,0,
892,37,R Olipa,2019-2019,2,1,1,0,8,0,-,-,8,-,0,0,
893,38,Omar Hayat,2019-2019,2,1,1,0,11,0,-,-,11,-,0,0,
894,39,A Orfila,2019-2019,1,1,1,0,7,0,-,-,7,-,0,0,
895,40,A Patel,2019-2019,2,1,1,0,19,0,-,-,19,-,0,0,
896,41,C Pengkumta,2019-2019,4,4,7,0,58,0,-,-,8.28,-,0,0,
897,42,AK Perera,2013-2019,6,1,1,0,17,0,-,-,17,-,0,0,
898,44,T Perera,2019-2019,6,2,3,0,37,0,-,-,12.33,-,0,0,
899,45,S Periyalwar,2019-2019,4,1,0.1,0,4,0,-,-,24,-,0,0,
900,46,V Permaul,2018-2018,1,1,0.3,0,8,0,-,-,16,-,0,0,
901,48,C Prasad,2019-2019,3,1,2,0,12,0,-,-,6,-,0,0,
903,3,R Rohan,2019-2019,10,1,1,0,7,0,-,-,7,-,0,0,
904,4,GR Russ,2019-2019,3,2,3,0,52,0,-,-,17.33,-,0,0,
905,5,SE Rutherford,2018-2019,3,1,3,0,28,0,-,-,9.33,-,0,0,
906,8,Sakib Hasan,2019-2019,2,1,1,0,13,0,-,-,13,-,0,0,
907,9,Saqlain Arshad,2019-2019,2,1,1,0,12,0,-,-,12,-,0,0,
908,11,M Sarenac,2019-2019,2,1,1,0,12,0,-,-,12,-,0,0,
909,13,K Senamontree,2019-2019,2,2,2,0,29,0,-,-,14.5,-,0,0,
910,14,YSD Seneveratne,2019-2019,6,2,2,0,22,0,-,-,11,-,0,0,
911,16,JNK Shannon,2013-2018,8,1,1,0,11,0,-,-,11,-,0,0,
912,17,Shoaib Gazi Hossain,2019-2019,4,1,2,0,23,0,-,-,11.5,-,0,0,
913,18,P Silas,2019-2019,4,1,1,0,21,0,-,-,21,-,0,0,
914,19,KRP Silva,2019-2019,2,1,2,0,19,0,-,-,9.5,-,0,0,
915,20,M Simmons,2019-2019,2,1,2.1,0,21,0,-,-,9.69,-,0,0,
916,22,RAJ Smith,2019-2019,2,2,6.5,0,66,0,-,-,9.65,-,0,0,
917,25,Soheel Hussain,2019-2019,1,1,1,0,7,0,-,-,7,-,0,0,
918,27,S Sola,2019-2019,4,1,1,0,9,0,-,-,9,-,0,0,
919,28,S Soosiyakumar,2019-2019,1,1,2,0,16,0,-,-,8,-,0,0,
920,29,TJ Stephenson,2019-2019,1,1,1,0,11,0,-,-,11,-,0,0,
921,30,Suresh Kumar,2019-2019,2,2,4,0,35,0,-,-,8.75,-,0,0,
922,32,Tarun Sharma,2019-2019,8,1,1,0,14,0,-,-,14,-,0,0,
923,33,J Thinley,2019-2019,2,2,3,0,25,0,-,-,8.33,-,0,0,
924,34,S Tobgay,2019-2019,2,1,4,0,50,0,-,-,12.5,-,0,0,
925,35,T Tshose,2019-2019,2,1,2,0,12,0,-,-,6,-,0,0,
926,38,HER Tyler,2019-2019,2,2,6,0,48,0,-,-,8,-,0,0,
927,39,E Ul Haq,2019-2019,5,1,0.1,0,4,0,-,-,24,-,0,0,
928,40,R Ulutuna,2019-2019,4,1,1,0,11,0,-,-,11,-,0,0,
929,41,S Vesawkar,2014-2019,17,1,3,0,25,0,-,-,8.33,-,0,0,
930,42,JK Vifah,2019-2019,3,1,1.1,0,8,0,-,-,6.85,-,0,0,
931,44,V Vijh,2019-2019,4,3,7.5,0,72,0,-,-,9.19,-,0,0,
932,45,Vimal Kumar,2019-2019,2,1,3,0,32,0,-,-,10.66,-,0,0,
933,46,MN Waller,2011-2018,32,3,5,0,42,0,-,-,8.4,-,0,0,
934,47,Waqas Ali,2019-2019,2,1,1,0,9,0,-,-,9,-,0,0,
935,48,Waqas Khan,2014-2017,8,1,1,0,12,0,-,-,12,-,0,0,
936,49,Waqas Raja,2019-2019,1,1,1,0,9,0,-,-,9,-,0,0,
937,0,Wasim Ali,2019-2019,1,1,2,0,16,0,-,-,8,-,0,0,
938,3,N Yordanov,2019-2019,2,1,3,0,20,0,-,-,6.66,-,0,0,
939,4,Zeeshan Abbas,2019-2019,1,1,4,0,20,0,-,-,5,-,0,0,
940,5,Aamer Ikram,2019-2019,4,-,-,-,-,-,-,-,-,-,-,-,
941,6,Aarif Sheikh,2018-2019,11,-,-,-,-,-,-,-,-,-,-,-,
942,7,Z Abbasi,2019-2019,1,-,-,-,-,-,-,-,-,-,-,-,
943,8,Abbas Saad,2019-2019,2,-,-,-,-,-,-,-,-,-,-,-,
944,9,Abdul Rashid,2019-2019,1,-,-,-,-,-,-,-,-,-,-,-,
945,10,Abdul Shakoor,2015-2019,6,-,-,-,-,-,-,-,-,-,-,-,
946,11,Abdul Shakoor,2019-2019,2,-,-,-,-,-,-,-,-,-,-,-,
947,12,Abraash Khan,2019-2019,7,-,-,-,-,-,-,-,-,-,-,-,
948,13,Abrar Bilal,2019-2019,3,-,-,-,-,-,-,-,-,-,-,-,
949,14,F Achelam,2019-2019,1,-,-,-,-,-,-,-,-,-,-,-,
950,15,Abdul Hashmi,2019-2019,8,-,-,-,-,-,-,-,-,-,-,-,
951,16,Adil Hanif,2019-2019,4,-,-,-,-,-,-,-,-,-,-,-,
952,18,Adnan Mufti,2017-2017,1,-,-,-,-,-,-,-,-,-,-,-,
953,20,P Agnihotri,2019-2019,2,-,-,-,-,-,-,-,-,-,-,-,
954,22,Ahmed Faiz,2019-2019,10,-,-,-,-,-,-,-,-,-,-,-,
955,23,Ahsan Abbasi,2019-2019,6,-,-,-,-,-,-,-,-,-,-,-,
956,24,KK Ahuja,2019-2019,8,-,-,-,-,-,-,-,-,-,-,-,
957,25,Ainool Hafizs,2019-2019,3,-,-,-,-,-,-,-,-,-,-,-,
958,26,Ainool Haqqiem,2019-2019,4,-,-,-,-,-,-,-,-,-,-,-,
959,27,PS Airee,2015-2019,11,-,-,-,-,-,-,-,-,-,-,-,
960,28,C Akyuz,2019-2019,2,-,-,-,-,-,-,-,-,-,-,-,
961,29,Ali Ivan,2019-2019,1,-,-,-,-,-,-,-,-,-,-,-,
962,30,HS Alta,2019-2019,4,-,-,-,-,-,-,-,-,-,-,-,
963,34,HM Amla,2009-2018,44,-,-,-,-,-,-,-,-,-,-,-,
964,36,Anam Mollik,2019-2019,2,-,-,-,-,-,-,-,-,-,-,-,
965,38,A Anemogiannis,2019-2019,1,-,-,-,-,-,-,-,-,-,-,-,
966,39,B Angeltti,2019-2019,3,-,-,-,-,-,-,-,-,-,-,-,
967,40,Anwar Arudin,2019-2019,12,-,-,-,-,-,-,-,-,-,-,-,
968,41,SE Aquilina,2019-2019,4,-,-,-,-,-,-,-,-,-,-,-,
969,42,Areeb Quadir,2019-2019,2,-,-,-,-,-,-,-,-,-,-,-,
970,43,Z Arinaitwe,2019-2019,3,-,-,-,-,-,-,-,-,-,-,-,
971,44,Aritra Dutta,2019-2019,8,-,-,-,-,-,-,-,-,-,-,-,
972,46,P Arora,2019-2019,2,-,-,-,-,-,-,-,-,-,-,-,
973,47,Arsalan Arif,2019-2019,2,-,-,-,-,-,-,-,-,-,-,-,
974,48,Arslan Ahmed,2019-2019,3,-,-,-,-,-,-,-,-,-,-,-,
975,0,Asif Ali,2018-2019,25,-,-,-,-,-,-,-,-,-,-,-,
976,1,Aslam Mohammad,2019-2019,3,-,-,-,-,-,-,-,-,-,-,-,
977,2,SK Atai,2019-2019,2,-,-,-,-,-,-,-,-,-,-,-,
978,4,S Ateak,2019-2019,3,-,-,-,-,-,-,-,-,-,-,-,
979,6,Awais Ahmed,2019-2019,9,-,-,-,-,-,-,-,-,-,-,-,
980,8,AJ Ayannaike,2019-2019,3,-,-,-,-,-,-,-,-,-,-,-,
981,9,Azyan Farhath,2019-2019,2,-,-,-,-,-,-,-,-,-,-,-,
982,10,F Baaleri,2019-2019,4,-,-,-,-,-,-,-,-,-,-,-,
983,11,SJ Baard,2019-2019,13,-,-,-,-,-,-,-,-,-,-,-,
984,12,Babar Azam,2016-2019,36,-,-,-,-,-,-,-,-,-,-,-,
985,13,Babar Hayat,2014-2017,24,-,-,-,-,-,-,-,-,-,-,-,
986,16,GJ Bailey,2012-2017,30,-,-,-,-,-,-,-,-,-,-,-,
987,17,JM Bairstow,2011-2019,34,-,-,-,-,-,-,-,-,-,-,-,
988,18,R Bakum,2019-2019,4,-,-,-,-,-,-,-,-,-,-,-,
989,19,V Balakrishnan,2019-2019,3,-,-,-,-,-,-,-,-,-,-,-,
990,20,A Balbirnie,2015-2019,37,-,-,-,-,-,-,-,-,-,-,-,
991,22,B Banerjee,2019-2019,6,-,-,-,-,-,-,-,-,-,-,-,
992,23,T Banton,2019-2019,3,-,-,-,-,-,-,-,-,-,-,-,
993,25,J Barker,2019-2019,4,-,-,-,-,-,-,-,-,-,-,-,
994,26,LJ Barker,2019-2019,9,-,-,-,-,-,-,-,-,-,-,-,
995,27,TC Barker,2019-2019,4,-,-,-,-,-,-,-,-,-,-,-,
996,28,P Baron,2019-2019,5,-,-,-,-,-,-,-,-,-,-,-,
997,30,O Bascome,2019-2019,11,-,-,-,-,-,-,-,-,-,-,-,
998,31,OO Bascome,2008-2019,3,-,-,-,-,-,-,-,-,-,-,-,
999,33,D Bau,2017-2017,1,-,-,-,-,-,-,-,-,-,-,-,
1000,35,T Bavuma,2019-2019,2,-,-,-,-,-,-,-,-,-,-,-,
1001,37,A Bhagwat,2019-2019,4,-,-,-,-,-,-,-,-,-,-,-,
1002,38,B Bhandari,2014-2019,27,-,-,-,-,-,-,-,-,-,-,-,
1003,39,M Bhanuka,2019-2019,2,-,-,-,-,-,-,-,-,-,-,-,
1004,40,TS Bharaj,2019-2019,9,-,-,-,-,-,-,-,-,-,-,-,
1005,42,MP Biddappa,2019-2019,4,-,-,-,-,-,-,-,-,-,-,-,
1006,43,Bilal Ahmed,2019-2019,1,-,-,-,-,-,-,-,-,-,-,-,
1007,44,Bilal Tahir,2019-2019,4,-,-,-,-,-,-,-,-,-,-,-,
1008,46,SW Billings,2015-2019,26,-,-,-,-,-,-,-,-,-,-,-,
1009,47,K Birkenstock,2019-2019,4,-,-,-,-,-,-,-,-,-,-,-,
1010,49,C Bisson,2019-2019,14,-,-,-,-,-,-,-,-,-,-,-,
1011,1,TA Blundell,2017-2018,3,-,-,-,-,-,-,-,-,-,-,-,
1012,5,DM Bravo,2010-2019,20,-,-,-,-,-,-,-,-,-,-,-,
1013,7,NT Broom,2009-2017,11,-,-,-,-,-,-,-,-,-,-,-,
1014,9,TC Bruce,2017-2019,15,-,-,-,-,-,-,-,-,-,-,-,
1015,11,DE Budge,2018-2018,6,-,-,-,-,-,-,-,-,-,-,-,
1016,12,A Bulow,2019-2019,2,-,-,-,-,-,-,-,-,-,-,-,
1017,13,JC Buttler,2011-2018,66,-,-,-,-,-,-,-,-,-,-,-,
1018,15,S Byrne,2019-2019,2,-,-,-,-,-,-,-,-,-,-,-,
1019,16,G Caisley,2019-2019,4,-,-,-,-,-,-,-,-,-,-,-,
1020,18,AT Carey,2018-2019,25,-,-,-,-,-,-,-,-,-,-,-,
1021,19,C Carter,2015-2017,10,-,-,-,-,-,-,-,-,-,-,-,
1022,20,T Caruana,2019-2019,2,-,-,-,-,-,-,-,-,-,-,-,
1023,21,D Cato,2019-2019,3,-,-,-,-,-,-,-,-,-,-,-,
1024,23,RW Chakabva,2008-2019,12,-,-,-,-,-,-,-,-,-,-,-,
1025,25,LD Chandimal,2010-2018,54,-,-,-,-,-,-,-,-,-,-,-,
1026,26,VD Chandra,2019-2019,3,-,-,-,-,-,-,-,-,-,-,-,
1027,27,S Chandramohan,2019-2019,12,-,-,-,-,-,-,-,-,-,-,-,
1028,28,BB Chari,2019-2019,3,-,-,-,-,-,-,-,-,-,-,-,
1029,30,G Chaturvedi,2019-2019,2,-,-,-,-,-,-,-,-,-,-,-,
1030,31,N Chejay,2019-2019,1,-,-,-,-,-,-,-,-,-,-,-,
1031,32,C Chete,2019-2019,2,-,-,-,-,-,-,-,-,-,-,-,
1032,33,VB Chikkannaiah,2019-2019,7,-,-,-,-,-,-,-,-,-,-,-,
1033,34,Chirag Suri,2018-2019,7,-,-,-,-,-,-,-,-,-,-,-,
1034,35,S Chophel,2019-2019,1,-,-,-,-,-,-,-,-,-,-,-,
1035,37,I Civric,2019-2019,1,-,-,-,-,-,-,-,-,-,-,-,
1036,38,GL Cloete,2018-2019,2,-,-,-,-,-,-,-,-,-,-,-,
1037,40,LA Collado,2019-2019,4,-,-,-,-,-,-,-,-,-,-,-,
1038,41,NG Collins,2019-2019,5,-,-,-,-,-,-,-,-,-,-,-,
1039,43,BN Cooper,2013-2019,51,-,-,-,-,-,-,-,-,-,-,-,
1040,44,SJ Cotter,2019-2019,4,-,-,-,-,-,-,-,-,-,-,-,
1041,46,MH Cross,2013-2019,43,-,-,-,-,-,-,-,-,-,-,-,
1042,47,DDP D'Silva,2019-2019,10,-,-,-,-,-,-,-,-,-,-,-,
1043,49,S Dalton,2019-2019,3,-,-,-,-,-,-,-,-,-,-,-,
1044,0,P Danci,2019-2019,2,-,-,-,-,-,-,-,-,-,-,-,
1045,3,N Davin,2019-2019,16,-,-,-,-,-,-,-,-,-,-,-,
1046,4,TB de Bruyn,2017-2017,2,-,-,-,-,-,-,-,-,-,-,-,
1047,6,Q de Kock,2012-2019,38,-,-,-,-,-,-,-,-,-,-,-,
1048,7,CJ Delany,2019-2019,4,-,-,-,-,-,-,-,-,-,-,-,
1049,8,D de la Puente,2019-2019,2,-,-,-,-,-,-,-,-,-,-,-,
1050,10,AB de Villiers,2006-2017,78,-,-,-,-,-,-,-,-,-,-,-,
1051,11,S Dhawan,2011-2019,58,-,-,-,-,-,-,-,-,-,-,-,
1052,13,MS Dhoni,2006-2019,98,-,-,-,-,-,-,-,-,-,-,-,
1053,14,N Dickwella,2016-2019,23,-,-,-,-,-,-,-,-,-,-,-,
1054,15,V Dikov,2019-2019,3,-,-,-,-,-,-,-,-,-,-,-,
1055,17,K Doriga,2019-2019,17,-,-,-,-,-,-,-,-,-,-,-,
1056,18,JN Dorji,2019-2019,1,-,-,-,-,-,-,-,-,-,-,-,
1057,19,RM Dorji,2019-2019,1,-,-,-,-,-,-,-,-,-,-,-,
1058,20,U Dorji,2019-2019,2,-,-,-,-,-,-,-,-,-,-,-,
1059,23,BM Duckett,2019-2019,1,-,-,-,-,-,-,-,-,-,-,-,
1060,24,LA Dunbar,2019-2019,2,-,-,-,-,-,-,-,-,-,-,-,
1061,25,JSE Dunford,2019-2019,17,-,-,-,-,-,-,-,-,-,-,-,
1062,26,BR Dunk,2014-2017,5,-,-,-,-,-,-,-,-,-,-,-,
1063,27,J Dunn,2019-2019,4,-,-,-,-,-,-,-,-,-,-,-,
1064,28,G Dutta,2019-2019,7,-,-,-,-,-,-,-,-,-,-,-,
1065,30,SA Edwards,2018-2019,29,-,-,-,-,-,-,-,-,-,-,-,
1066,31,L Emilio,2019-2019,5,-,-,-,-,-,-,-,-,-,-,-,
1067,32,C Emmott,2019-2019,2,-,-,-,-,-,-,-,-,-,-,-,
1068,33,CR Ervine,2010-2019,22,-,-,-,-,-,-,-,-,-,-,-,
1069,34,R Escobar,2019-2019,5,-,-,-,-,-,-,-,-,-,-,-,
1070,35,Fahad Ali,2019-2019,3,-,-,-,-,-,-,-,-,-,-,-,
1071,36,Faisal Javed,2019-2019,15,-,-,-,-,-,-,-,-,-,-,-,
1072,38,LB Ferbrache,2019-2019,9,-,-,-,-,-,-,-,-,-,-,-,
1073,39,A Ferguson,2019-2019,5,-,-,-,-,-,-,-,-,-,-,-,
1074,41,BOP Fernando,2019-2019,3,-,-,-,-,-,-,-,-,-,-,-,
1075,42,WIA Fernando,2019-2019,10,-,-,-,-,-,-,-,-,-,-,-,
1076,43,NJ Ferraby,2019-2019,14,-,-,-,-,-,-,-,-,-,-,-,
1077,44,Fiaz Ahmed,2019-2019,4,-,-,-,-,-,-,-,-,-,-,-,
1078,45,Fida Hussain,2019-2019,2,-,-,-,-,-,-,-,-,-,-,-,
1079,49,ADS Fletcher,2008-2018,42,-,-,-,-,-,-,-,-,-,-,-,
1080,0,BT Foakes,2019-2019,1,-,-,-,-,-,-,-,-,-,-,-,
1081,3,O Fournier,2019-2019,2,-,-,-,-,-,-,-,-,-,-,-,
1082,4,TS Fray,2019-2019,10,-,-,-,-,-,-,-,-,-,-,-,
1083,5,JD Freyone,2019-2019,4,-,-,-,-,-,-,-,-,-,-,-,
1084,7,PF Gallagher,2019-2019,3,-,-,-,-,-,-,-,-,-,-,-,
1085,9,AR Gandhi,2019-2019,3,-,-,-,-,-,-,-,-,-,-,-,
1086,11,Garret Banner,2019-2019,1,-,-,-,-,-,-,-,-,-,-,-,
1087,12,A Gavde,2019-2019,1,-,-,-,-,-,-,-,-,-,-,-,
1088,13,R Gaznavi,2019-2019,2,-,-,-,-,-,-,-,-,-,-,-,
1089,14,Gershon Yusuf,2019-2019,1,-,-,-,-,-,-,-,-,-,-,-,
1090,15,L Gharasim,2019-2019,2,-,-,-,-,-,-,-,-,-,-,-,
1091,16,Ghulam Shabber,2016-2019,17,-,-,-,-,-,-,-,-,-,-,-,
1092,19,O Goker,2019-2019,1,-,-,-,-,-,-,-,-,-,-,-,
1093,20,LF Goncalves,2019-2019,3,-,-,-,-,-,-,-,-,-,-,-,
1094,21,DM Gondaria,2013-2019,11,-,-,-,-,-,-,-,-,-,-,-,
1095,22,R Goodwin,2019-2019,4,-,-,-,-,-,-,-,-,-,-,-,
1096,23,M Goonetilleke,2019-2019,1,-,-,-,-,-,-,-,-,-,-,-,
1097,25,S Goud,2019-2019,1,-,-,-,-,-,-,-,-,-,-,-,
1098,26,ZE Green,2019-2019,16,-,-,-,-,-,-,-,-,-,-,-,
1099,28,K Gupta,2019-2019,4,-,-,-,-,-,-,-,-,-,-,-,
1100,30,OJ Hairs,2019-2019,8,-,-,-,-,-,-,-,-,-,-,-,
1101,31,AD Hales,2011-2019,60,-,-,-,-,-,-,-,-,-,-,-,
1102,32,S Hallett,2019-2019,4,-,-,-,-,-,-,-,-,-,-,-,
1103,35,Hamza Tariq,2013-2019,15,-,-,-,-,-,-,-,-,-,-,-,
1104,36,PSP Handscomb,2019-2019,2,-,-,-,-,-,-,-,-,-,-,-,
1105,37,Haris Sohail,2013-2019,14,-,-,-,-,-,-,-,-,-,-,-,
1106,39,Hassan Rasheed,2019-2019,8,-,-,-,-,-,-,-,-,-,-,-,
1107,40,C Hauptfleisch,2019-2019,5,-,-,-,-,-,-,-,-,-,-,-,
1108,42,Hazratullah Zazai,2016-2019,13,-,-,-,-,-,-,-,-,-,-,-,
1109,43,H Helva,2019-2019,4,-,-,-,-,-,-,-,-,-,-,-,
1110,45,RR Hendricks,2014-2019,22,-,-,-,-,-,-,-,-,-,-,-,
1111,46,SO Hetmyer,2018-2019,20,-,-,-,-,-,-,-,-,-,-,-,
1112,47,Hilal Ahmad,2019-2019,7,-,-,-,-,-,-,-,-,-,-,-,
1113,49,SD Hope,2017-2019,13,-,-,-,-,-,-,-,-,-,-,-,
1114,4,Ibrahim Zadran,2019-2019,3,-,-,-,-,-,-,-,-,-,-,-,
1115,5,Imam-ul-Haq,2019-2019,2,-,-,-,-,-,-,-,-,-,-,-,
1116,6,Imran Ali Butt,2019-2019,4,-,-,-,-,-,-,-,-,-,-,-,
1117,8,Imran Haider,2019-2019,2,-,-,-,-,-,-,-,-,-,-,-,
1118,9,Imran Ismail,2019-2019,7,-,-,-,-,-,-,-,-,-,-,-,
1119,11,Imrul Kayes,2010-2017,14,-,-,-,-,-,-,-,-,-,-,-,
1120,15,H Ivanov,2019-2019,3,-,-,-,-,-,-,-,-,-,-,-,
1121,16,SS Iyer,2017-2019,14,-,-,-,-,-,-,-,-,-,-,-,
1122,17,KM Jadhav,2015-2017,9,-,-,-,-,-,-,-,-,-,-,-,
1123,19,S Jamil,2019-2019,3,-,-,-,-,-,-,-,-,-,-,-,
1124,20,Javed Ahmadi,2012-2017,3,-,-,-,-,-,-,-,-,-,-,-,
1125,22,JW Jenner,2019-2019,17,-,-,-,-,-,-,-,-,-,-,-,
1126,26,C Jonker,2018-2018,2,-,-,-,-,-,-,-,-,-,-,-,
1127,27,S Jora,2019-2019,6,-,-,-,-,-,-,-,-,-,-,-,
1128,28,HJ Jordaan,2019-2019,4,-,-,-,-,-,-,-,-,-,-,-,
1129,29,GJ Joseph,2019-2019,1,-,-,-,-,-,-,-,-,-,-,-,
1130,30,K Joshi,2019-2019,4,-,-,-,-,-,-,-,-,-,-,-,
1131,34,G Kaltongga,2019-2019,3,-,-,-,-,-,-,-,-,-,-,-,
1132,35,Kamran Akmal,2006-2017,58,-,-,-,-,-,-,-,-,-,-,-,
1133,37,CK Kapugedera,2006-2017,43,-,-,-,-,-,-,-,-,-,-,-,
1134,38,IA Karim,2013-2019,16,-,-,-,-,-,-,-,-,-,-,-,
1135,39,KD Karthik,2006-2019,32,-,-,-,-,-,-,-,-,-,-,-,
1136,41,I Katzarski,2019-2019,3,-,-,-,-,-,-,-,-,-,-,-,
1137,42,HB Kayondo,2019-2019,3,-,-,-,-,-,-,-,-,-,-,-,
1138,49,Khizer Ahmed,2019-2019,5,-,-,-,-,-,-,-,-,-,-,-,
1139,0,N Khosla,2019-2019,4,-,-,-,-,-,-,-,-,-,-,-,
1140,2,Khurram Nawaz,2017-2019,18,-,-,-,-,-,-,-,-,-,-,-,
1141,3,Khushdil Shah,2019-2019,1,-,-,-,-,-,-,-,-,-,-,-,
1142,5,TCR Kimber,2019-2019,3,-,-,-,-,-,-,-,-,-,-,-,
1143,6,BA King,2019-2019,6,-,-,-,-,-,-,-,-,-,-,-,
1144,7,NR Kirton,2019-2019,5,-,-,-,-,-,-,-,-,-,-,-,
1145,8,H Klaasen,2018-2019,9,-,-,-,-,-,-,-,-,-,-,-,
1146,9,M Klinger,2017-2017,3,-,-,-,-,-,-,-,-,-,-,-,
1147,10,EB Knowles,2019-2019,7,-,-,-,-,-,-,-,-,-,-,-,
1148,11,MF Koc,2019-2019,2,-,-,-,-,-,-,-,-,-,-,-,
1149,12,JP Kotze,2019-2019,12,-,-,-,-,-,-,-,-,-,-,-,
1150,13,HG Kuhn,2009-2017,7,-,-,-,-,-,-,-,-,-,-,-,
1151,15,Kuldeep Singh,2019-2019,4,-,-,-,-,-,-,-,-,-,-,-,
1152,16,T Langa,2019-2019,1,-,-,-,-,-,-,-,-,-,-,-,
1153,17,TWM Latham,2012-2017,13,-,-,-,-,-,-,-,-,-,-,-,
1154,19,E Lewis,2016-2019,29,-,-,-,-,-,-,-,-,-,-,-,
1155,20,Liton Das,2015-2019,25,-,-,-,-,-,-,-,-,-,-,-,
1156,21,LS Livingstone,2017-2017,2,-,-,-,-,-,-,-,-,-,-,-,
1157,22,K Loday,2019-2019,1,-,-,-,-,-,-,-,-,-,-,-,
1158,23,L Louwrens,2019-2019,1,-,-,-,-,-,-,-,-,-,-,-,
1159,25,CA Lynn,2014-2018,18,-,-,-,-,-,-,-,-,-,-,-,
1160,28,BR McDermott,2018-2019,12,-,-,-,-,-,-,-,-,-,-,-,
1161,32,NJ Maddinson,2013-2018,6,-,-,-,-,-,-,-,-,-,-,-,
1162,34,JN Malan,2019-2019,2,-,-,-,-,-,-,-,-,-,-,-,
1163,35,JS Malhotra,2019-2019,6,-,-,-,-,-,-,-,-,-,-,-,
1164,36,G Malla,2014-2019,24,-,-,-,-,-,-,-,-,-,-,-,
1165,37,Mamoon Latif,2019-2019,3,-,-,-,-,-,-,-,-,-,-,-,
1166,38,G Manan,2019-2019,3,-,-,-,-,-,-,-,-,-,-,-,
1167,41,A Manousis,2019-2019,3,-,-,-,-,-,-,-,-,-,-,-,
1168,42,Manpreet Singh,2019-2019,8,-,-,-,-,-,-,-,-,-,-,-,
1169,43,Manpreet Singh,2019-2019,12,-,-,-,-,-,-,-,-,-,-,-,
1170,44,AK Markram,2019-2019,2,-,-,-,-,-,-,-,-,-,-,-,
1171,48,XM Marshall,2008-2019,13,-,-,-,-,-,-,-,-,-,-,-,
1172,0,I Master,2019-2019,2,-,-,-,-,-,-,-,-,-,-,-,
1173,1,V Mbazo,2019-2019,4,-,-,-,-,-,-,-,-,-,-,-,
1174,3,SS McKechnie,2019-2019,10,-,-,-,-,-,-,-,-,-,-,-,
1175,4,GP Meade,2019-2019,8,-,-,-,-,-,-,-,-,-,-,-,
1176,5,M Meade,2019-2019,1,-,-,-,-,-,-,-,-,-,-,-,
1177,6,J Mees,2019-2019,3,-,-,-,-,-,-,-,-,-,-,-,
1178,7,AS Mehmi,2019-2019,3,-,-,-,-,-,-,-,-,-,-,-,
1179,8,BKG Mendis,2016-2019,24,-,-,-,-,-,-,-,-,-,-,-,
1180,9,JH Mensah,2019-2019,2,-,-,-,-,-,-,-,-,-,-,-,
1181,10,Mian Mehmood,2019-2019,4,-,-,-,-,-,-,-,-,-,-,-,
1182,11,Michael Nazir,2019-2019,1,-,-,-,-,-,-,-,-,-,-,-,
1183,12,DA Miller,2010-2019,72,-,-,-,-,-,-,-,-,-,-,-,
1184,13,Mirza Ahsan,2019-2019,5,-,-,-,-,-,-,-,-,-,-,-,
1185,15,Mohamed Azzam,2019-2019,7,-,-,-,-,-,-,-,-,-,-,-,
1186,16,Mohamed Rishwan,2019-2019,11,-,-,-,-,-,-,-,-,-,-,-,
1187,17,Mohammad Amin,2019-2019,4,-,-,-,-,-,-,-,-,-,-,-,
1188,19,Mohammad Mithun,2014-2019,14,-,-,-,-,-,-,-,-,-,-,-,
1189,20,Mohammad Naim,2019-2019,3,-,-,-,-,-,-,-,-,-,-,-,
1190,22,Mohammed Rizlan,2019-2019,15,-,-,-,-,-,-,-,-,-,-,-,
1191,23,Mohammad Rizwan,2015-2019,16,-,-,-,-,-,-,-,-,-,-,-,
1192,25,Mohammad Shahzad,2010-2018,65,-,-,-,-,-,-,-,-,-,-,-,
1193,27,Mohammed Nurji,2019-2019,6,-,-,-,-,-,-,-,-,-,-,-,
1194,28,AK Mohan,2019-2019,5,-,-,-,-,-,-,-,-,-,-,-,
1195,31,PJ Moor,2016-2019,21,-,-,-,-,-,-,-,-,-,-,-,
1196,32,VV Morea,2015-2017,5,-,-,-,-,-,-,-,-,-,-,-,
1197,33,EJG Morgan,2009-2019,86,-,-,-,-,-,-,-,-,-,-,-,
1198,35,M Mosehle,2017-2017,7,-,-,-,-,-,-,-,-,-,-,-,
1199,36,K Motlhanka,2019-2019,7,-,-,-,-,-,-,-,-,-,-,-,
1200,37,Muaviath Ganee,2019-2019,5,-,-,-,-,-,-,-,-,-,-,-,
1201,38,Mudassar Muhammad,2019-2019,7,-,-,-,-,-,-,-,-,-,-,-,
1202,39,Muhammad Amir,2019-2019,1,-,-,-,-,-,-,-,-,-,-,-,
1203,40,Muhammad Awais,2019-2019,3,-,-,-,-,-,-,-,-,-,-,-,
1204,41,Muhammad Hamayun,2019-2019,4,-,-,-,-,-,-,-,-,-,-,-,
1205,43,Muhammad Khurram,2019-2019,5,-,-,-,-,-,-,-,-,-,-,-,
1206,44,Muhammad Usman,2016-2019,34,-,-,-,-,-,-,-,-,-,-,-,
1207,46,Mukhtiar Singh,2019-2019,2,-,-,-,-,-,-,-,-,-,-,-,
1208,49,C Munoz-Mills,2019-2019,9,-,-,-,-,-,-,-,-,-,-,-,
1209,0,HG Munsey,2015-2019,38,-,-,-,-,-,-,-,-,-,-,-,
1210,1,G Murali,2019-2019,3,-,-,-,-,-,-,-,-,-,-,-,
1211,3,TK Musakanda,2018-2018,6,-,-,-,-,-,-,-,-,-,-,-,
1212,4,Mushfiqur Rahim,2006-2019,84,-,-,-,-,-,-,-,-,-,-,-,
1213,7,R Mutumbami,2015-2019,22,-,-,-,-,-,-,-,-,-,-,-,
1214,8,M Mwamadi,2019-2019,3,-,-,-,-,-,-,-,-,-,-,-,
1215,9,SJ Myburgh,2012-2019,33,-,-,-,-,-,-,-,-,-,-,-,
1216,11,Najeeb Tarakai,2014-2019,12,-,-,-,-,-,-,-,-,-,-,-,
1217,12,Najibullah Zadran,2012-2019,57,-,-,-,-,-,-,-,-,-,-,-,
1218,13,Naseem Khushi,2017-2019,10,-,-,-,-,-,-,-,-,-,-,-,
1219,16,Nawazish Jezuli,2019-2019,1,-,-,-,-,-,-,-,-,-,-,-,
1220,18,Najmul Hossain Shanto,2019-2019,2,-,-,-,-,-,-,-,-,-,-,-,
1221,20,Nazwan Ismail,2019-2019,3,-,-,-,-,-,-,-,-,-,-,-,
1222,22,OE Newey,2019-2019,7,-,-,-,-,-,-,-,-,-,-,-,
1223,23,HM Nicholls,2016-2019,5,-,-,-,-,-,-,-,-,-,-,-,
1224,24,G Nikitas,2019-2019,2,-,-,-,-,-,-,-,-,-,-,-,
1225,27,F Nkhoma,2019-2019,4,-,-,-,-,-,-,-,-,-,-,-,
1226,28,Noor Ali Zadran,2010-2017,20,-,-,-,-,-,-,-,-,-,-,-,
1227,29,Noor Momand,2019-2019,2,-,-,-,-,-,-,-,-,-,-,-,
1228,31,Nurul Hasan,2016-2017,9,-,-,-,-,-,-,-,-,-,-,-,
1229,32,AA Obanda,2007-2019,30,-,-,-,-,-,-,-,-,-,-,-,
1230,36,AA Onikoyi,2019-2019,9,-,-,-,-,-,-,-,-,-,-,-,
1231,37,CN Onwuzulike,2019-2019,9,-,-,-,-,-,-,-,-,-,-,-,
1232,39,A Otwani,2019-2019,4,-,-,-,-,-,-,-,-,-,-,-,
1233,42,Ovais Yousof,2019-2019,3,-,-,-,-,-,-,-,-,-,-,-,
1234,43,VS Padhaal,2019-2019,5,-,-,-,-,-,-,-,-,-,-,-,
1235,44,TD Paine,2009-2017,12,-,-,-,-,-,-,-,-,-,-,-,
1236,46,I Pandey,2019-2019,4,-,-,-,-,-,-,-,-,-,-,-,
1237,47,MK Pandey,2015-2019,32,-,-,-,-,-,-,-,-,-,-,-,
1238,48,RR Pant,2017-2019,26,-,-,-,-,-,-,-,-,-,-,-,
1239,49,AE Paraam,2019-2019,3,-,-,-,-,-,-,-,-,-,-,-,
1240,1,M Patel,2019-2019,2,-,-,-,-,-,-,-,-,-,-,-,
1241,2,M Patel,2019-2019,3,-,-,-,-,-,-,-,-,-,-,-,
1242,3,MD Patel,2019-2019,8,-,-,-,-,-,-,-,-,-,-,-,
1243,5,RN Patel,2019-2019,2,-,-,-,-,-,-,-,-,-,-,-,
1244,7,RK Paudel,2019-2019,11,-,-,-,-,-,-,-,-,-,-,-,
1245,8,BBJL Perera,2019-2019,8,-,-,-,-,-,-,-,-,-,-,-,
1246,9,MDKJ Perera,2013-2019,42,-,-,-,-,-,-,-,-,-,-,-,
1247,10,SL Perera,2019-2019,2,-,-,-,-,-,-,-,-,-,-,-,
1248,13,T Phaswana,2019-2019,1,-,-,-,-,-,-,-,-,-,-,-,
1249,14,GD Phillips,2017-2018,11,-,-,-,-,-,-,-,-,-,-,-,
1250,15,R Pillai,2019-2019,6,-,-,-,-,-,-,-,-,-,-,-,
1251,19,N Pooran,2016-2019,16,-,-,-,-,-,-,-,-,-,-,-,
1252,20,WTS Porterfield,2008-2018,61,-,-,-,-,-,-,-,-,-,-,-,
1253,21,VRCF Poubel,2019-2019,3,-,-,-,-,-,-,-,-,-,-,-,
1254,22,A Poulose,2017-2017,3,-,-,-,-,-,-,-,-,-,-,-,
1255,25,SW Poynter,2015-2019,25,-,-,-,-,-,-,-,-,-,-,-,
1256,26,H Pragji,2019-2019,4,-,-,-,-,-,-,-,-,-,-,-,
1257,29,SMA Priyanjan,2017-2017,3,-,-,-,-,-,-,-,-,-,-,-,
1258,30,Qalandar Khan,2019-2019,4,-,-,-,-,-,-,-,-,-,-,-,
1259,31,S Qeshile,2019-2019,2,-,-,-,-,-,-,-,-,-,-,-,
1260,35,Rahmanullah Gurbaz,2019-2019,7,-,-,-,-,-,-,-,-,-,-,-,
1261,36,Rahman Ademi,2019-2019,2,-,-,-,-,-,-,-,-,-,-,-,
1262,37,KL Rahul,2016-2019,34,-,-,-,-,-,-,-,-,-,-,-,
1263,38,PBB Rajapaksa,2019-2019,5,-,-,-,-,-,-,-,-,-,-,-,
1264,39,D Ramdin,2006-2019,71,-,-,-,-,-,-,-,-,-,-,-,
1265,41,Rameez Shahzad,2016-2019,22,-,-,-,-,-,-,-,-,-,-,-,
1266,42,Aminuddin Ramly,2019-2019,10,-,-,-,-,-,-,-,-,-,-,-,
1267,45,Ravinderpal Singh,2019-2019,12,-,-,-,-,-,-,-,-,-,-,-,
1268,47,Razmal Shigiwal,2019-2019,4,-,-,-,-,-,-,-,-,-,-,-,
1269,1,Rehman Abdul,2019-2019,7,-,-,-,-,-,-,-,-,-,-,-,
1270,5,MJ Richardson,2019-2019,3,-,-,-,-,-,-,-,-,-,-,-,
1271,6,CP Rizwan,2019-2019,5,-,-,-,-,-,-,-,-,-,-,-,
1272,7,Rizwan Mahmood,2019-2019,5,-,-,-,-,-,-,-,-,-,-,-,
1273,9,L Ronchi,2008-2018,33,-,-,-,-,-,-,-,-,-,-,-,
1274,12,JJ Roy,2014-2018,32,-,-,-,-,-,-,-,-,-,-,-,
1275,15,HD Rutherford,2013-2019,8,-,-,-,-,-,-,-,-,-,-,-,
1276,16,VM Sachdev,2019-2019,2,-,-,-,-,-,-,-,-,-,-,-,
1277,17,AK Sah,2018-2018,1,-,-,-,-,-,-,-,-,-,-,-,
1278,18,Sahibzada Farhan,2018-2018,3,-,-,-,-,-,-,-,-,-,-,-,
1279,19,Sajid Cheema,2019-2019,5,-,-,-,-,-,-,-,-,-,-,-,
1280,20,J Salazar,2019-2019,2,-,-,-,-,-,-,-,-,-,-,-,
1281,22,S Samarawickrama,2017-2019,7,-,-,-,-,-,-,-,-,-,-,-,
1282,23,BA Sambo,2019-2019,2,-,-,-,-,-,-,-,-,-,-,-,
1283,25,R Sandaruwan,2019-2019,10,-,-,-,-,-,-,-,-,-,-,-,
1284,28,Sarfaraz Ahmed,2010-2019,58,-,-,-,-,-,-,-,-,-,-,-,
1285,29,A Sarma,2019-2019,3,-,-,-,-,-,-,-,-,-,-,-,
1286,30,JOP Scamans,2019-2019,2,-,-,-,-,-,-,-,-,-,-,-,
1287,32,TL Seifert,2018-2019,19,-,-,-,-,-,-,-,-,-,-,-,
1288,34,Shafiqullah,2010-2019,46,-,-,-,-,-,-,-,-,-,-,-,
1289,35,Shafiq Sharif,2019-2019,10,-,-,-,-,-,-,-,-,-,-,-,
1290,36,Shafraz Jaleel,2019-2019,4,-,-,-,-,-,-,-,-,-,-,-,
1291,38,Shahbaz Badar,2019-2019,3,-,-,-,-,-,-,-,-,-,-,-,
1292,39,Shaheryar Butt,2019-2019,3,-,-,-,-,-,-,-,-,-,-,-,
1293,40,Shahid Wasif,2016-2019,9,-,-,-,-,-,-,-,-,-,-,-,
1294,43,Shaiman Anwar,2014-2019,32,-,-,-,-,-,-,-,-,-,-,-,
1295,45,Shamsudheen Purat,2019-2019,3,-,-,-,-,-,-,-,-,-,-,-,
1296,48,D Sheeli,2019-2019,3,-,-,-,-,-,-,-,-,-,-,-,
1297,2,Simandeep Singh,2019-2019,7,-,-,-,-,-,-,-,-,-,-,-,
1298,3,Simranjit Singh,2019-2019,1,-,-,-,-,-,-,-,-,-,-,-,
1299,5,H Singh,2019-2019,7,-,-,-,-,-,-,-,-,-,-,-,
1300,6,S Singh,2019-2019,1,-,-,-,-,-,-,-,-,-,-,-,
1301,7,JR Singleton,2019-2019,3,-,-,-,-,-,-,-,-,-,-,-,
1302,8,RM Siri,2019-2019,4,-,-,-,-,-,-,-,-,-,-,-,
1303,11,S Smith,2019-2019,5,-,-,-,-,-,-,-,-,-,-,-,
1304,14,S Sohal,2019-2019,3,-,-,-,-,-,-,-,-,-,-,-,
1305,15,M Sohel Patel,2019-2019,2,-,-,-,-,-,-,-,-,-,-,-,
1306,17,ES Soto,2019-2019,1,-,-,-,-,-,-,-,-,-,-,-,
1307,18,L Sreekumar,2017-2017,1,-,-,-,-,-,-,-,-,-,-,-,
1308,19,H Srinivasan,2019-2019,1,-,-,-,-,-,-,-,-,-,-,-,
1309,20,AJ Staal,2019-2019,9,-,-,-,-,-,-,-,-,-,-,-,
1310,21,BS Stephenson,2019-2019,3,-,-,-,-,-,-,-,-,-,-,-,
1311,22,MWR Stokes,2019-2019,9,-,-,-,-,-,-,-,-,-,-,-,
1312,23,F Stoman,2019-2019,4,-,-,-,-,-,-,-,-,-,-,-,
1313,25,GM Strydom,2019-2019,6,-,-,-,-,-,-,-,-,-,-,-,
1314,27,Sultan Ahmed,2015-2017,17,-,-,-,-,-,-,-,-,-,-,-,
1315,28,Sumair Khan,2019-2019,1,-,-,-,-,-,-,-,-,-,-,-,
1316,29,Suraj Kumar,2019-2019,13,-,-,-,-,-,-,-,-,-,-,-,
1317,31,K Suttisan,2019-2019,2,-,-,-,-,-,-,-,-,-,-,-,
1318,32,P Syafiq Ali,2019-2019,2,-,-,-,-,-,-,-,-,-,-,-,
1319,34,Talha Khan,2019-2019,1,-,-,-,-,-,-,-,-,-,-,-,
1320,35,Tamim Iqbal,2007-2018,75,-,-,-,-,-,-,-,-,-,-,-,
1321,36,R Tari,2019-2019,14,-,-,-,-,-,-,-,-,-,-,-,
1322,37,LRPL Taylor,2006-2019,95,-,-,-,-,-,-,-,-,-,-,-,
1323,38,HT Tector,2019-2019,14,-,-,-,-,-,-,-,-,-,-,-,
1324,39,VE Tembo,2019-2019,6,-,-,-,-,-,-,-,-,-,-,-,
1325,41,H Thaker,2019-2019,1,-,-,-,-,-,-,-,-,-,-,-,
1326,42,WU Tharanga,2006-2018,26,-,-,-,-,-,-,-,-,-,-,-,
1327,45,RA Thomas,2019-2019,8,-,-,-,-,-,-,-,-,-,-,-,
1328,46,GJ Thompson,2016-2019,10,-,-,-,-,-,-,-,-,-,-,-,
1329,48,C Tommy,2019-2019,12,-,-,-,-,-,-,-,-,-,-,-,
1330,49,OFJ Tonuu,2019-2019,4,-,-,-,-,-,-,-,-,-,-,-,
1331,1,A Tripathi,2019-2019,3,-,-,-,-,-,-,-,-,-,-,-,
1332,3,LJ Tucker,2016-2019,14,-,-,-,-,-,-,-,-,-,-,-,
1333,4,ML Udawatte,2008-2017,8,-,-,-,-,-,-,-,-,-,-,-,
1334,5,T Ulutuna,2019-2019,3,-,-,-,-,-,-,-,-,-,-,-,
1335,6,J Umanath,2019-2019,7,-,-,-,-,-,-,-,-,-,-,-,
1336,7,Umar Akmal,2009-2019,84,-,-,-,-,-,-,-,-,-,-,-,
1337,8,Umar Amin,2013-2018,14,-,-,-,-,-,-,-,-,-,-,-,
1338,9,TP Ura,2015-2019,23,-,-,-,-,-,-,-,-,-,-,-,
1339,10,Usman Ghani,2015-2019,19,-,-,-,-,-,-,-,-,-,-,-,
1340,13,Usman Waheed,2019-2019,6,-,-,-,-,-,-,-,-,-,-,-,
1341,15,HE van der Dussen,2018-2019,9,-,-,-,-,-,-,-,-,-,-,-,
1342,18,S Varathappan,2019-2019,3,-,-,-,-,-,-,-,-,-,-,-,
1343,19,JNT Vare,2015-2017,8,-,-,-,-,-,-,-,-,-,-,-,
1344,21,G Venkateswaran,2019-2019,3,-,-,-,-,-,-,-,-,-,-,-,
1345,22,Vikramjit Singh,2019-2019,1,-,-,-,-,-,-,-,-,-,-,-,
1346,24,JM Vince,2015-2019,12,-,-,-,-,-,-,-,-,-,-,-,
1347,26,Vinod Kumar,2019-2019,3,-,-,-,-,-,-,-,-,-,-,-,
1348,27,J Vira,2019-2019,14,-,-,-,-,-,-,-,-,-,-,-,
1349,28,TP Visee,2015-2019,27,-,-,-,-,-,-,-,-,-,-,-,
1350,29,Vishal Ahir,2019-2019,1,-,-,-,-,-,-,-,-,-,-,-,
1351,30,R Vishwanath,2019-2019,2,-,-,-,-,-,-,-,-,-,-,-,
1352,33,CD Wallace,2012-2019,19,-,-,-,-,-,-,-,-,-,-,-,
1353,34,CAK Walton,2014-2018,19,-,-,-,-,-,-,-,-,-,-,-,
1354,35,T Wangchuk jnr,2019-2019,2,-,-,-,-,-,-,-,-,-,-,-,
1355,36,DA Warner,2009-2019,76,-,-,-,-,-,-,-,-,-,-,-,
1356,40,D Weston,2019-2019,6,-,-,-,-,-,-,-,-,-,-,-,
1357,41,SA Wijeyeratne,2019-2019,2,-,-,-,-,-,-,-,-,-,-,-,
1358,42,OR Willis,2019-2019,3,-,-,-,-,-,-,-,-,-,-,-,
1359,43,GC Wilson,2008-2019,78,-,-,-,-,-,-,-,-,-,-,-,
1360,44,AS Wright,2019-2019,8,-,-,-,-,-,-,-,-,-,-,-,
1361,45,Yasar Idrees,2019-2019,1,-,-,-,-,-,-,-,-,-,-,-,
1362,46,KJ Young,2019-2019,3,-,-,-,-,-,-,-,-,-,-,-,
1363,47,Zaheer Ibrahim,2019-2019,13,-,-,-,-,-,-,-,-,-,-,-,
1364,48,Zakir Hasan,2018-2018,1,-,-,-,-,-,-,-,-,-,-,-,
1365,49,Zameer Khan,2019-2019,2,-,-,-,-,-,-,-,-,-,-,-,
1366,1,Ziaur Rehman,2019-2019,1,-,-,-,-,-,-,-,-,-,-,-,
1367,2,Zishan Shah,2019-2019,6,-,-,-,-,-,-,-,-,-,-,-,
1368,3,Zubaidi Zulkifle,2019-2019,4,-,-,-,-,-,-,-,-,-,-,-,
