Player,Mat,Inns,Runs,HS,Ave,BF,SR,100,50,0,4s,6s
V Kohli,75,70,2633,94*,52.66,1907,138.07,0,24,2,247,71
RG Sharma,104,96,2633,118,32.1,1905,138.21,4,19,6,234,120
MJ Guptill,83,80,2436,105,33.36,1810,134.58,2,15,2,215,113
Shoaib Malik,111,104,2263,75,30.58,1824,124.06,0,7,1,186,61
DA Warner,76,76,2079,100*,30.57,1476,140.85,1,15,5,203,86
EJG Morgan,86,84,2002,91,29.88,1475,135.72,0,11,3,151,96
Mohammad Shahzad,65,65,1936,118*,31.22,1436,134.81,1,12,3,218,72
JP Duminy,81,75,1934,96*,38.68,1532,126.24,0,11,6,138,71
PR Stirling,72,71,1929,91,29.67,1401,137.68,0,16,8,233,59
Mohammad Hafeez,89,86,1908,86,24.46,1643,116.12,0,10,6,196,51
AJ Finch,58,58,1878,172,38.32,1200,156.5,2,11,4,182,90
LRPL Taylor,95,87,1743,63,25.63,1430,121.88,0,5,5,110,65
Umar Akmal,84,79,1690,94,26,1377,122.73,0,8,10,122,55
AB de Villiers,78,75,1672,79*,26.12,1237,135.16,0,10,5,140,60
H Masakadza,66,66,1662,93*,25.96,1418,117.2,0,11,1,151,65
AD Hales,60,60,1644,116*,31.01,1203,136.65,1,8,4,175,55
CH Gayle,58,54,1627,117,32.54,1139,142.84,2,13,3,138,105
MS Dhoni,98,85,1617,56,37.6,1282,126.13,0,2,1,116,52
Tamim Iqbal,75,75,1613,103*,23.04,1383,116.63,1,6,6,174,41
MN Samuels,67,65,1611,89*,29.29,1386,116.23,0,10,0,144,69
SK Raina,78,66,1605,101,29.18,1190,134.87,1,5,3,145,58
GJ Maxwell,61,54,1576,145*,35.02,985,160,3,7,1,133,81
Shakib Al Hasan,76,76,1567,84,23.74,1266,123.77,0,9,5,163,33
C Munro,60,57,1546,109*,30.92,966,160.04,3,9,5,114,100
KS Williamson,57,55,1505,73*,31.35,1236,121.76,0,9,2,158,26
S Dhawan,58,57,1504,92,27.85,1173,128.21,0,9,1,166,46
KJ O'Brien,90,83,1504,124,20.6,1124,133.8,1,3,10,117,69
Ahmed Shehzad,59,59,1471,111*,25.8,1282,114.74,1,7,2,157,33
Mahmudullah,83,76,1430,64*,23.83,1166,122.64,0,4,2,113,48
Shahid Afridi,99,91,1416,54*,17.92,944,150,0,4,8,103,73
Babar Azam,36,36,1405,97*,50.17,1102,127.49,0,12,0,139,20
KJ Coetzer,58,56,1386,89,25.66,1136,122,0,6,3,144,45
F du Plessis,44,44,1363,119,35.86,1006,135.48,1,8,0,126,45
Mohammad Nabi,75,70,1316,89,22.3,902,145.89,0,4,4,83,78
DA Miller,72,62,1309,101*,29.75,935,140,1,2,0,91,57
HM Amla,44,44,1277,97*,33.6,967,132.05,0,8,2,146,26
Mushfiqur Rahim,84,76,1265,72*,20.07,1060,119.33,0,5,5,110,31
JC Buttler,66,58,1260,73*,26.8,912,138.15,0,7,3,102,53
RD Berrington,61,54,1247,100,28.34,967,128.95,1,3,6,117,36
GC Wilson,78,65,1239,65*,21.73,1185,104.55,0,3,4,105,20
Yuvraj Singh,58,51,1177,77*,28.02,863,136.38,0,8,1,77,74
MDKJ Perera,42,42,1171,84,27.88,867,135.06,0,11,0,114,41
NLTC Perera,79,70,1169,61,23.85,767,152.41,0,3,8,87,62
Asghar Afghan,66,60,1167,62,20.83,1102,105.89,0,3,4,69,58
KL Rahul,34,31,1138,110*,43.76,777,146.46,2,8,1,102,50
BN Cooper,51,48,1094,91*,28.05,890,122.92,0,7,5,96,36
WTS Porterfield,61,59,1079,72,20.35,971,111.12,0,3,5,120,23
KA Pollard,68,58,1058,68,23,819,129.18,0,4,1,69,61
AD Mathews,72,57,1055,81*,27.05,893,118.14,0,5,1,67,35
CS MacLeod,49,47,1042,74,26.05,905,115.13,0,7,4,93,21
Q de Kock,38,38,1018,79*,30.84,787,129.35,0,4,3,117,32
LMP Simmons,49,48,990,82*,24.14,848,116.74,0,6,6,92,37
Kamran Akmal,58,53,987,73,21,825,119.63,0,5,7,100,31
HG Munsey,38,36,987,127*,29.9,640,154.21,1,5,4,114,45
Samiullah Shinwari,62,55,985,61,21.88,829,118.81,0,2,2,73,37
Shaiman Anwar,32,32,971,117*,33.48,770,126.1,1,6,1,75,43
Sabbir Rahman,44,43,946,80,24.89,783,120.81,0,4,2,89,28
Najibullah Zadran,57,48,918,69*,30.6,663,138.46,0,3,1,60,48
JE Root,32,30,893,90*,35.72,707,126.3,0,5,2,92,16
MP O'Dowd,36,35,866,69,26.24,718,120.61,0,6,0,83,19
E Chigumbura,54,53,852,54*,19.36,597,142.71,0,3,6,58,51
E Lewis,29,28,833,125*,30.85,544,153.12,2,5,3,54,67
SC Williams,38,38,821,66,24.87,630,130.31,0,6,4,75,24
BRM Taylor,38,38,818,75*,24.78,678,120.64,0,5,5,81,23
Sarfaraz Ahmed,58,41,812,89*,28,641,126.67,0,3,2,79,15
LD Chandimal,54,47,800,58,18.6,766,104.43,0,4,0,73,16
W Barresi,42,41,799,75*,22.82,695,114.96,0,4,3,69,21
Soumya Sarkar,46,46,791,51,17.19,648,122.06,0,1,8,81,28
A Balbirnie,37,33,790,83,25.48,593,133.22,0,4,3,94,12
P Khadka,30,29,777,106*,29.88,602,129.06,1,4,3,79,26
ADS Fletcher,42,40,765,84*,21.25,707,108.2,0,6,6,54,37
Fakhar Zaman,34,33,756,91,22.9,553,136.7,0,4,2,86,22
MH Cross,43,35,755,66*,26.03,593,127.31,0,5,3,77,22
JJ Roy,32,32,743,78,23.21,512,145.11,0,4,4,75,35
SJ Myburgh,33,32,741,71*,24.7,635,116.69,0,5,6,82,22
CK Kapugedera,43,38,703,50,22.67,591,118.95,0,1,0,58,25
Muhammad Usman,34,32,695,89*,25.74,593,117.2,0,3,3,61,21
CO Obuya,35,33,691,75*,25.59,649,106.47,0,4,3,47,17
TP Ura,23,23,671,107*,37.27,476,140.96,1,4,0,54,31
PW Borren,43,38,638,57,19.33,524,121.75,0,1,2,60,18
D Ramdin,71,50,636,55*,18.7,551,115.42,0,1,3,51,19
CJ Chibhabha,33,32,621,67,19.4,570,108.94,0,5,3,72,12
MN Waller,32,31,613,68,26.65,443,138.37,0,1,2,42,28
Rohan Mustafa,38,37,605,77,16.8,521,116.12,0,2,4,71,17
JM Bairstow,34,29,603,68,26.21,450,134,0,3,2,56,25
Jatinder Singh,25,25,599,68*,26.04,535,111.96,0,3,1,63,6
RR Hendricks,22,22,593,74,26.95,487,121.76,0,4,2,71,8
DJM Short,20,20,592,76,32.88,490,120.81,0,4,1,66,15
MK Pandey,32,27,587,79*,39.13,478,122.8,0,2,2,40,16
DJG Sammy,68,52,587,42*,17.26,398,147.48,0,0,3,45,31
PD Collingwood,36,33,583,79,18.8,459,127.01,0,3,3,37,24
SPD Smith,36,28,577,90,27.47,448,128.79,0,4,1,53,12
Nizakat Khan,34,32,576,62,18,478,120.5,0,2,4,51,19
Zeeshan Maqsood,29,25,542,56,25.8,481,112.68,0,2,2,66,12
Babar Hayat,24,24,541,122,27.05,433,124.94,1,2,2,45,20
Karim Sadiq,36,36,538,72,14.94,493,109.12,0,1,4,61,10
RN ten Doeschate,22,22,533,59,44.41,400,133.25,0,3,1,27,19
RR Patel,30,26,526,55,23.9,414,127.05,0,3,1,31,31
Hazratullah Zazai,13,13,519,162*,43.25,319,162.69,1,2,1,46,37
F Behardien,38,30,518,64*,32.37,404,128.21,0,1,1,37,16
Noor Ali Zadran,20,20,506,63,26.63,497,101.81,0,3,1,45,6
Nawroz Mangal,32,32,505,65*,18.03,453,111.47,0,2,4,42,19
Liton Das,25,25,497,61,19.88,360,138.05,0,2,2,44,22
Shafiqullah,46,42,494,51*,16.46,340,145.29,0,1,5,35,31
CJ Anderson,31,24,485,94*,24.25,351,138.17,0,2,3,30,26
G Malla,24,23,482,107,20.95,389,123.9,1,1,1,46,21
C de Grandhomme,33,31,479,59,19.95,321,149.22,0,3,3,27,29
TP Visee,27,27,478,78,17.7,316,151.26,0,3,4,65,17
MS Chapman,24,23,475,63*,22.61,416,114.18,0,1,0,38,13
GJ Bailey,30,26,473,63,24.89,346,136.7,0,2,1,37,20
BKG Mendis,24,24,473,79,19.7,353,133.99,0,5,2,40,21
Gulbadin Naib,45,37,472,56*,17.48,393,120.1,0,1,3,33,22
AD Russell,47,39,465,47,17.88,329,141.33,0,0,6,30,32
PM Seelaar,69,40,464,96*,16,423,109.69,0,1,1,31,8
CR Ervine,22,21,461,68*,23.05,454,101.54,0,3,1,43,13
A Vala,26,24,460,68,23,427,107.72,0,2,0,39,13
DJ Malan,9,9,458,103*,57.25,293,156.31,1,5,0,47,20
RE van der Merwe,43,29,454,75*,26.7,345,131.59,0,2,4,36,13
Khawar Ali,29,28,453,50,16.17,482,93.98,0,1,2,48,12
MD Gunathilaka,21,21,452,57,21.52,365,123.83,0,2,0,49,12
Rameez Shahzad,22,21,449,54,24.94,404,111.13,0,1,2,37,13
Usman Ghani,19,19,445,73,24.72,407,109.33,0,3,0,44,12
NR Kumar,18,16,434,83,31,336,129.16,0,3,1,34,13
MD Shanaka,35,35,434,54,15.5,386,112.43,0,1,7,29,24
N Dickwella,23,22,429,68,19.5,309,138.83,0,1,2,57,8
Muhammad Tanveer,15,15,428,57*,38.9,331,129.3,0,4,0,36,22
Syed Aziz,14,14,415,87,34.58,297,139.73,0,4,2,43,16
RR Pant,26,24,409,65*,20.45,336,121.72,0,2,3,28,18
Aqib Ilyas,22,22,408,60,22.66,356,114.6,0,2,1,47,7
TH David,12,12,408,77,37.09,274,148.9,0,2,0,36,17
MG Erasmus,16,14,407,72,37,293,138.9,0,4,0,33,20
WU Tharanga,26,26,407,47,16.28,330,123.33,0,0,3,42,12
Sikandar Raza,32,30,406,59,13.53,384,105.72,0,1,0,34,8
KD Karthik,32,26,399,48,33.25,278,143.52,0,0,2,42,15
Rizwan Cheema,24,24,389,72,17.68,314,123.88,0,2,5,33,28
SJ Baard,13,13,387,92,35.18,305,126.88,0,4,1,32,13
AA Obanda,30,28,381,79,14.65,362,105.24,0,1,5,49,7
CJA Amini,23,18,377,60,26.92,324,116.35,0,2,2,16,13
Mashrafe Mortaza,54,39,377,36,13.46,277,136.1,0,0,6,28,23
J Rasu,13,13,374,74,28.76,338,110.65,0,2,0,27,16
Hussain Talat,14,14,371,63,28.53,309,120.06,0,2,1,35,5
JW Jenner,17,17,365,71,24.33,299,122.07,0,3,2,24,14
PJ Moor,21,19,364,92*,24.26,286,127.27,0,1,0,22,24
NS Dhaliwal,12,11,361,69,40.11,291,124.05,0,3,0,22,16
L Ronchi,33,26,359,51*,17.95,256,140.23,0,1,5,30,14
R Sandaruwan,10,10,358,103,39.77,216,165.74,1,2,2,29,24
S Bau,23,17,356,40*,25.42,338,105.32,0,0,1,21,11
KD Shah,26,22,351,79,18.47,340,103.23,0,2,3,26,10
SW Billings,26,23,348,87,17.4,255,136.47,0,2,1,33,11
S Chandramohan,12,12,348,66,31.63,292,119.17,0,3,3,33,15
DM Bravo,20,18,340,43*,20,317,107.25,0,0,3,28,13
JM Vince,12,12,340,59,28.33,275,123.63,0,1,0,34,9
N Davin,16,16,335,54,22.33,216,155.09,0,1,1,33,15
SA Edwards,29,22,334,42*,23.85,229,145.85,0,0,1,33,6
Asif Ali,25,24,331,41*,18.38,258,128.29,0,0,1,15,19
Faisal Javed,15,15,330,61,22,212,155.66,0,2,1,45,11
SR Thompson,41,30,328,56,14.9,254,129.13,0,1,1,23,14
Aamir Kaleem,25,22,325,46*,18.05,306,106.2,0,0,4,26,9
Anshuman Rath,20,19,321,44,18.88,344,93.31,0,0,1,31,2
N Vanua,25,22,321,54,22.92,211,152.13,0,1,4,12,23
TM Head,16,15,319,48*,26.58,245,130.2,0,0,0,19,10
TL Seifert,19,18,316,84,18.58,228,138.59,0,1,2,22,21
BDH Stevens,17,17,316,44,19.75,315,100.31,0,0,1,30,6
GJ Delany,17,15,314,89*,26.16,206,152.42,0,2,0,28,12
N Nipiko,14,14,312,62,26,297,105.05,0,2,1,16,13
N Pooran,16,16,312,58,24,247,126.31,0,2,1,24,17
R Powell,23,18,311,54,20.73,250,124.4,0,2,1,26,13
Virandeep Singh,12,12,311,57,25.91,309,100.64,0,1,1,27,7
CR Brathwaite,41,27,310,37*,14.76,274,113.13,0,0,3,13,22
HH Pandya,40,25,310,33*,16.31,210,147.61,0,0,2,18,19
S Vesawkar,17,16,310,40,23.84,313,99.04,0,0,0,25,7
NJ Ferraby,14,14,303,81*,23.3,257,117.89,0,1,2,38,2
Tamoor Sajjad,12,11,301,68,33.44,216,139.35,0,1,1,24,14
L Siaka,26,22,296,39,14.8,271,109.22,0,0,4,26,7
Kamran Khan,14,14,295,52,22.69,220,134.09,0,2,0,26,17
R Mutumbami,22,19,294,54,19.6,251,117.13,0,1,1,19,15
B Bhandari,27,23,292,58*,17.17,262,111.45,0,2,1,23,12
CA Lynn,18,16,291,44,19.4,221,131.67,0,0,1,28,14
DS Airee,18,16,287,47*,20.5,260,110.38,0,0,0,22,6
IA Karim,16,16,286,71*,22,299,95.65,0,2,2,30,2
Mohammad Shahzad,20,20,281,52,15.61,239,117.57,0,1,2,25,11
TC Bruce,15,15,279,59*,21.46,222,125.67,0,2,0,24,7
SO Hetmyer,20,18,279,56,16.41,223,125.11,0,1,2,19,17
TAM Siriwardana,22,19,275,42,17.18,208,132.21,0,0,4,16,12
Amjad Javed,22,18,271,76,18.06,242,111.98,0,1,1,17,15
Ravinderpal Singh,12,10,266,101,33.25,177,150.28,1,1,1,13,19
PK Matautaava,10,10,265,103,26.5,156,169.87,1,1,2,19,20
SR Taylor,8,8,265,72,37.85,207,128.01,0,2,1,28,10
MJ Santner,39,27,263,37,15.47,205,128.29,0,0,3,22,7
Imad Wasim,41,29,261,47,13.05,180,145,0,0,6,28,7
DMW Rawlins,11,11,261,63,23.72,201,129.85,0,1,1,23,15
Adnan Idrees,6,6,259,80,43.16,157,164.96,0,3,0,35,9
Najeeb Tarakai,12,12,258,90,21.5,210,122.85,0,1,1,21,13
DM de Silva,13,13,257,62,19.76,252,101.98,0,1,0,18,4
Manpreet Singh,12,12,255,42,23.18,222,114.86,0,0,0,15,5
RP Burl,16,13,254,57*,25.4,221,114.93,0,1,0,16,10
HE van der Dussen,9,8,254,64,31.75,192,132.29,0,2,1,14,12
Waqas Barkat,22,20,254,37,14.11,286,88.81,0,0,2,20,0
SF Mire,9,8,253,94,31.62,196,129.08,0,2,0,23,13
GH Dockrell,73,33,251,34*,13.21,207,121.25,0,0,4,14,7
CG Williams,13,12,249,68*,27.66,210,118.57,0,1,1,15,10
JP Kotze,12,12,245,101*,22.27,193,126.94,1,0,1,21,13
Mohamed Rishwan,11,10,245,67,24.5,245,100,0,2,0,22,10
CN Ackermann,11,11,243,43*,30.37,196,123.97,0,0,0,18,5
Muhammad Kashif,10,9,242,53,48.4,215,112.55,0,2,0,14,13
MA Leask,31,22,240,58,12,199,120.6,0,1,2,16,12
SW Poynter,25,21,240,39,16,213,112.67,0,0,0,22,6
Aizaz Khan,30,27,239,31,11.95,234,102.13,0,0,4,19,4
Ashfaq Ahmed,12,12,238,75,19.83,185,128.64,0,3,2,32,6
SD Hope,13,11,238,55,21.63,175,136,0,2,1,24,10
MM Ali,25,22,235,72*,14.68,198,118.68,0,1,6,21,9
F Damiao Couana,7,7,233,71*,38.83,179,130.16,0,1,0,16,14
HT Tector,14,12,233,60,25.88,176,132.38,0,1,0,20,5
BA Stokes,23,20,232,38,15.46,178,130.33,0,0,1,20,9
H Gori,7,7,231,66,33,176,131.25,0,1,0,23,12
Mohammed Rizlan,15,12,229,38*,32.71,218,105.04,0,0,0,14,10
Rahmanullah Gurbaz,7,7,227,79,32.42,164,138.41,0,2,2,19,13
C Bisson,14,14,226,54,18.83,177,127.68,0,1,3,24,5
SS Iyer,14,13,226,62,22.6,178,126.96,0,1,1,18,9
I Udana,27,19,226,84*,22.6,152,148.68,0,1,2,15,13
DAS Gunaratne,12,12,225,84*,25,178,126.4,0,2,2,19,6
Inam-ul-Haq,11,11,225,73*,25,205,109.75,0,1,1,28,2
GSNFG Jayasuriya,16,14,225,40,16.07,203,110.83,0,0,0,17,8
Shafiq Sharif,10,10,225,53,22.5,171,131.57,0,1,2,32,5
CAK Walton,19,17,225,40,13.23,203,110.83,0,0,5,23,11
DG Blampied,17,15,221,43*,24.55,222,99.54,0,0,1,14,0
TG Southee,66,30,220,39,12.22,150,146.66,0,0,4,14,15
CJ Jordan,43,25,216,36,15.42,166,130.12,0,0,2,16,11
MJG Rippon,18,11,216,42,30.85,192,112.5,0,0,2,15,3
KMDN Kulasekara,58,30,215,31,10.23,184,116.84,0,0,4,14,7
EMDY Munaweera,13,13,215,53,17.91,164,131.09,0,1,1,25,7
B Ward,13,12,215,58*,23.88,160,134.37,0,1,1,8,15
S Prasanna,20,20,214,37*,15.28,161,132.91,0,0,0,13,13
S Wickramasekara,5,5,214,104*,71.33,104,205.76,1,1,0,17,19
Haroon Arshad,10,10,211,68,30.14,154,137.01,0,1,0,15,7
Haris Sohail,14,13,210,52,19.09,204,102.94,0,2,1,16,3
Khurram Nawaz,18,13,210,58,21,179,117.31,0,1,0,11,10
Bilal Zalmai,5,4,208,111*,69.33,109,190.82,1,0,0,16,16
Ghulam Shabber,17,14,208,58*,18.9,182,114.28,0,1,0,24,4
BBJL Perera,8,7,208,67,34.66,144,144.44,0,1,0,23,8
BMAJ Mendis,22,15,207,43*,18.81,174,118.96,0,0,1,18,6
JJ Smit,12,10,206,59,25.75,128,160.93,0,1,0,10,14
Ahmed Faiz,10,10,202,45,22.44,179,112.84,0,0,0,14,6
J Butler,9,8,201,65*,28.71,214,93.92,0,1,0,20,1
KS Leverock,12,12,201,43*,20.1,165,121.81,0,0,3,16,11
DM Gondaria,11,9,199,85*,28.42,157,126.75,0,1,0,12,6
R Panchal,9,8,199,71*,39.8,185,107.56,0,1,0,9,7
Sompal Kami,28,19,198,40,15.23,176,112.5,0,0,1,15,7
Sohail Tanvir,57,25,196,41,11.52,164,119.51,0,0,2,16,9
Yasir Ali,9,9,196,57,32.66,183,107.1,0,1,1,11,9
Aarif Sheikh,11,10,194,39*,24.25,181,107.18,0,0,0,18,4
S Davizi,2,2,192,101,96,133,144.36,1,1,0,14,10
R Rohan,10,10,191,49,19.1,156,122.43,0,0,1,23,6
Ahmed Hassan,11,10,189,53,18.9,192,98.43,0,1,0,18,2
JDS Neesham,18,15,185,42,16.81,131,141.22,0,0,1,19,8
Umar Adam,11,10,185,53,20.55,149,124.16,0,1,1,19,6
XM Marshall,13,13,183,36,14.07,185,98.91,0,0,2,13,6
Mosaddek Hossain,14,13,183,34*,20.33,173,105.78,0,0,1,10,5
Mohammad Rizwan,16,13,180,33*,16.36,184,97.82,0,0,1,14,2
C Tommy,12,11,180,47,16.36,191,94.24,0,0,2,6,8
CAJ Meschede,5,5,179,67,44.75,115,155.65,0,1,1,9,14
Kaleem Shah,7,7,176,72*,29.33,170,103.52,0,1,1,21,4
Mohammad Naveed,31,24,176,27*,12.57,147,119.72,0,0,3,17,8
MR Marsh,11,11,175,36,21.87,151,115.89,0,0,0,7,9
Karan KC,25,16,173,40*,15.72,126,137.3,0,0,2,9,12
Nouman Sarwar,14,9,172,47*,57.33,128,134.37,0,0,1,16,6
HAM Shah,9,8,172,40,21.5,168,102.38,0,0,0,18,2
GD Elliott,17,15,171,27,15.54,157,108.91,0,0,0,12,2
Simi Singh,18,17,169,57*,11.26,144,117.36,0,1,5,12,6
DJ Willey,28,19,166,29*,13.83,126,131.74,0,0,1,8,10
Tarun Sharma,8,8,164,49*,23.42,160,102.5,0,0,1,12,6
RA Jadeja,46,22,163,25,11.64,165,98.78,0,0,2,7,4
TWM Latham,13,10,163,39,16.3,157,103.82,0,0,0,12,2
PD Hennessy,8,7,162,71,23.14,132,122.72,0,1,1,11,7
NMS Param,8,7,160,72*,32,118,135.59,0,1,0,12,6
RW Chakabva,12,12,159,48,14.45,134,118.65,0,0,4,12,7
JP Faulkner,24,18,159,41*,14.45,138,115.21,0,0,0,7,5
MC Henriques,11,8,159,62*,31.8,122,130.32,0,2,0,8,7
A Mansale,14,14,159,38,11.35,151,105.29,0,0,4,14,5
Mohamed Arief,5,5,159,52*,39.75,114,139.47,0,1,0,18,4
HL Carlyon,9,8,156,50,19.5,131,119.08,0,1,1,21,3
H Klaasen,9,9,156,69,22.28,107,145.79,0,1,0,8,11
SP Narine,51,23,155,30,10.33,138,112.31,0,0,2,13,5
NA Greenwood,8,8,154,43,19.25,128,120.31,0,0,1,15,2
MR Adair,17,14,152,38,15.2,118,128.81,0,0,1,8,7
NG Collins,5,5,151,56,30.2,164,92.07,0,2,0,10,0
HD Rutherford,8,7,151,62,21.57,105,143.8,0,1,1,12,9
NM Coulter-Nile,28,15,150,34,13.63,120,125,0,0,3,10,10
Iftikhar Ahmed,6,6,150,62*,75,104,144.23,0,1,0,14,4
Rashid Khan,45,22,149,33,13.54,124,120.16,0,0,4,9,9
VB Chikkannaiah,7,7,148,70*,24.66,167,88.62,0,1,0,10,2
WIA Fernando,10,10,148,37,14.8,156,94.87,0,0,1,9,3
O Bascome,11,11,147,37,13.36,147,100,0,0,1,12,8
CD Wallace,19,14,146,27,18.25,122,119.67,0,0,1,14,2
Karim Janat,21,13,145,26,13.18,140,103.57,0,0,2,11,6
Wahab Riaz,31,17,145,30*,13.18,118,122.88,0,0,2,10,6
M Klinger,3,3,143,62,47.66,112,127.67,0,1,0,12,2
Mohammad Naim,3,3,143,81,47.66,107,133.64,0,1,0,17,3
Ehsan Khan,15,10,142,42*,35.5,128,110.93,0,0,0,9,7
KMA Paul,18,12,142,29,20.28,123,115.44,0,0,0,8,8
Umar Amin,14,9,142,47,15.77,123,115.44,0,0,3,15,4
Faran Afzal,9,8,141,59*,20.14,140,100.71,0,1,0,11,6
Sarfaraz Ali,4,4,141,59,35.25,87,162.06,0,1,0,17,8
S Periyalwar,4,4,140,105*,70,91,153.84,1,0,1,15,6
GD Phillips,11,10,140,56,15.55,140,100,0,1,0,9,5
S Pokhriyal,5,4,140,79,35,131,106.87,0,1,0,23,2
Riazat Ali Shah,4,4,140,53*,70,108,129.62,0,1,0,8,8
AC Douglas,10,9,138,47*,17.25,131,105.34,0,0,0,10,8
LB Ferbrache,9,8,138,55,17.25,142,97.18,0,1,0,6,3
HH Patel,7,6,137,44*,27.4,104,131.73,0,0,0,17,3
R Tari,14,14,137,28,15.22,117,117.09,0,0,2,6,5
Yusuf Ebrahim,3,3,137,72,68.5,97,141.23,0,1,0,14,5
MP Stoinis,19,14,136,33*,15.11,117,116.23,0,0,1,14,2
Faisal Khan,4,4,134,83*,44.66,56,239.28,0,1,1,13,10
N Pathan,4,4,134,54*,44.66,106,126.41,0,1,0,8,7
Faheem Ashraf,27,18,133,21,11.08,110,120.9,0,0,4,7,8
CH Morris,23,13,133,55*,14.77,102,130.39,0,1,3,12,5
Awais Ahmed,9,4,131,102*,65.5,101,129.7,1,0,0,6,6
PBB Rajapaksa,5,5,131,77,32.75,95,137.89,0,1,0,7,9
DDP D'Silva,10,8,130,29,32.5,146,89.04,0,0,1,9,0
SS McKechnie,10,10,130,44,18.57,137,94.89,0,0,1,9,1
CT Mutombodzi,13,12,129,32,14.33,133,96.99,0,0,2,9,2
SL Malinga,79,30,128,27,7.11,153,83.66,0,0,6,9,4
HR Walsh,13,9,128,28,16,129,99.22,0,0,0,8,3
MWR Stokes,9,7,127,29,18.14,152,83.55,0,0,0,10,0
Najjam Shahzad,4,3,126,53*,126,97,129.89,0,1,0,4,10
JT Smuts,8,8,126,45,15.75,114,110.52,0,0,1,14,5
AT Carey,25,13,125,37*,13.88,101,123.76,0,0,0,10,4
Amir Mangal,9,9,124,40,20.66,78,158.97,0,0,0,10,8
Mohammed Asghar,4,4,124,45,31,91,136.26,0,0,0,13,5
S Muniandy,15,13,124,27,13.77,103,120.38,0,0,2,7,7
BA Pai,4,4,124,52,31,141,87.94,0,1,0,6,1
R Ashwin,46,11,123,31*,30.75,115,106.95,0,0,0,14,1
SM Sharif,42,18,123,26,13.66,100,123,0,0,2,8,3
AW Hawkins-Kay,16,13,122,27*,15.25,136,89.7,0,0,1,8,0
KM Jadhav,9,6,122,58,20.33,99,123.23,0,1,0,12,3
Muhamad Syahadat,10,9,122,41*,20.33,102,119.6,0,0,0,9,6
CN Onwuzulike,9,9,122,46*,15.25,126,96.82,0,0,2,5,5
Shadab Khan,38,14,122,29,13.55,96,127.08,0,0,2,6,6
DAJ Bracewell,18,10,121,44,24.2,83,145.78,0,0,2,6,9
KH Pandya,18,9,121,26*,24.2,92,131.52,0,0,0,8,6
Imrul Kayes,14,13,119,36,9.15,134,88.8,0,0,4,14,3
AA Onikoyi,9,8,119,49,14.87,144,82.63,0,0,1,8,4
Sajid Cheema,5,5,118,47,23.6,97,121.64,0,0,0,12,5
JE Taylor,30,15,118,21,13.11,92,128.26,0,0,1,10,6
Mehran Khan,19,13,117,29,10.63,106,110.37,0,0,1,7,5
Mohammad Mithun,14,10,117,47,11.7,125,93.6,0,0,2,9,4
Naseem Khushi,10,8,117,29,19.5,77,151.94,0,0,2,6,8
H Singh,7,6,117,44*,39,102,114.7,0,0,0,6,3
Aritra Dutta,8,8,116,33,14.5,114,101.75,0,0,0,8,5
K Motlhanka,7,7,115,59,16.42,123,93.49,0,1,0,11,2
Sami Sohail,7,5,115,33*,115,97,118.55,0,0,0,10,2
K Dasan,3,3,114,74,38,108,105.55,0,1,0,10,2
S Kaveri,7,6,114,43,22.8,146,78.08,0,0,0,9,1
WD Parnell,40,13,114,29*,28.5,96,118.75,0,0,0,10,3
Chirag Suri,7,7,113,44*,18.83,121,93.38,0,0,0,10,2
M Abdulla,5,5,112,42*,37.33,100,112,0,0,0,11,2
Fiaz Ahmed,4,4,112,62*,56,72,155.55,0,1,1,6,8
JS Malhotra,6,6,112,38,18.66,104,107.69,0,0,0,12,2
Mohammad Boota,16,12,112,20*,14,100,112,0,0,1,7,5
Mudassar Muhammad,7,7,112,30,16,135,82.96,0,0,0,5,3
JO Holder,17,11,111,26*,12.33,84,132.14,0,0,2,10,4
Imran Ali Butt,4,4,111,58,27.75,101,109.9,0,2,2,5,6
JNK Shannon,8,8,111,60,13.87,84,132.14,0,1,1,12,5
A Lark,5,4,110,43,27.5,121,90.9,0,0,1,15,0
T van der Gugten,39,11,109,40*,15.57,81,134.56,0,0,1,4,6
Mohammad Saifuddin,13,9,108,39*,18,95,113.68,0,0,0,9,3
OGL Bascome,11,11,107,22,10.7,117,91.45,0,0,0,12,3
SO Ngoche,28,18,107,38,8.23,118,90.67,0,0,2,5,4
GJ Thompson,10,8,107,44,15.28,108,99.07,0,0,2,14,1
V Vijh,4,4,107,64*,53.5,119,89.91,0,1,0,13,1
K Doriga,17,11,106,43*,10.6,103,102.91,0,0,0,3,3
NA Maiolo,8,7,106,39*,17.66,104,101.92,0,0,0,11,2
MD Dai,9,8,105,31,13.12,128,82.03,0,0,0,4,0
OJ Hairs,8,8,105,26,15,64,164.06,0,0,2,4,10
ND Laegsgaard,9,8,105,39,15,96,109.37,0,0,0,11,2
M Mosehle,7,6,105,36,21,65,161.53,0,0,0,6,9
Meet Bhavsar,9,7,104,38,17.33,88,118.18,0,0,0,10,1
LA Dunbar,2,2,104,104*,104,62,167.74,1,0,1,5,10
Sultan Ahmed,17,12,104,37*,11.55,83,125.3,0,0,3,14,0
Rehman Abdul,7,5,102,37*,51,103,99.02,0,0,0,7,3
Suraj Kumar,13,9,102,42*,14.57,89,114.6,0,0,0,9,3
LJ Tucker,14,11,102,22*,10.2,99,103.03,0,0,1,10,1
Ammad Uddin,4,4,101,40*,33.66,53,190.56,0,0,0,11,5
MNR Cooray,4,3,101,56*,50.5,77,131.16,0,1,0,12,3
S Jora,6,6,101,53*,20.2,83,121.68,0,1,1,5,4
AV Lalcheta,17,10,101,20,12.62,82,123.17,0,0,0,9,4
Mohammed Nurji,6,5,101,36,50.5,59,171.18,0,0,0,8,6
T Perera,6,6,101,30,16.83,127,79.52,0,0,0,16,0
V Shankar,9,4,101,43,25.25,73,138.35,0,0,0,11,5
Hamza Tariq,15,11,100,33,10,82,121.95,0,0,2,4,5
T Maruma,13,13,100,23*,11.11,109,91.74,0,0,1,6,4
BS Stephenson,3,3,100,48,33.33,72,138.88,0,0,0,9,7
BR Dunk,5,5,99,32,19.8,69,143.47,0,0,0,8,6
BFW de Leede,8,7,98,33,16.33,114,85.96,0,0,0,4,2
Irfan Bhima,4,4,98,52,24.5,88,111.36,0,1,2,13,2
Janak Prakash,12,11,98,25*,12.25,78,125.64,0,0,2,9,3
BR McDermott,12,10,98,32*,14,105,93.33,0,0,2,6,2
TK Musakanda,6,6,98,43,16.33,80,122.5,0,0,2,7,2
BOP Fernando,3,3,97,78*,48.5,73,132.87,0,1,0,10,3
DJ Mitchell,9,9,97,30*,16.16,79,122.78,0,0,0,5,4
Aminuddin Ramly,10,9,97,33,13.85,59,164.4,0,0,1,3,9
S Samarawickrama,7,7,97,32,13.85,93,104.3,0,0,1,9,0
AJ Staal,9,8,97,28*,16.16,79,122.78,0,0,2,5,5
GM Strydom,6,6,97,49,16.16,89,108.98,0,0,2,6,5
Zaheer Ibrahim,13,11,97,27*,12.12,89,108.98,0,0,2,7,5
Ahmed Raza,36,14,96,22,13.71,123,78.04,0,0,1,2,4
Razmal Shigiwal,4,3,96,53,32,78,123.07,0,1,0,3,8
ML Udawatte,8,8,96,25,12,87,110.34,0,0,2,10,2
Shamsudheen Purat,3,3,95,88*,47.5,53,179.24,0,1,1,8,7
HJ Jordaan,4,4,94,37*,31.33,107,87.85,0,0,0,8,0
Mehidy Hasan Miraz,13,11,94,19*,10.44,80,117.5,0,0,2,7,4
JJ Tucker,5,5,94,50*,23.5,97,96.9,0,1,0,11,1
J Cutinho,3,3,93,46,31,98,94.89,0,0,0,7,4
Walid Ghauri,4,4,93,44*,31,80,116.25,0,0,0,10,2
JL Denly,10,9,92,30,11.5,93,98.92,0,0,2,11,1
Anwar Arudin,12,12,91,32,7.58,98,92.85,0,0,3,10,2
JN Mohammed,9,8,90,23*,18,103,87.37,0,0,1,9,1
Muhammad Naeem,5,4,90,42,45,91,98.9,0,0,1,7,1
S Adedeji,6,6,89,51*,22.25,114,78.07,0,1,1,5,2
Mohammad Nadeem,22,13,89,29,8.9,106,83.96,0,0,1,7,0
A Otwani,4,4,89,44,22.25,78,114.1,0,0,0,13,1
A Ferguson,5,3,88,51,44,100,88,0,1,0,5,1
N Madziva,15,10,88,28*,17.6,80,110,0,0,1,4,5
Md Shafiqul Haque,4,4,88,38,22,62,141.93,0,0,0,5,6
Zishan Shah,6,5,88,50,22,87,101.14,0,1,0,7,1
PS Airee,11,11,87,29,7.9,93,93.54,0,0,4,10,1
SC Getkate,14,12,87,24,8.7,73,119.17,0,0,1,4,4
D Pretorius,6,2,87,77*,-,49,177.55,0,1,0,7,4
Raza Iqbal,5,5,87,39,17.4,89,97.75,0,0,0,13,0
AR Gandhi,3,3,86,50,43,98,87.75,0,1,0,5,1
DP Michael,4,4,85,55*,28.33,82,103.65,0,1,1,1,6
AR Nurse,13,8,85,20*,42.5,71,119.71,0,0,0,7,3
MD Patel,8,8,85,26,12.14,88,96.59,0,0,0,6,4
N Khosla,4,4,84,27,21,95,88.42,0,0,0,3,2
IO Okpe,8,8,84,19,10.5,109,77.06,0,0,0,2,2
Afif Hossain,8,7,83,52,11.85,63,131.74,0,1,2,10,1
JH Davey,21,10,83,24,16.6,63,131.74,0,0,0,5,3
PF Gallagher,3,3,83,36,27.66,68,122.05,0,0,0,4,5
Manpreet Singh,8,6,83,36,13.83,98,84.69,0,0,0,10,1
AC Agar,21,7,82,29,13.66,79,103.79,0,0,0,6,3
FA Cossa,6,6,82,19*,20.5,90,91.11,0,0,0,6,4
AK Mohan,5,5,82,41,16.4,72,113.88,0,0,1,9,1
Muhammad Awais,3,3,82,42*,82,59,138.98,0,0,0,12,1
TD Paine,12,9,82,25,10.25,77,106.49,0,0,2,7,3
Shaikh Ashraf,4,4,82,38,20.5,67,122.38,0,0,0,8,3
RM Siri,4,4,82,49*,27.33,80,102.5,0,0,1,6,1
Aaron Jones,8,7,81,39,20.25,81,100,0,0,0,3,2
MO Jones,8,7,81,27,16.2,83,97.59,0,0,0,5,3
Ahsan Abbasi,6,6,80,18,13.33,87,91.95,0,0,0,7,2
DAP Darrell,11,10,80,30*,8.88,95,84.21,0,0,1,1,5
Ijaz Hussain,3,3,80,40,26.66,76,105.26,0,0,0,7,6
RK Paudel,11,10,80,19,10,89,89.88,0,0,0,7,0
CP Rizwan,5,4,80,44,20,73,109.58,0,0,0,10,1
ZE Green,16,11,79,18*,9.87,78,101.28,0,0,1,4,3
Nurul Hasan,9,8,78,30*,19.5,63,123.8,0,0,1,9,0
GG Banner,3,3,77,47,38.5,65,118.46,0,0,0,1,8
Sandeep Goud,12,7,77,31*,19.25,72,106.94,0,0,0,3,3
Shahid Wasif,9,8,77,40,15.4,66,116.66,0,0,1,3,1
SA Wijeyeratne,2,2,77,56,38.5,51,150.98,0,1,0,12,0
T Bavuma,2,2,76,49,76,66,115.15,0,0,0,5,2
DR Hooper,9,8,76,19*,15.2,91,83.51,0,0,1,3,1
HB Kayondo,3,3,76,31,25.33,69,110.14,0,0,0,2,4
Rizwan Mahmood,5,4,76,37,19,61,124.59,0,0,0,3,3
NR Kirton,5,5,75,37*,25,83,90.36,0,0,0,4,1
Hirenkumar Patel,4,4,74,22,18.5,82,90.24,0,0,0,9,1
S Hirugade,6,6,74,35,12.33,86,86.04,0,0,1,8,2
SI Runsewe,6,6,74,27,14.8,87,85.05,0,0,1,4,0
G Venkateswaran,3,3,74,59,37,58,127.58,0,1,0,10,1
J Vira,14,12,74,23,9.25,68,108.82,0,0,1,7,2
NT Broom,11,7,73,36,12.16,68,107.35,0,0,0,8,1
TS Fray,10,10,73,29,8.11,96,76.04,0,0,3,9,0
AR McBrine,19,11,73,14*,12.16,70,104.28,0,0,1,6,1
C Munoz-Mills,9,7,73,29*,18.25,66,110.6,0,0,0,5,3
AM Oyede,8,8,73,39,10.42,104,70.19,0,0,2,5,1
AL Phehlukwayo,23,11,73,27*,12.16,66,110.6,0,0,3,10,1
RA Thomas,8,8,73,18,10.42,95,76.84,0,0,1,7,1
Haroon Mughal,4,4,72,31,18,65,110.76,0,0,0,6,1
Hassan Rasheed,8,7,72,22,10.28,100,72,0,0,0,4,1
A Pusthay,5,5,72,37,14.4,60,120,0,0,0,5,1
AS Wright,8,7,72,43,10.28,84,85.71,0,0,1,6,3
Sahir Naqash,7,5,71,38*,17.75,52,136.53,0,0,2,2,5
T Taylor,6,6,71,19*,17.75,91,78.02,0,0,0,2,5
Abdul Hashmi,8,5,70,31,17.5,66,106.06,0,0,1,4,0
FF Mulivai,4,4,70,48,17.5,37,189.18,0,0,1,2,8
Hafez Farooq,4,4,69,24,17.25,68,101.47,0,0,0,7,2
C Hauptfleisch,5,5,69,42,13.8,85,81.17,0,0,1,4,2
Ibrarul Haq,5,4,69,49,17.25,47,146.8,0,0,1,6,4
TB Sole,9,6,69,33*,17.25,43,160.46,0,0,0,9,1
J Umanath,7,7,69,25,11.5,77,89.61,0,0,1,7,2
R Ankad,8,7,68,40*,17,72,94.44,0,0,2,7,0
AG Cremer,29,19,68,17,5.23,102,66.66,0,0,2,2,0
Dawlat Zadran,34,17,68,13,7.55,42,161.9,0,0,3,4,6
R Escobar,5,4,68,28*,22.66,76,89.47,0,0,0,6,1
AR Patel,11,7,68,20*,17,54,125.92,0,0,0,3,3
Sikander Zulfiqar,11,8,68,18,9.71,68,100,0,0,0,5,0
JNT Vare,8,7,68,38,9.71,71,95.77,0,0,0,4,0
C Viljoen,12,7,68,33,17,70,97.14,0,0,0,7,1
Waqas Khan,8,7,68,33*,17,89,76.4,0,0,1,3,2
Hilal Ahmad,7,7,67,30,13.4,59,113.55,0,0,0,6,1
AJ Michael,4,4,67,23,22.33,69,97.1,0,0,0,5,2
Zawar Farid,4,4,67,55,16.75,53,126.41,0,1,0,5,3
Abraash Khan,7,4,66,22,16.5,60,110,0,0,0,7,1
PHKD Mendis,4,4,66,41,16.5,46,143.47,0,0,1,6,3
Waheed Ahmed,10,9,66,19,13.2,80,82.5,0,0,0,6,2
J Bulele,7,7,65,24,9.28,95,68.42,0,0,1,8,0
SC Kuggeleijn,9,5,65,35*,32.5,30,216.66,0,0,1,4,6
H Lakov,3,3,65,28,21.66,62,104.83,0,0,0,5,0
FA Allen,11,9,64,27,9.14,56,114.28,0,0,2,5,3
Anique Uddin,6,6,64,31,10.66,79,81.01,0,0,0,3,0
Ansar Iqbal,4,4,64,40,16,72,88.88,0,0,0,6,1
B Arora,4,4,64,28,16,64,100,0,0,0,5,3
K Birkenstock,4,2,64,59,32,33,193.93,0,1,0,7,4
S Dube,6,4,64,54,32,42,152.38,0,1,0,3,4
G Manan,3,3,64,29,21.33,52,123.07,0,0,0,11,1
A Natubhai Ahir,3,3,64,30,21.33,59,108.47,0,0,0,10,1
WB Rankin,48,15,64,16*,9.14,74,86.48,0,0,2,3,3
Sadeeq Khan,3,3,64,28,32,42,152.38,0,0,0,3,6
Usman Waheed,6,4,64,28*,21.33,61,104.91,0,0,1,6,1
V Balakrishnan,3,3,63,29*,31.5,82,76.82,0,0,0,6,1
LJ Barker,9,8,63,20,7.87,69,91.3,0,0,3,8,0
Imran Ismail,7,7,63,17,9,58,108.62,0,0,0,7,3
Kuldeep Lal,8,3,63,38,21,41,153.65,0,0,0,3,2
OD Hald,9,8,61,18,8.71,57,107.01,0,0,1,4,2
Hasan Ali,30,10,61,23,12.2,35,174.28,0,0,2,3,5
R Nehonde,7,7,61,26,10.16,79,77.21,0,0,1,3,1
NM Odhiambo,16,8,61,26,10.16,94,64.89,0,0,2,4,1
A Sathya,3,3,61,30,20.33,61,100,0,0,0,3,2
PH Shamdasani,4,4,61,37,20.33,72,84.72,0,0,0,3,1
AJ Tye,26,11,61,20,10.16,55,110.9,0,0,2,4,3
DE Budge,6,4,60,24,30,59,101.69,0,0,0,2,3
J Kila,12,5,60,27*,30,31,193.54,0,0,0,4,5
Mohammad Adnan,5,3,60,38*,-,31,193.54,0,0,0,4,5
Zameer Khan,2,2,60,33,60,61,98.36,0,0,0,4,0
Ariful Haque,9,8,59,18*,14.75,61,96.72,0,0,1,4,0
Hayatullah Niazi,4,4,59,27,19.66,47,125.53,0,0,0,3,3
Mohammad Amir,48,14,59,21*,7.37,72,81.94,0,0,2,2,3
Muhammad Saleem,4,4,59,52,14.75,54,109.25,0,1,0,5,1
AK Perera,6,5,59,16,11.8,65,90.76,0,0,0,5,1
IS Sodhi,40,7,59,15,14.75,56,105.35,0,0,1,4,3
Aamer Ikram,4,4,58,23,14.5,73,79.45,0,0,0,4,4
Abu Hider,13,5,58,22*,58,43,134.88,0,0,0,5,4
D Heyliger,11,7,58,23*,29,42,138.09,0,0,1,2,3
JJ Huo,7,7,58,18,8.28,61,95.08,0,0,1,7,2
DF Jacobs,4,4,58,20,14.5,82,70.73,0,0,0,7,0
K Mendon,6,4,58,39*,-,51,113.72,0,0,0,5,2
Mohamed Azzam,7,6,58,17*,14.5,61,95.08,0,0,1,6,0
Shaheryar Butt,3,3,58,30*,29,55,105.45,0,0,0,3,4
Fayyaz Butt,14,6,57,25*,28.5,48,118.75,0,0,0,4,2
C Jonker,2,2,57,49,28.5,29,196.55,0,0,0,5,3
A Makesh,4,2,57,57,57,41,139.02,0,1,0,3,4
GP Meade,8,5,57,18,11.4,63,90.47,0,0,0,4,1
A Sarma,3,3,57,28,19,67,85.07,0,0,0,3,1
P Sarraf,9,8,57,18,8.14,84,67.85,0,0,3,9,0
AJ Turner,11,7,57,22*,14.25,57,100,0,0,1,1,2
Amjad Sher,5,5,56,24,11.2,36,155.55,0,0,0,1,4
T Banton,3,3,56,31,18.66,34,164.7,0,0,0,6,3
EB Knowles,7,6,56,19,14,54,103.7,0,0,1,7,1
P Manning,6,6,56,28,11.2,89,62.92,0,0,1,4,0
MJ Ross,8,5,56,34,14,42,133.33,0,0,0,2,3
D Ajekun,6,6,55,17,9.16,81,67.9,0,0,0,6,1
MNM Aslam,6,4,55,26,13.75,59,93.22,0,0,1,4,1
C Carter,10,5,55,17,13.75,63,87.3,0,0,0,3,0
PWH de Silva,8,7,55,14*,13.75,50,110,0,0,0,3,0
KM Jarvis,22,12,55,27,7.85,64,85.93,0,0,4,1,4
Mirza Ahsan,5,3,55,51*,55,18,305.55,0,1,0,2,7
OE Newey,7,6,55,23*,11,66,83.33,0,0,1,2,0
R Satheesan,4,3,55,23,27.5,42,130.95,0,0,0,3,4
JW Chilia,14,7,54,23,18,54,100,0,0,0,3,3
M Dixit,3,2,54,38,27,59,91.52,0,0,0,6,2
JSE Dunford,17,9,54,29,9,67,80.59,0,0,3,2,0
MSS Mandy,4,4,54,32,13.5,67,80.59,0,0,0,8,0
SMA Priyanjan,3,3,54,40*,54,62,87.09,0,0,0,1,2
BA King,6,5,53,31,10.6,50,106,0,0,0,6,1
MRJ Watt,35,11,53,14*,10.6,40,132.5,0,0,1,6,1
TS Bharaj,9,8,52,19,6.5,77,67.53,0,0,1,2,0
G Caisley,4,4,52,38,13,60,86.66,0,0,1,3,2
SJ Cotter,4,4,52,25,13,62,83.87,0,0,0,4,1
A Manousis,3,3,52,23,26,49,106.12,0,0,0,5,1
DM Nakrani,4,4,52,19,17.33,48,108.33,0,0,0,2,3
Ovais Yousof,3,3,52,33,17.33,70,74.28,0,0,0,5,0
V Mbazo,4,3,51,27*,25.5,67,76.11,0,0,0,3,0
AU Rashid,40,15,51,9*,7.28,61,83.6,0,0,0,4,0
Md Nurul Huda,5,4,50,30*,25,32,156.25,0,0,0,4,2
MJ Richardson,3,3,50,35*,50,38,131.57,0,0,0,7,0
Ameel Mauroof,10,8,49,15*,12.25,63,77.77,0,0,0,3,0
G Chaturvedi,2,2,49,25,24.5,29,168.96,0,0,0,6,1
A Dananjaya,22,12,49,11*,6.12,57,85.96,0,0,2,6,0
JN Frylinck,14,7,49,19*,16.33,47,104.25,0,0,1,2,1
Junaid Siddiqui,13,7,49,21,12.25,41,119.51,0,0,1,2,2
HG Kuhn,7,6,49,29,12.25,42,116.66,0,0,0,3,2
Nanda Kumar,3,3,49,39,16.33,58,84.48,0,0,1,3,2
Saber Zakhil,3,3,49,18,16.33,35,140,0,0,0,2,3
DC Smith,4,4,49,22,16.33,53,92.45,0,0,0,5,0
S Jamil,3,3,48,24,16,49,97.95,0,0,0,5,2
Muhammad Nadeem,5,3,48,43,16,49,97.95,0,0,0,7,1
MIA Patel,3,2,48,40*,48,44,109.09,0,0,0,6,1
Qalandar Khan,4,3,48,25,16,43,111.62,0,0,0,2,3
YSD Seneveratne,6,6,48,19,8,79,60.75,0,0,1,5,1
J Singye,2,2,48,40,24,64,75,0,0,0,2,0
C Zhuwao,7,7,48,24,6.85,66,72.72,0,0,4,7,1
M Aboagye,3,3,47,24,23.5,53,88.67,0,0,0,3,0
VD Adewoye,7,6,47,23*,11.75,42,111.9,0,0,2,4,2
Delawar Khan,9,8,47,17,6.71,40,117.5,0,0,2,0,4
D Weston,6,6,47,18,7.83,54,87.03,0,0,2,5,1
SA Ahmad,5,3,46,25,23,54,85.18,0,0,0,2,0
K Gupta,4,4,46,19*,15.33,64,71.87,0,0,1,1,0
Z Hoque,3,3,46,20,15.33,35,131.42,0,0,0,4,2
RJ Trott,15,10,46,19,7.66,84,54.76,0,0,2,3,0
Anasim Khan,4,3,45,22,22.5,39,115.38,0,0,0,2,1
S Ateak,3,3,45,26,15,48,93.75,0,0,0,6,1
R Bakum,4,4,45,18,11.25,45,100,0,0,1,4,2
MG Hunter,4,3,45,27,15,61,73.77,0,0,0,2,1
NJ Maddinson,6,4,45,34,11.25,35,128.57,0,0,0,6,1
Mamoon Latif,3,3,45,24,15,52,86.53,0,0,0,2,2
T Munyonga,5,3,45,44,45,34,132.35,0,0,0,3,1
Nazril Rahman,7,4,45,24*,15,45,100,0,0,0,4,0
VE Tembo,6,5,45,20*,15,52,86.53,0,0,0,2,0
Yasar Haroon,4,4,45,29,11.25,62,72.58,0,0,0,4,1
Zohaib Sarwar,4,4,45,33*,15,46,97.82,0,0,2,1,4
Abrar Bilal,3,2,44,41,22,24,183.33,0,0,0,6,2
AJ Ayannaike,3,3,44,33,14.66,43,102.32,0,0,1,4,2
AA Banner,3,2,44,28,22,29,151.72,0,0,0,4,3
L Emilio,5,4,44,23,11,35,125.71,0,0,0,4,1
GF Gomes,7,6,44,28,8.8,46,95.65,0,0,1,6,1
Ismat Ullah,4,4,44,42,11,47,93.61,0,0,1,4,1
S Badree,52,16,43,14*,7.16,65,66.15,0,0,0,1,1
P Baron,5,3,43,27,14.33,38,113.15,0,0,0,0,4
P Mishra,3,3,43,23,21.5,26,165.38,0,0,0,3,4
Mustafizur Rahman,37,15,43,15,4.3,55,78.18,0,0,4,3,3
Saad Bin Zafar,11,4,43,20,14.33,33,130.3,0,0,0,3,2
M Sohel Patel,2,2,43,40,21.5,39,110.25,0,0,0,2,3
F Baaleri,4,4,42,17,10.5,60,70,0,0,0,6,0
Mohamed Mahfooz,11,5,42,16,8.4,53,79.24,0,0,0,3,0
Muaviath Ganee,5,4,42,19,10.5,44,95.45,0,0,0,3,1
LE Plunkett,22,11,42,18,6,34,123.52,0,0,3,3,1
M Sert,4,4,42,16,14,59,71.18,0,0,0,5,0
DC Stovell,6,6,42,18*,8.4,50,84,0,0,1,5,0
JK Vifah,3,3,42,23,14,45,93.33,0,0,0,2,1
KJ Young,3,3,42,27*,42,34,123.52,0,0,0,3,1
Abdul-Shakoor Rahimzei,7,5,41,17,10.25,33,124.24,0,0,0,2,1
Ainool Hafizs,3,3,41,21,13.66,39,105.12,0,0,0,3,1
A Ashokan,2,2,41,34,20.5,29,141.37,0,0,0,2,3
K Joshi,4,3,41,32*,20.5,41,100,0,0,0,4,2
B Mavuta,3,3,41,28,41,23,178.26,0,0,0,3,2
D Muhumuza,4,4,41,28,10.25,36,113.88,0,0,1,3,1
Murid Ekrami,3,2,41,28,20.5,48,85.41,0,0,0,2,0
Amir Hamza,31,9,40,21,10,38,105.26,0,0,1,3,1
TS Chisoro,12,6,40,14*,10,42,95.23,0,0,0,2,2
BCJ Cutting,7,5,40,29,10,27,148.14,0,0,1,2,3
Fitri Sham,15,10,40,15*,6.66,56,71.42,0,0,0,2,0
Imran Bulbulia,3,3,40,32,13.33,42,95.23,0,0,1,4,1
LA Musiani,5,5,40,22,10,60,66.66,0,0,1,4,0
E Packard,4,4,40,26,10,49,81.63,0,0,0,2,1
S Ravikumar,3,3,40,29*,20,44,90.9,0,0,1,3,1
Sahibzada Farhan,3,3,40,39,13.33,46,86.95,0,0,1,2,3
F Stoman,4,4,40,21*,13.33,61,65.57,0,0,0,1,1
Talha Khan,1,1,40,40*,-,41,97.56,0,0,0,4,0
Tariq Aziz,4,4,40,23,13.33,47,85.1,0,0,1,1,2
Imran Khan,4,3,39,36,19.5,32,121.87,0,0,0,2,3
P Silas,4,3,39,20,13,44,88.63,0,0,0,1,1
S Tobgay,2,2,39,24,19.5,58,67.24,0,0,0,1,0
PA van Meekeren,41,9,39,18,4.87,40,97.5,0,0,3,0,3
Ameer Saiyed,4,3,38,22,12.66,47,80.85,0,0,0,4,0
D Kansonkho,7,4,38,21,9.5,47,80.85,0,0,2,5,0
AK Kitchen,5,4,38,16,12.66,32,118.75,0,0,0,3,1
BF Mailata,4,4,38,17,9.5,48,79.16,0,0,0,2,1
Mohammad Amin,4,4,38,15*,19,39,97.43,0,0,0,5,0
H Pragji,4,4,38,30*,12.66,65,58.46,0,0,0,1,0
VD Chandra,3,2,37,26,18.5,30,123.33,0,0,0,3,3
I Danladi,3,2,37,37,18.5,38,97.36,0,0,1,4,1
CJ Delany,4,4,37,21,9.25,60,61.66,0,0,1,2,0
J Hirschi,4,4,37,13,9.25,62,59.67,0,0,0,0,0
AF Ifill,6,6,37,9,7.4,61,60.65,0,0,0,2,1
R Kumar,4,3,37,32,18.5,27,137.03,0,0,0,6,0
D Manani,2,2,37,19*,37,32,115.62,0,0,0,4,1
S Sola,4,3,37,18,12.33,36,102.77,0,0,0,1,3
CA Soper,13,6,37,19,18.5,41,90.24,0,0,0,0,3
BM Wheeler,6,4,37,30,18.5,28,132.14,0,0,0,3,2
TK Curran,15,6,36,14*,18,27,133.33,0,0,0,0,3
J Dunn,4,3,36,23,12,41,87.8,0,0,0,0,1
J Jojo,7,5,36,13,18,27,133.33,0,0,0,1,1
TE Kane,7,3,36,26*,18,23,156.52,0,0,0,5,0
Mohammed Qasim,3,3,36,13*,18,51,70.58,0,0,0,2,0
Mohsin Hub,4,4,36,16*,12,41,87.8,0,0,1,2,0
Abdul Shakoor,6,4,35,20*,17.5,40,87.5,0,0,0,3,0
MP Biddappa,4,2,35,22*,35,47,74.46,0,0,0,1,1
PJ Cummins,25,11,35,13,5,37,94.59,0,0,2,2,1
SM Curran,5,3,35,24,11.66,23,152.17,0,0,0,3,2
CD de Lange,8,3,35,22,11.66,22,159.09,0,0,0,2,2
L Hermida,5,5,35,12,11.66,52,67.3,0,0,0,1,0
JN Malan,2,2,35,33,17.5,37,94.59,0,0,0,3,2
VV Morea,5,5,35,19,7,44,79.54,0,0,1,4,0
Nazakat Ali,2,2,35,25,17.5,31,112.9,0,0,0,1,3
Sultan Ahmed,17,9,35,11,5.83,37,94.59,0,0,3,0,2
DK Anefie,4,4,34,18*,17,38,89.47,0,0,1,2,0
Nadeem Ahmed,24,9,34,10,6.8,55,61.81,0,0,1,2,0
S Rakshit,7,5,34,15,8.5,44,77.27,0,0,1,5,0
Saqib Zulfiqar,6,4,34,18,8.5,43,79.06,0,0,0,1,0
JTS Sumerauer,8,6,34,13,6.8,39,87.17,0,0,0,3,0
W Viraliliu,10,7,34,13*,8.5,26,130.76,0,0,0,3,2
PSP Handscomb,2,2,33,20*,33,33,100,0,0,0,1,0
FJ Klaassen,21,7,33,13,5.5,34,97.05,0,0,1,2,0
CB Mpofu,30,10,33,17*,8.25,40,82.5,0,0,3,3,1
K Nestor,4,4,33,16,11,35,94.28,0,0,0,1,2
I Pandey,4,4,33,22,8.25,50,66,0,0,0,5,0
Simandeep Singh,7,7,33,14*,6.6,32,103.12,0,0,0,2,0
AA Westphal,5,5,33,24,6.6,40,82.5,0,0,0,3,0
Abdul Wahid,5,3,32,17*,16,26,123.07,0,0,0,4,1
KS Bagabena,4,3,32,23*,32,32,100,0,0,1,1,0
LHB Harrington-Myers,4,4,32,17*,10.66,39,82.05,0,0,1,1,1
Khizer Ahmed,5,4,32,18,16,47,68.08,0,0,0,1,0
GH O'Brien,11,6,32,7*,8,38,84.21,0,0,1,1,2
Shiraz Khan,6,5,32,16*,8,27,118.51,0,0,1,2,1
KRP Silva,2,2,32,25,16,12,266.66,0,0,0,2,3
PVD Chameera,19,10,31,12,7.75,40,77.5,0,0,2,3,0
P Chandran,3,3,31,23,10.33,47,65.95,0,0,1,2,1
V Ganesan,4,4,31,15,7.75,42,73.8,0,0,0,0,0
Jasdeep Singh,4,2,31,31,15.5,25,124,0,0,1,0,3
AS Mehmi,3,2,31,21*,31,29,106.89,0,0,0,2,1
RG Mukasa,4,4,31,14,7.75,40,77.5,0,0,0,1,0
VS Padhaal,5,5,31,14,6.2,44,70.45,0,0,0,4,0
D Sheeli,3,3,31,19,10.33,32,96.87,0,0,0,3,0
ACF Stokes,7,5,31,16,6.2,26,119.23,0,0,3,6,0
Tafseer Ali,5,4,31,19,10.33,53,58.49,0,0,0,1,0
Zubaidi Zulkifle,4,4,31,22,7.75,29,106.89,0,0,1,2,2
D Cato,3,3,30,20,10,59,50.84,0,0,0,2,0
LC Le Tissier,9,7,30,9,6,29,103.44,0,0,0,2,0
Mian Mehmood,4,4,29,13,7.25,41,70.73,0,0,1,1,1
SH Obed,12,7,29,9,5.8,41,70.73,0,0,0,1,0
S Rossi,5,4,29,13,9.66,27,107.4,0,0,0,2,1
J Salazar,2,2,29,20*,29,36,80.55,0,0,0,0,0
Taskin Ahmed,19,6,29,15*,9.66,31,93.54,0,0,1,3,1
DT Tiripano,10,6,29,14,7.25,34,85.29,0,0,2,0,2
C Zavoiu,3,2,29,27,14.5,39,74.35,0,0,0,3,0
Ahsan Malik,31,8,28,11*,9.33,30,93.33,0,0,1,1,1
KK Ahuja,8,7,28,8,4,50,56,0,0,1,1,1
EJB Miles,14,4,28,16,14,31,90.32,0,0,0,1,0
A Nehra,27,5,28,22,5.6,39,71.79,0,0,3,1,2
CW Perchard,15,5,28,12,9.33,35,80,0,0,0,0,0
R Pillai,6,5,28,14,7,44,63.63,0,0,1,1,0
Sharafuddin Ashraf,8,4,28,18,9.33,29,96.55,0,0,0,1,1
Ahmed Wardak,9,4,27,20*,13.5,38,71.05,0,0,0,1,0
TP Allen,5,3,27,11*,13.5,17,158.82,0,0,0,0,3
G Bakiweyem,3,2,27,15*,27,30,90,0,0,0,0,0
TC Barker,4,4,27,18,6.75,33,81.81,0,0,0,1,0
DT Christian,16,7,27,9,6.75,28,96.42,0,0,1,2,0
RM Dorji,1,1,27,27,27,23,117.39,0,0,0,0,4
H Fennell,5,5,27,25*,9,23,117.39,0,0,3,4,1
S Hongsi,3,3,27,11*,-,16,168.75,0,0,0,3,1
SS Pathirana,5,5,27,14,5.4,24,112.5,0,0,0,3,0
Shapoor Zadran,34,13,27,13,3.85,65,41.53,0,0,3,0,3
Shoaib Qureshi,5,4,27,12,6.75,34,79.41,0,0,1,2,0
Waqas Ali,2,2,27,14,13.5,31,87.09,0,0,0,0,2
Arsalan Arif,2,1,26,26*,-,11,236.36,0,0,0,5,0
TB de Bruyn,2,2,26,19,13,16,162.5,0,0,0,3,1
R Goodwin,4,4,26,16*,8.66,36,72.22,0,0,1,1,0
Izatullah Dawlatzai,14,3,26,24*,26,16,162.5,0,0,0,2,2
G Kansonkho,6,3,26,22,13,21,123.8,0,0,1,4,0
LN Oluoch,10,6,26,7*,8.66,33,78.78,0,0,0,2,0
E Otieno,18,8,26,8,5.2,48,54.16,0,0,1,0,1
TK Saha,4,4,26,18*,26,23,113.04,0,0,0,1,0
Washington Sundar,18,5,26,14*,13,12,216.66,0,0,1,1,3
C Wright,6,5,26,16*,8.66,31,83.87,0,0,1,2,0
P Agnihotri,2,2,25,19,12.5,36,69.44,0,0,0,2,0
Asrar Ahmed,3,1,25,25,25,27,92.59,0,0,0,2,0
T Jamtsho,2,2,25,19,25,27,92.59,0,0,0,1,1
JH Kiani,4,3,25,13,12.5,36,69.44,0,0,0,2,0
WP Masakadza,12,6,25,6*,8.33,30,83.33,0,0,0,2,0
G Murali,3,3,25,14,8.33,44,56.81,0,0,0,1,0
SA Okpe,8,6,25,12,5,46,54.34,0,0,0,1,0
C Pengkumta,4,3,25,18,25,31,80.64,0,0,0,2,0
Shahbaz Badar,3,3,25,16,8.33,32,78.12,0,0,1,3,0
Sidhant Singh,8,6,25,12,6.25,26,96.15,0,0,1,1,1
A Srivastav,4,4,25,21,6.25,37,67.56,0,0,2,2,0
Tahir Dar,4,2,25,15,12.5,25,100,0,0,0,1,2
Vinod Kumar,3,3,25,17,12.5,30,83.33,0,0,0,3,0
Adil Hanif,4,2,24,16,12,23,104.34,0,0,0,3,0
Azyan Farhath,2,2,24,22*,24,22,109.09,0,0,0,2,0
MO Bacarese,3,2,24,13,12,37,64.86,0,0,0,0,1
OO Bascome,3,3,24,16,8,29,82.75,0,0,0,3,0
Bilal Tahir,4,4,24,13,6,21,114.28,0,0,1,1,1
Fareed Ahmad,14,1,24,24*,-,15,160,0,0,0,4,0
B Ivanov,3,3,24,14,12,55,43.63,0,0,0,1,0
Jagjit Singh,4,4,24,12,6,30,80,0,0,0,1,0
MJ McClenaghan,29,8,24,10,6,23,104.34,0,0,2,1,2
B Regmi,18,11,24,11,3.42,56,42.85,0,0,1,2,0
DL Brangman,5,4,23,23*,11.5,25,92,0,0,2,2,1
C Floyd,2,2,23,21,23,23,100,0,0,0,2,1
Habib Ahmadzai,5,3,23,15*,23,29,79.31,0,0,0,2,1
Hardev Singh,3,3,23,17,7.66,48,47.91,0,0,0,1,0
Imran Anwar,4,2,23,16*,23,22,104.54,0,0,0,2,0
RK Inampud,3,3,23,17*,23,28,82.14,0,0,0,0,1
B Kumar,43,9,23,9,5.75,29,79.31,0,0,1,0,0
S Lamichhane,18,8,23,9,5.75,29,79.31,0,0,1,1,0
N Master,2,2,23,21,11.5,18,127.77,0,0,0,4,0
VM Sachdev,2,2,23,12*,23,31,74.19,0,0,0,2,0
Shafiul Islam,17,6,23,16,4.6,33,69.69,0,0,1,1,1
S Sohal,3,2,23,18,11.5,29,79.31,0,0,0,1,1
A Zampa,27,6,23,9,11.5,26,88.46,0,0,0,2,0
DNA Ankrah,4,3,22,12,7.33,43,51.16,0,0,0,2,0
SE Aquilina,4,4,22,14,5.5,30,73.33,0,0,0,2,0
Z Arinaitwe,3,3,22,15,7.33,26,84.61,0,0,0,3,1
TA Boult,27,8,22,8,4.4,32,68.75,0,0,1,1,0
PC de Silva,2,2,22,21,11,22,100,0,0,0,1,0
M Morkel,44,8,22,8*,7.33,18,122.22,0,0,0,3,1
AK Muslar,3,3,22,13,7.33,27,81.48,0,0,1,1,2
Abdullah Akbarjan,5,1,21,21,21,17,123.52,0,0,0,3,0
BB Chari,3,3,21,19,7,31,67.74,0,0,1,4,0
L Gregory,5,3,21,15,7,19,110.52,0,0,1,0,2
Imam-ul-Haq,2,2,21,14,10.5,25,84,0,0,0,2,0
Karweng NG,4,3,21,14,7,30,70,0,0,0,0,1
LD Madushanka,2,2,21,20,10.5,26,80.76,0,0,0,1,0
C Mahoney,3,1,21,21,21,27,77.77,0,0,0,1,0
AF Milne,21,8,21,10*,-,23,91.3,0,0,0,1,0
S Murari,3,3,21,16,10.5,20,105,0,0,0,2,0
SF Tiai,4,3,21,11,7,22,95.45,0,0,1,2,0
E Ul Haq,5,5,21,10,4.2,36,58.33,0,0,0,2,0
Ainool Haqqiem,4,2,20,12,20,20,100,0,0,0,1,0
KK Flowers,3,3,20,17,10,33,60.6,0,0,1,3,0
Z Groenewald,10,4,20,13,6.66,35,57.14,0,0,0,0,0
Kuldeep Yadav,19,2,20,16,20,20,100,0,0,0,2,0
N Pokana,19,7,20,8*,10,28,71.42,0,0,0,0,0
JRMVB Sanjaya,8,5,20,6,6.66,18,111.11,0,0,0,3,0
JOP Scamans,2,2,20,12*,20,19,105.26,0,0,0,1,0
A Uniyal,3,3,20,16*,10,24,83.33,0,0,0,2,0
C Waiswa,4,2,20,14*,20,14,142.85,0,0,0,1,1
Aziz Mohammad,3,3,19,19,9.5,25,76,0,0,1,0,2
Bilal Ahmed,1,1,19,19,19,28,67.85,0,0,0,1,1
CJ Dala,9,4,19,12*,19,28,67.85,0,0,0,1,0
Ibrahim Hassan,11,7,19,12*,3.8,41,46.34,0,0,3,0,0
Imran Haider,2,2,19,15,9.5,26,73.07,0,0,0,2,1
Imran Tahir,38,4,19,9*,19,18,105.55,0,0,0,1,1
Irfan Mir,4,3,19,18*,19,7,271.42,0,0,1,0,2
Jaspreet Singh,5,2,19,11,9.5,23,82.6,0,0,0,1,0
Junaid Sheikh,5,3,19,9,6.33,20,95,0,0,0,1,1
Mohammad Ahsan,6,3,19,8,6.33,20,95,0,0,0,0,1
SN Netravalkar,8,2,19,12,19,15,126.66,0,0,0,1,1
HM Nicholls,5,4,19,7,4.75,28,67.85,0,0,0,2,0
AE Paraam,3,2,19,10,19,10,190,0,0,0,2,1
AM Phangiso,16,3,19,13,6.33,29,65.51,0,0,0,1,0
L Shafeeg,3,1,19,19*,-,11,172.72,0,0,0,2,1
Sufyan Mehmood,3,2,19,13*,19,41,46.34,0,0,0,2,0
KOK Williams,24,7,19,13*,6.33,17,111.76,0,0,1,1,1
N Yordanov,2,2,19,19*,19,11,172.72,0,0,1,0,2
JD Baker,4,3,18,11*,-,14,128.57,0,0,0,3,0
V Baskaran,12,5,18,14*,9,23,78.26,0,0,1,0,0
Bilal Khan,32,10,18,6*,6,28,64.28,0,0,2,1,0
LA Collado,4,3,18,8,18,34,52.94,0,0,0,0,0
BE Hendricks,11,3,18,12*,9,21,85.71,0,0,0,0,1
JB Little,11,6,18,7,4.5,16,112.5,0,0,2,3,0
AK Markram,2,2,18,15,9,17,105.88,0,0,0,1,1
Nazmul Islam,13,4,18,7,18,17,105.88,0,0,0,2,0
D Nikolov,3,2,18,13,9,33,54.54,0,0,0,2,0
PADLR Sandakan,14,4,18,10,9,24,75,0,0,0,2,0
S Snater,13,6,18,10,3.6,16,112.5,0,0,2,0,1
HN Ya France,6,3,18,13,6,20,90,0,0,1,1,1
D Bishoo,7,4,17,8,8.5,29,58.62,0,0,1,2,0
TA Blundell,3,2,17,14,17,21,80.95,0,0,0,0,0
LA Dawson,6,2,17,10,17,8,212.5,0,0,0,2,1
RR Emrit,4,3,17,11,5.66,27,62.96,0,0,0,0,1
D Gim,6,4,17,9*,8.5,32,53.12,0,0,1,0,0
S Kizilkaya,4,4,17,8,4.25,28,60.71,0,0,1,3,0
L Louwrens,1,1,17,17*,-,15,113.33,0,0,0,1,1
JH Mensah,2,2,17,16,8.5,10,170,0,0,0,1,1
TK Patel,7,3,17,14*,-,18,94.44,0,0,0,1,0
K Pierre,8,4,17,9*,8.5,23,73.91,0,0,0,2,0
Rubel Hossain,27,14,17,8*,3.4,30,56.66,0,0,4,1,0
GR Russ,3,2,17,10,17,29,58.62,0,0,0,0,0
SE Rutherford,3,3,17,9,5.66,23,73.91,0,0,0,1,0
Shafraz Jaleel,4,3,17,17,5.66,14,121.42,0,0,2,1,1
JR Singleton,3,3,17,7,5.66,26,65.38,0,0,0,3,0
T Singye,2,2,17,11,8.5,25,68,0,0,0,2,0
OR Willis,3,3,17,15,5.66,32,53.12,0,0,0,0,1
Zain ul Tashnam,3,2,17,11,17,26,65.38,0,0,0,1,0
IKO Aboagye,4,4,16,7,4,37,43.24,0,0,1,0,0
A Ahmadhel,3,2,16,15,8,16,100,0,0,0,2,0
P Arrighi,5,4,16,11,4,46,34.78,0,0,1,0,0
J Barker,4,2,16,16,8,16,100,0,0,1,3,0
KK Bishnoi,3,2,16,14,16,18,88.88,0,0,0,1,0
M Chauhan,2,2,16,15,8,8,200,0,0,0,0,2
U Dorji,2,2,16,8,8,17,94.11,0,0,0,2,0
LF Goncalves,3,2,16,13,8,21,76.19,0,0,0,1,0
EH Hutchinson,2,1,16,16,16,8,200,0,0,0,3,0
LS Livingstone,2,2,16,16,8,19,84.21,0,0,1,1,0
K Modise,3,3,16,10,5.33,16,100,0,0,1,2,1
Najmul Hossain Shanto,2,2,16,11,8,17,94.11,0,0,0,1,0
F Nsubuga,3,3,16,9,8,15,106.66,0,0,0,0,2
JB Reva,9,4,16,7,4,22,72.72,0,0,0,1,1
DW Steyn,44,10,16,5,3.2,23,69.56,0,0,1,1,0
Aamer Yamin,2,1,15,15*,-,6,250,0,0,0,1,1
Anowarul Islam,4,4,15,9,3.75,20,75,0,0,1,1,1
TL Chatara,21,3,15,8,5,18,83.33,0,0,1,1,0
K Christie,11,4,15,11*,7.5,20,75,0,0,0,0,0
GL Cloete,2,2,15,13,7.5,15,100,0,0,0,2,0
SS Cottrell,22,7,15,4*,5,22,68.18,0,0,1,2,0
N Dutta,11,3,15,12,15,13,115.38,0,0,0,1,0
KR Ebanks,5,4,15,8,3.75,27,55.55,0,0,1,1,0
J Hill,4,3,15,6,5,20,75,0,0,0,3,0
AC Kose,4,4,15,15,3.75,33,45.45,0,0,3,3,0
Nasrulla Rana,8,4,15,7,7.5,24,62.5,0,0,1,0,0
RN Patel,2,2,15,15*,15,25,60,0,0,1,1,0
Usama Master,6,2,15,15,7.5,13,115.38,0,0,1,1,0
JDF Vandersay,10,7,15,8*,15,17,88.23,0,0,0,2,0
Vikramjit Singh,1,1,15,15,15,13,115.38,0,0,0,1,0
Abul Hasan,5,2,14,9,7,11,127.27,0,0,0,2,0
CM Akachukwu,8,5,14,8,7,15,93.33,0,0,0,0,1
Aminul Islam,4,3,14,9,14,14,100,0,0,0,2,0
Aqib Iqbal,5,1,14,14,14,6,233.33,0,0,0,0,1
G Dutta,7,6,14,8,2.33,28,50,0,0,3,1,0
Ibrahim Zadran,3,3,14,11,4.66,26,53.84,0,0,0,0,1
P Jayeshbhai Patel,2,2,14,8*,14,11,127.27,0,0,0,0,0
T Langa,1,1,14,14,14,9,155.55,0,0,0,2,0
JWN Moses,3,3,14,9,4.66,20,70,0,0,0,0,1
N Nankov,3,2,14,14,14,20,70,0,0,0,1,0
S Pillai,3,3,14,6,4.66,27,51.85,0,0,0,1,0
C Prasad,3,3,14,11,7,29,48.27,0,0,1,1,0
Rakibul Hasan,8,4,14,5*,4.66,17,82.35,0,0,1,1,0
Ravinder Singh,2,2,14,8,7,13,107.69,0,0,0,0,1
Shahzad Muhammad,2,1,14,14,14,7,200,0,0,0,1,1
S Smith,5,3,14,7*,-,27,51.85,0,0,0,0,0
S Varathappan,3,3,14,9,4.66,14,100,0,0,1,3,0
T Whiteman,4,2,14,14*,14,10,140,0,0,1,0,1
Abdullah Sheikh,2,2,13,11,6.5,18,72.22,0,0,0,1,0
M Cope,2,2,13,13,13,15,86.66,0,0,0,2,0
JA Fitzgerald,4,2,13,11*,-,10,130,0,0,0,0,1
Lucky Ali,2,2,13,7,6.5,18,72.22,0,0,0,1,0
JL Martel,3,1,13,13*,-,6,216.66,0,0,0,1,1
J Mees,3,3,13,7*,13,20,65,0,0,0,1,0
Mohammad Nawaz (3),16,2,13,7,6.5,20,65,0,0,0,1,0
Muhammad Hamayun,4,2,13,8,6.5,10,130,0,0,0,1,1
HC Overdijk,4,1,13,13,13,7,185.71,0,0,0,2,0
JA Richardson,9,3,13,7*,13,6,216.66,0,0,1,2,0
OFJ Tonuu,4,3,13,6*,6.5,18,72.22,0,0,0,0,0
Washeem Abbas,2,2,13,9*,13,7,185.71,0,0,0,0,1
Arslan Ahmed,3,3,12,11,4,32,37.5,0,0,1,1,0
Asad Mohammad,9,4,12,5,4,12,100,0,0,0,2,0
Avi Dixit,1,1,12,12*,-,8,150,0,0,0,0,1
Fazal Niazai,1,1,12,12,12,15,80,0,0,0,1,0
CJ Gannon,4,3,12,7*,12,9,133.33,0,0,0,0,1
R Gaznavi,2,2,12,8,6,12,100,0,0,0,2,0
H Helva,4,4,12,7,3,25,48,0,0,2,2,0
D Mejia,3,1,12,12,12,10,120,0,0,0,2,0
A Patel,2,2,12,6*,12,23,52.17,0,0,0,2,0
M Patel,3,3,12,8,4,15,80,0,0,1,1,1
Raag Kapur,4,3,12,6,6,16,75,0,0,0,1,0
MA Starc,28,6,12,4,3,18,66.66,0,0,0,0,0
Ali Ivan,1,1,11,11,11,39,28.2,0,0,0,0,0
Apon Mustafizur,2,2,11,11,5.5,28,39.28,0,0,1,2,0
Atif Kamal,4,3,11,11,3.66,18,61.11,0,0,2,1,0
A Bulow,2,1,11,11,11,13,84.61,0,0,0,0,1
JD Campbell,2,2,11,11,5.5,16,68.75,0,0,1,2,0
A Djorovic,2,2,11,9,5.5,26,42.3,0,0,0,1,0
S Goustis,3,1,11,11,11,19,57.89,0,0,0,0,0
OC McCoy,2,2,11,10,11,10,110,0,0,0,1,1
Mahedi Hasan,1,1,11,11,11,11,100,0,0,0,1,0
WJ Malinda,3,2,11,10*,11,9,122.22,0,0,0,0,1
D Marks,2,2,11,6*,-,12,91.66,0,0,0,0,0
BJ McCarthy,6,3,11,11*,5.5,7,157.14,0,0,2,0,1
J Reb,2,2,11,9,5.5,14,78.57,0,0,0,1,0
Saqlain Arshad,2,1,11,11,11,10,110,0,0,0,0,1
Suresh Kumar,2,2,11,10*,11,15,73.33,0,0,0,0,0
P Taylor,7,2,11,7*,11,9,122.22,0,0,0,1,0
H Thaker,1,1,11,11,11,9,122.22,0,0,0,0,1
TCW Veillard,4,2,11,8,11,17,64.7,0,0,0,0,0
Zeshan Arif,4,1,11,11*,-,8,137.5,0,0,0,2,0
Aftab Ahmed (2),1,1,10,10,10,13,76.92,0,0,0,1,0
R Avery,4,3,10,9,3.33,24,41.66,0,0,1,0,0
N Pradeep,14,6,10,8*,10,15,66.66,0,0,1,1,0
S Hallett,4,4,10,5,2.5,16,62.5,0,0,1,1,0
MJ Henry,6,2,10,10,10,5,200,0,0,0,2,0
G Kaltongga,3,2,10,10,5,12,83.33,0,0,1,1,0
ZE Matsinhe,7,4,10,6*,3.33,17,58.82,0,0,1,0,1
Mohammad Ghazanfar,5,2,10,6*,10,10,100,0,0,0,1,0
S Nerandzic,2,2,10,5,5,33,30.3,0,0,0,1,0
SL Perera,2,2,10,7,5,23,43.47,0,0,0,0,0
SHA Rance,8,3,10,8,3.33,21,47.61,0,0,0,0,0
A Rangaswamy,4,3,10,7,3.33,13,76.92,0,0,1,0,1
D Ravu,17,4,10,6,3.33,9,111.11,0,0,1,1,0
GA Reynold,3,2,10,6*,10,10,100,0,0,0,0,1
MA Wood,5,2,10,5*,-,12,83.33,0,0,0,1,0
Zahoor Khan,18,5,10,6,3.33,19,52.63,0,0,0,1,0
Zakir Hasan,1,1,10,10,10,9,111.11,0,0,0,1,0
Abdul Rashid,1,1,9,9,9,24,37.5,0,0,0,0,0
Anam Mollik,2,1,9,9,9,10,90,0,0,0,1,0
P Arora,2,2,9,6*,9,4,225,0,0,0,0,1
HH Banner,3,2,9,6,9,10,90,0,0,0,0,1
BM Duckett,1,1,9,9,9,7,128.57,0,0,0,1,0
H Hiri,5,4,9,4,2.25,15,60,0,0,0,0,0
Iqbal Hussain,15,5,9,4*,4.5,10,90,0,0,1,1,0
NA Janes,2,2,9,9,4.5,11,81.81,0,0,1,1,0
Kaleemullah,6,2,9,9,4.5,7,128.57,0,0,1,0,1
JS Kundi,6,4,9,6,2.25,22,40.9,0,0,1,1,0
Muhammad Asjed,2,1,9,9,9,9,100,0,0,0,1,0
Muhammad Wafiq,4,3,9,6*,4.5,12,75,0,0,1,1,0
VRCF Poubel,3,3,9,5*,9,15,60,0,0,0,0,0
A Poulose,3,3,9,9,3,14,64.28,0,0,2,2,0
KW Richardson,15,2,9,9,4.5,8,112.5,0,0,1,0,0
Sakib Hasan,2,2,9,8,4.5,7,128.57,0,0,0,1,0
MM Sarwar,5,3,9,8,4.5,9,100,0,0,1,0,1
RAJ Smith,2,1,9,9*,-,7,128.57,0,0,0,1,0
B Stanlake,19,2,9,7,9,12,75,0,0,0,0,1
Syazrul Idrus,2,1,9,9*,-,8,112.5,0,0,0,1,0
Usman Ali,5,2,9,7,9,14,64.28,0,0,0,1,0
T Wangchuk jnr,2,2,9,9,4.5,17,52.94,0,0,1,2,0
S Waqas Ahmed,5,3,9,8*,4.5,20,45,0,0,1,0,0
Abbas Saad,2,2,8,8,4,8,100,0,0,1,1,0
S Appu,4,4,8,6,2.66,14,57.14,0,0,0,0,0
B Banerjee,6,4,8,6*,4,18,44.44,0,0,2,0,0
JJ Bumrah,42,6,8,7,4,13,61.53,0,0,1,1,0
Charanjeet Singh,3,2,8,8*,-,9,88.88,0,0,0,1,0
H Dandapani,5,3,8,5,8,15,53.33,0,0,0,0,0
JD Freyone,4,4,8,4,2,29,27.58,0,0,2,0,0
Hamza Dar,1,1,8,8,8,6,133.33,0,0,0,1,0
E Isaneez,3,2,8,7*,-,13,61.53,0,0,0,0,0
N Khanna,2,2,8,6,4,12,66.66,0,0,0,1,0
Khushdil Shah,1,1,8,8,8,11,72.72,0,0,0,0,0
Kuldeep Singh,4,3,8,6,2.66,16,50,0,0,0,0,0
NCK Liyanage,6,3,8,8,4,8,100,0,0,1,1,0
M Mooketsi,7,5,8,3,1.6,24,33.33,0,0,1,0,0
Mujeeb Ur Rahman,16,3,8,8*,-,8,100,0,0,0,1,0
WA Peatfield,8,2,8,7*,8,12,66.66,0,0,0,1,0
CAK Rajitha,10,4,8,5,4,23,34.78,0,0,1,0,0
Simranjit Singh,1,1,8,8,8,9,88.88,0,0,0,0,0
O Thomas,10,4,8,8*,4,11,72.72,0,0,2,2,0
R Vishwanath,2,2,8,5,4,10,80,0,0,0,1,0
Yasar Idrees,1,1,8,8,8,4,200,0,0,0,0,1
Al-Amin Hossain,28,6,7,5*,3.5,12,58.33,0,0,1,1,0
Aslam Mohammad,3,1,7,7,7,8,87.5,0,0,0,1,0
PRP Boissevain,4,2,7,7*,7,7,100,0,0,1,1,0
PKD Chase,12,5,7,4,7,13,53.84,0,0,0,1,0
DK Dahyabhai Ahir,2,1,7,7,7,10,70,0,0,0,1,0
P Danci,2,2,7,5,7,11,63.63,0,0,0,1,0
DC Delany,8,2,7,7,3.5,6,116.66,0,0,1,0,0
Kushal Malla,3,2,7,5,3.5,15,46.66,0,0,0,1,0
RAS Lakmal,11,6,7,5*,2.33,11,63.63,0,0,2,1,0
S Mahmood,3,2,7,4,7,7,100,0,0,0,1,0
A Nao,2,2,7,7*,-,4,175,0,0,0,1,0
Naveen-ul-Haq,4,2,7,5,7,7,100,0,0,0,1,0
J Nyumbu,2,2,7,6*,-,11,63.63,0,0,0,1,0
Qadeer Ahmed,10,4,7,5*,7,12,58.33,0,0,1,1,0
LH Rodrigues,4,3,7,4*,7,12,58.33,0,0,1,1,0
Suhail Sadiq,2,1,7,7*,-,5,140,0,0,0,0,1
Sumair Khan,1,1,7,7,7,6,116.66,0,0,0,1,0
Tanveer Ahmed,5,2,7,7*,7,11,63.63,0,0,1,1,0
Adnan Mufti,1,1,6,6*,-,7,85.71,0,0,0,0,0
U Aryaman Sunil,2,1,6,6,6,4,150,0,0,0,0,1
TS Braat,3,2,6,5,3,7,85.71,0,0,0,1,0
DE Burgess,4,4,6,3,1.5,12,50,0,0,2,0,0
SDJJ Dima,4,2,6,3,3,8,75,0,0,0,0,0
L Evile,4,1,6,6,6,7,85.71,0,0,0,1,0
R Hekure,8,4,6,2*,2,12,50,0,0,0,0,0
Javed Ahmadi,3,2,6,6,3,7,85.71,0,0,1,1,0
Jay Odedra,3,1,6,6*,-,6,100,0,0,0,0,0
D Maisuria,6,3,6,6*,6,11,54.54,0,0,1,0,0
I Master,2,2,6,4,3,8,75,0,0,0,1,0
Z McLaughlin,3,2,6,4*,-,16,37.5,0,0,0,0,0
J Mulder,8,4,6,5*,3,11,54.54,0,0,1,0,0
GBW Munaweera,5,1,6,6*,-,7,85.71,0,0,0,0,0
L Ngidi,7,2,6,4,6,9,66.66,0,0,0,0,0
Omar Hayat,2,2,6,5,3,4,150,0,0,0,0,0
Shoaib Ali,5,2,6,6,3,10,60,0,0,1,0,0
OF Smith,2,1,6,6,6,5,120,0,0,0,1,0
HER Tyler,2,1,6,6,6,9,66.66,0,0,0,0,0
TC Vine,6,1,6,6*,-,7,85.71,0,0,0,1,0
CA Young,26,7,6,2*,3,11,54.54,0,0,0,0,0
SA Abbott,4,1,5,5,5,8,62.5,0,0,0,1,0
Anwar Rahman,9,4,5,3*,1.66,8,62.5,0,0,1,0,0
Arslan Ahmed,3,1,5,5,5,13,38.46,0,0,0,0,0
Atif Mehmood,9,2,5,5*,-,8,62.5,0,0,0,0,0
MA Baig,7,4,5,5,1.25,12,41.66,0,0,3,1,0
A Bhagwat,4,4,5,3,1.25,16,31.25,0,0,1,0,0
A Bohara,17,5,5,3*,1.66,12,41.66,0,0,2,0,0
T Caruana,2,1,5,5,5,13,38.46,0,0,0,0,0
Hasheem Shahzad,2,2,5,5,2.5,9,55.55,0,0,1,1,0
Imran Ali,4,2,5,5*,5,6,83.33,0,0,1,0,0
Junaid Siddique,8,4,5,3,1.66,17,29.41,0,0,1,0,0
I Katzarski,3,2,5,3,2.5,12,41.66,0,0,0,0,0
D Kegasitswe,4,2,5,4*,-,11,45.45,0,0,0,0,0
TCR Kimber,3,3,5,2,1.66,13,38.46,0,0,0,0,0
A Krishna,4,2,5,4,5,3,166.66,0,0,0,1,0
AM McCarthy,1,1,5,5,5,8,62.5,0,0,0,0,0
Mohammad Hasnain,4,3,5,4*,5,12,41.66,0,0,0,1,0
A Morris,6,4,5,3*,2.5,17,29.41,0,0,1,0,0
GRD Munasinghe,8,4,5,4*,1.66,13,38.46,0,0,2,1,0
A Nanda,3,1,5,5,5,5,100,0,0,0,1,0
GM Ntambalika,3,1,5,5,5,11,45.45,0,0,0,0,0
Parvez Rasool,1,1,5,5,5,6,83.33,0,0,0,0,0
NK Patel,4,2,5,5*,5,10,50,0,0,1,0,0
D Paterson,8,2,5,4*,5,2,250,0,0,0,1,0
JE Pitcher,3,1,5,5*,-,4,125,0,0,0,0,0
K Rabada,21,4,5,5*,2.5,12,41.66,0,0,2,0,0
BM Scholtz,14,4,5,3*,5,10,50,0,0,1,0,0
M Spry,4,2,5,3*,5,11,45.45,0,0,0,0,0
BM Tickner,3,1,5,5*,-,6,83.33,0,0,0,0,0
C Vorster,1,1,5,5,5,8,62.5,0,0,0,0,0
TD Astle,3,2,4,3,2,10,40,0,0,0,0,0
Baljit Singh,8,3,4,3,1.33,16,25,0,0,1,0,0
P Bharat Patel,2,1,4,4*,-,7,57.14,0,0,0,0,0
SR Bhudia,4,3,4,3,2,16,25,0,0,1,0,0
PR Brown,4,1,4,4*,-,9,44.44,0,0,0,0,0
YS Chahal,36,3,4,3*,4,9,44.44,0,0,0,0,0
AB Dursak,4,4,4,3,1,24,16.66,0,0,2,0,0
C Emmott,2,2,4,4,2,11,36.36,0,0,1,0,0
K Gore,4,1,4,4*,-,3,133.33,0,0,0,0,0
Ibrahim Rizan,5,3,4,3,2,14,28.57,0,0,0,0,0
Imran Haider,11,2,4,4*,-,8,50,0,0,0,0,0
H Ivanov,3,1,4,4,4,6,66.66,0,0,0,0,0
MF Koc,2,2,4,4*,4,15,26.66,0,0,1,0,0
CBRLS Kumara,3,1,4,4,4,2,200,0,0,0,1,0
NM Lyon,2,1,4,4*,-,4,100,0,0,0,0,0
Mohammad Irfan,22,4,4,2*,-,8,50,0,0,0,0,0
Muhammad Khurram,5,3,4,3,1.33,20,20,0,0,1,0,0
Muhammad Rafique,2,1,4,4,4,5,80,0,0,0,0,0
Pavandeep Singh,10,4,4,2*,4,7,57.14,0,0,0,0,0
Qasim Zia,3,1,4,4*,-,1,400,0,0,0,1,0
CB Sole,4,1,4,4*,-,2,200,0,0,0,1,0
CR Suryawanshi,3,2,4,4,2,6,66.66,0,0,1,0,0
K Suttisan,2,2,4,4,2,5,80,0,0,1,1,0
T Tshose,2,2,4,4*,-,6,66.66,0,0,0,0,0
T Ulutuna,3,3,4,4,1.33,9,44.44,0,0,2,1,0
S Vashisht,3,1,4,4,4,6,66.66,0,0,0,1,0
Abu Jayed,3,2,3,2,1.5,7,42.85,0,0,0,0,0
GJ Agius,2,2,3,3,1.5,15,20,0,0,1,0,0
Amir Hayat,4,2,3,3,1.5,6,50,0,0,1,0,0
Amjad Mahboob,11,5,3,1*,0.75,14,21.42,0,0,2,0,0
A Aspiotis,3,1,3,3*,-,4,75,0,0,0,0,0
P Bhart,5,3,3,2*,3,17,17.64,0,0,1,0,0
S Byrne,2,2,3,3,1.5,9,33.33,0,0,1,0,0
D de la Puente,2,2,3,2*,3,7,42.85,0,0,0,0,0
ST de Silva,3,2,3,3,1.5,7,42.85,0,0,1,0,0
Fahad Ali,3,3,3,2,1,14,21.42,0,0,1,0,0
Fida Hussain,2,1,3,3*,-,4,75,0,0,0,0,0
WT Gavera,6,2,3,2,1.5,6,50,0,0,0,0,0
JOA Gordon,7,2,3,2*,-,6,50,0,0,0,0,0
Ibrahim Nashath,3,2,3,3*,3,5,60,0,0,1,0,0
Javed Maroofkhail,2,1,3,3,3,8,37.5,0,0,0,0,0
Mahmad Data,2,1,3,3,3,5,60,0,0,0,0,0
R Olipa,2,1,3,3,3,4,75,0,0,0,0,0
M Patel,2,1,3,3*,-,6,50,0,0,0,0,0
LN Rajbanshi,12,2,3,3,3,7,42.85,0,0,0,0,0
LA Simango,3,2,3,2,3,4,75,0,0,0,0,0
MJ Swepson,1,1,3,3*,-,4,75,0,0,0,0,0
Tauqeer Hussain,4,1,3,3*,-,3,100,0,0,0,0,0
R Ulutuna,4,4,3,1,0.75,16,18.75,0,0,1,0,0
SMK Waththage,5,1,3,3,3,5,60,0,0,0,0,0
Abdullah Mahmood,1,1,2,2,2,2,100,0,0,0,0,0
AG Achar,3,2,2,2*,-,2,100,0,0,0,0,0
N Advani,1,1,2,2,2,4,50,0,0,0,0,0
Aftab Alam,12,5,2,1*,1,9,22.22,0,0,1,0,0
Areeb Quadir,2,1,2,2,2,12,16.66,0,0,0,0,0
Arshad Hayat,6,2,2,2,1,7,28.57,0,0,1,0,0
Bashir Shah,4,2,2,1*,-,2,100,0,0,0,0,0
P Buccimazza,4,2,2,1,1,13,15.38,0,0,0,0,0
A Carthew,4,1,2,2*,-,2,100,0,0,0,0,0
S Chophel,1,1,2,2*,-,5,40,0,0,0,0,0
H Dajc,2,2,2,2*,2,3,66.66,0,0,1,0,0
MVT Fernando,1,1,2,2,2,2,100,0,0,0,0,0
C Fry,3,1,2,2,2,6,33.33,0,0,0,0,0
BD Glover,19,4,2,1*,2,8,25,0,0,1,0,0
Jandu Hamoud,6,1,2,2,2,4,50,0,0,0,0,0
A Husain,5,1,2,2*,-,1,200,0,0,0,0,0
Ilyas Ahmed,6,3,2,1*,2,3,66.66,0,0,0,0,0
S Kansoy,4,4,2,2,0.5,7,28.57,0,0,3,0,0
I Lisboa,1,1,2,2,2,3,66.66,0,0,0,0,0
J Long,2,1,2,2*,-,6,33.33,0,0,0,0,0
T Lungameni,6,1,2,2*,-,2,100,0,0,0,0,0
Muslim Yar,7,1,2,2,2,6,33.33,0,0,0,0,0
S Nadigotla,2,1,2,2,2,6,33.33,0,0,0,0,0
W Nalisa,9,3,2,1*,2,4,50,0,0,1,0,0
Nazwan Ismail,3,1,2,2*,-,2,100,0,0,0,0,0
A Ndlovu,3,1,2,2,2,4,50,0,0,0,0,0
K Nima,1,1,2,2*,-,3,66.66,0,0,0,0,0
Noman Kamawi,1,1,2,2,2,7,28.57,0,0,0,0,0
S Saeed,5,1,2,2,2,4,50,0,0,0,0,0
Saqlain Ali,2,1,2,2,2,6,33.33,0,0,0,0,0
Shoaib Gazi Hossain,4,1,2,2,2,5,40,0,0,0,0,0
Suhrid Roy,1,1,2,2*,-,3,66.66,0,0,0,0,0
A Tripathi,3,2,2,1*,-,4,50,0,0,0,0,0
Usman Shinwari,16,3,2,2*,-,3,66.66,0,0,0,0,0
S Vijayakumar,9,2,2,1,1,5,40,0,0,0,0,0
Waqar Khan,4,2,2,2*,2,3,66.66,0,0,1,0,0
Waqas Raja,1,1,2,2*,-,2,100,0,0,0,0,0
BTJ Wheal,5,2,2,2*,-,2,100,0,0,0,0,0
UT Yadav,7,1,2,2,2,4,50,0,0,0,0,0
Z Abbasi,1,1,1,1,1,5,20,0,0,0,0,0
KK Ahmed,14,1,1,1*,-,1,100,0,0,0,0,0
J Allen,2,2,1,1*,1,4,25,0,0,1,0,0
HS Alta,4,4,1,1*,0.33,10,10,0,0,3,0,0
B Angeltti,3,1,1,1,1,4,25,0,0,0,0,0
V Ateak,4,1,1,1*,-,2,50,0,0,0,0,0
Awais Malik,11,4,1,1,0.25,4,25,0,0,3,0,0
Babar Ali,3,1,1,1*,-,1,100,0,0,0,0,0
S Bhari,6,3,1,1*,1,5,20,0,0,1,0,0
N Buckle,3,1,1,1*,-,1,100,0,0,0,0,0
DL Chahar,10,2,1,1*,-,1,100,0,0,0,0,0
B Dugic,2,1,1,1,1,4,25,0,0,0,0,0
GDR Eranga,9,1,1,1,1,1,100,0,0,0,0,0
AC Evans,27,6,1,1*,0.2,10,10,0,0,5,0,0
LH Ferguson,8,1,1,1,1,3,33.33,0,0,0,0,0
P Florin,4,2,1,1*,1,1,100,0,0,1,0,0
MD Garratt,4,2,1,1,1,5,20,0,0,0,0,0
A Gavde,1,1,1,1,1,6,16.66,0,0,0,0,0
O Goker,1,1,1,1*,-,1,100,0,0,0,0,0
GM Hyde,3,1,1,1,1,6,16.66,0,0,0,0,0
B Khumalo,3,1,1,1,1,3,33.33,0,0,0,0,0
VJ Kingma,4,2,1,1,1,5,20,0,0,0,0,0
A Lagos,1,1,1,1*,-,4,25,0,0,0,0,0
R Mahajan,3,1,1,1*,-,1,100,0,0,0,0,0
MR Montfort,1,1,1,1*,-,1,100,0,0,0,0,0
B Muzarabani,6,3,1,1*,1,5,20,0,0,1,0,0
A Nathwani,5,1,1,1*,-,1,100,0,0,0,0,0
R Neale,3,2,1,1,0.5,6,16.66,0,0,1,0,0
KB Ratilal,3,1,1,1*,-,2,50,0,0,0,0,0
EB Ringera,1,1,1,1,1,3,33.33,0,0,0,0,0
WJR Robertson,6,2,1,1*,-,2,50,0,0,0,0,0
BA Sambo,2,1,1,1*,-,1,100,0,0,0,0,0
O Sam Arthur,3,2,1,1,1,1,100,0,0,0,0,0
M Sarenac,2,1,1,1,1,2,50,0,0,0,0,0
Sayed Shirzad,4,1,1,1,1,2,50,0,0,0,0,0
ZK Shem,5,2,1,1*,-,4,25,0,0,0,0,0
KM Silva,3,2,1,1,0.5,6,16.66,0,0,1,0,0
Sohail Khan,5,1,1,1*,-,1,100,0,0,0,0,0
AL Stephen,2,1,1,1,1,2,50,0,0,0,0,0
T Turan,4,4,1,1,0.25,17,5.88,0,0,3,0,0
R van der Merwe,5,2,1,1*,-,1,100,0,0,0,0,0
Wasim Ali,1,1,1,1,1,4,25,0,0,0,0,0
JD Wildermuth,2,1,1,1*,-,1,100,0,0,0,0,0
Zaki Ul Hassan,3,1,1,1,1,2,50,0,0,0,0,0
Zeeshan Abbas,1,1,1,1,1,4,25,0,0,0,0,0
Abdul Shakoor,2,1,0,0,0,3,0,0,0,1,0,0
AS Abioye,5,1,0,0*,-,0,-,0,0,0,0,0
C Akyuz,2,2,0,0,0,3,0,0,0,2,0,0
Ali Naqi,4,1,0,0*,-,0,-,0,0,0,0,0
MA Aponso,3,1,0,0,0,2,0,0,0,1,0,0
S Arachchige,4,1,0,0,0,2,0,0,0,1,0,0
Ashiqullah Said,3,1,0,0,0,1,0,0,0,1,0,0
SK Atai,2,1,0,0,0,1,0,0,0,1,0,0
M Bhanuka,2,1,0,0,0,1,0,0,0,1,0,0
I Civric,1,1,0,0,0,1,0,0,0,1,0,0
S Dalton,3,1,0,0,0,1,0,0,0,1,0,0
N Dipakkumar Patel,3,1,0,0,0,0,-,0,0,1,0,0
JN Dorji,1,1,0,0,0,0,-,0,0,1,0,0
Ehsan Nawaz,5,1,0,0,0,2,0,0,0,1,0,0
M Faheem,4,1,0,0,0,2,0,0,0,1,0,0
Fakhrul Mohon,4,1,0,0,0,0,-,0,0,1,0,0
Fiaz Ahmad,3,1,0,0*,-,0,-,0,0,0,0,0
GC Galanis,2,1,0,0,0,1,0,0,0,1,0,0
Gershon Yusuf,1,1,0,0,0,1,0,0,0,1,0,0
L Gharasim,2,1,0,0,0,1,0,0,0,1,0,0
M Goonetilleke,1,1,0,0,0,1,0,0,0,1,0,0
P Kerai,6,1,0,0,0,1,0,0,0,1,0,0
CA Liyanage,2,2,0,0*,0,1,0,0,0,1,0,0
K Loday,1,1,0,0*,-,1,0,0,0,0,0,0
OM Marshall,3,1,0,0,0,3,0,0,0,1,0,0
M Meade,1,1,0,0,0,2,0,0,0,1,0,0
Michael Nazir,1,1,0,0,0,2,0,0,0,1,0,0
TS Mills,5,1,0,0,0,2,0,0,0,1,0,0
A Mishra,10,1,0,0,0,0,-,0,0,1,0,0
Mohameed Taiwo,2,1,0,0*,-,0,-,0,0,0,0,0
Mohammed Nadeem,15,2,0,0*,-,1,0,0,0,0,0,0
Musa Shaheen,1,1,0,0,0,3,0,0,0,1,0,0
Naveed Ahmed,7,1,0,0,0,1,0,0,0,1,0,0
Nawaf Ahmed,1,1,0,0*,-,0,-,0,0,0,0,0
Noor Momand,2,1,0,0*,-,0,-,0,0,0,0,0
L Nussbaumer,1,1,0,0,0,1,0,0,0,1,0,0
A Orfila,1,1,0,0,0,2,0,0,0,1,0,0
T Phaswana,1,1,0,0,0,3,0,0,0,1,0,0
Rahman Ademi,2,1,0,0*,-,4,0,0,0,0,0,0
R Rivas,3,1,0,0,0,1,0,0,0,1,0,0
Rumman Raees,8,1,0,0*,-,0,-,0,0,0,0,0
NA Saini,5,1,0,0*,-,1,0,0,0,0,0,0
Sajid Liaqat,2,1,0,0*,-,0,-,0,0,0,0,0
I Sawmy,2,2,0,0*,0,2,0,0,0,1,0,0
Shaheen Shah Afridi,10,1,0,0*,-,2,0,0,0,0,0,0
T Shamsi,16,3,0,0*,0,5,0,0,0,1,0,0
B Shikongo,11,1,0,0,0,1,0,0,0,1,0,0
BA Simango,2,1,0,0,0,2,0,0,0,1,0,0
M Simmons,2,1,0,0,0,2,0,0,0,1,0,0
M Simpson-Parker,3,1,0,0,0,2,0,0,0,1,0,0
S Singh,1,1,0,0,0,9,0,0,0,1,0,0
L Sipamla,5,1,0,0,0,1,0,0,0,1,0,0
S Soosiyakumar,1,1,0,0,0,2,0,0,0,1,0,0
ES Soto,1,1,0,0,0,2,0,0,0,1,0,0
L Sreekumar,1,1,0,0,0,1,0,0,0,1,0,0
H Ssenyondo,4,1,0,0*,-,0,-,0,0,0,0,0
Taijul Islam,2,1,0,0*,-,1,0,0,0,0,0,0
Ziaur Rehman,1,1,0,0,0,4,0,0,0,1,0,0
Zulqarnain Haider,5,1,0,0,0,0,-,0,0,1,0,0
RA Abolarin,1,-,-,-,-,-,-,-,-,-,-,-
F Achelam,1,-,-,-,-,-,-,-,-,-,-,-
A Anemogiannis,1,-,-,-,-,-,-,-,-,-,-,-
JC Archer,1,-,-,-,-,-,-,-,-,-,-,-
JT Ball,2,-,-,-,-,-,-,-,-,-,-,-
S Bantzas,1,-,-,-,-,-,-,-,-,-,-,-
D Bau,1,-,-,-,-,-,-,-,-,-,-,-
JP Behrendorff,7,-,-,-,-,-,-,-,-,-,-,-
CC Blake,3,-,-,-,-,-,-,-,-,-,-,-
RD Chahar,1,-,-,-,-,-,-,-,-,-,-,-
N Chejay,1,-,-,-,-,-,-,-,-,-,-,-
C Chete,2,-,-,-,-,-,-,-,-,-,-,-
MS Crane,2,-,-,-,-,-,-,-,-,-,-,-
V Dikov,3,-,-,-,-,-,-,-,-,-,-,-
K Dorji,2,-,-,-,-,-,-,-,-,-,-,-
BT Foakes,1,-,-,-,-,-,-,-,-,-,-,-
BC Fortuin,2,-,-,-,-,-,-,-,-,-,-,-
O Fournier,2,-,-,-,-,-,-,-,-,-,-,-
R Frylinck,3,-,-,-,-,-,-,-,-,-,-,-
Garret Banner,1,-,-,-,-,-,-,-,-,-,-,-
S Goud,1,-,-,-,-,-,-,-,-,-,-,-
Hamza Tahir,11,-,-,-,-,-,-,-,-,-,-,-
RJ Hatchman,1,-,-,-,-,-,-,-,-,-,-,-
J Hurley,3,-,-,-,-,-,-,-,-,-,-,-
Ibrahim Khan,1,-,-,-,-,-,-,-,-,-,-,-
Imran Ashraf,3,-,-,-,-,-,-,-,-,-,-,-
D Jakiel,2,-,-,-,-,-,-,-,-,-,-,-
GJ Joseph,1,-,-,-,-,-,-,-,-,-,-,-
S Kaul,3,-,-,-,-,-,-,-,-,-,-,-
UKPW Kumaranayaka,3,-,-,-,-,-,-,-,-,-,-,-
DSK Madushanka,2,-,-,-,-,-,-,-,-,-,-,-
M Markande,1,-,-,-,-,-,-,-,-,-,-,-
B Masaba,1,-,-,-,-,-,-,-,-,-,-,-
WT Mashinge,2,-,-,-,-,-,-,-,-,-,-,-
Mihusan Hamid,1,-,-,-,-,-,-,-,-,-,-,-
Mohammed Shami,8,-,-,-,-,-,-,-,-,-,-,-
Mohammed Siraj,3,-,-,-,-,-,-,-,-,-,-,-
Muhammad Amir,1,-,-,-,-,-,-,-,-,-,-,-
Muhammad Musa,1,-,-,-,-,-,-,-,-,-,-,-
Mukhtiar Singh,2,-,-,-,-,-,-,-,-,-,-,-
Musawar Shah,2,-,-,-,-,-,-,-,-,-,-,-
M Mwamadi,3,-,-,-,-,-,-,-,-,-,-,-
M Nandela,2,-,-,-,-,-,-,-,-,-,-,-
NH Naureen,1,-,-,-,-,-,-,-,-,-,-,-
Nawazish Jezuli,1,-,-,-,-,-,-,-,-,-,-,-
A Neill,5,-,-,-,-,-,-,-,-,-,-,-
R Ngarava,1,-,-,-,-,-,-,-,-,-,-,-
G Nikitas,2,-,-,-,-,-,-,-,-,-,-,-
F Nkhoma,4,-,-,-,-,-,-,-,-,-,-,-
A Nortje,1,-,-,-,-,-,-,-,-,-,-,-
E Ochieng,2,-,-,-,-,-,-,-,-,-,-,-
RJG Palmer,2,-,-,-,-,-,-,-,-,-,-,-
MW Parkinson,2,-,-,-,-,-,-,-,-,-,-,-
AY Patel,2,-,-,-,-,-,-,-,-,-,-,-
J Perman,2,-,-,-,-,-,-,-,-,-,-,-
V Permaul,1,-,-,-,-,-,-,-,-,-,-,-
R Pisal,1,-,-,-,-,-,-,-,-,-,-,-
S Qeshile,2,-,-,-,-,-,-,-,-,-,-,-
Raja Adeel,3,-,-,-,-,-,-,-,-,-,-,-
Rashid Khan,1,-,-,-,-,-,-,-,-,-,-,-
KA Reynolds,3,-,-,-,-,-,-,-,-,-,-,-
AK Sah,1,-,-,-,-,-,-,-,-,-,-,-
K Senamontree,2,-,-,-,-,-,-,-,-,-,-,-
Shaffeq Muhammad,2,-,-,-,-,-,-,-,-,-,-,-
NK Shetty,2,-,-,-,-,-,-,-,-,-,-,-
S Singh,4,-,-,-,-,-,-,-,-,-,-,-
Soheel Hussain,1,-,-,-,-,-,-,-,-,-,-,-
H Srinivasan,1,-,-,-,-,-,-,-,-,-,-,-
TJ Stephenson,1,-,-,-,-,-,-,-,-,-,-,-
P Syafiq Ali,2,-,-,-,-,-,-,-,-,-,-,-
SN Thakur,7,-,-,-,-,-,-,-,-,-,-,-
J Thinley,2,-,-,-,-,-,-,-,-,-,-,-
JD Unadkat,10,-,-,-,-,-,-,-,-,-,-,-
Vichanath Singh,4,-,-,-,-,-,-,-,-,-,-,-
Vimal Kumar,2,-,-,-,-,-,-,-,-,-,-,-
Vishal Ahir,1,-,-,-,-,-,-,-,-,-,-,-
Waqas Maqsood,1,-,-,-,-,-,-,-,-,-,-,-
SG Whittingham,3,-,-,-,-,-,-,-,-,-,-,-
S Zargar,1,-,-,-,-,-,-,-,-,-,-,-
Ziaur Rahman,1,-,-,-,-,-,-,-,-,-,-,-
