Player,Mat,Inns,Overs,Mdns,Runs,Wkts,Ave,Econ,SR,4,5
S Malinga,79,79,284.5,1,2061,106,19.44,7.23,16.1,1,2
S Afridi,99,97,361.2,4,2396,98,24.44,6.63,22.1,3,0
S Hasan,76,75,277.5,2,1894,92,20.58,6.81,18.1,3,1
R Khan,45,45,171,1,1052,84,12.52,6.15,12.2,3,2
G Dockrell,73,69,221.2,1,1539,75,20.52,6.95,17.7,1,0
T Southee,66,64,233.3,2,1954,75,26.05,8.36,18.6,0,1
M Nabi,75,75,256.4,5,1839,69,26.65,7.16,22.3,3,0
K Kulasekara,58,58,205.1,6,1530,66,23.18,7.45,18.6,2,0
I Tahir,38,38,140.5,0,948,63,15.04,6.73,13.4,2,2
D Steyn,44,44,157.1,3,1068,61,17.5,6.79,15.4,2,0
M Amir,48,48,175.4,5,1224,59,20.74,6.96,17.8,1,0
K O'Brien,90,51,150.3,0,1134,58,19.55,7.53,15.5,1,0
S Badree,52,52,191,4,1180,56,21.07,6.17,20.4,1,0
C Jordan,43,43,151.3,0,1300,54,24.07,8.58,16.8,2,0
M Hafeez,89,67,186.1,2,1226,54,22.7,6.58,20.6,1,0
S Tanvir,57,57,202.2,3,1454,54,26.92,7.18,22.4,0,0
R Merwe,43,42,149.1,1,938,54,17.37,6.28,16.5,1,0
W Rankin,48,47,170,2,1138,53,21.47,6.69,19.2,0,0
P Seelaar,69,58,172.3,3,1190,53,22.45,6.89,19.5,1,0
R Ashwin,46,46,171,2,1193,52,22.94,6.97,19.7,2,0
Y Chahal,36,36,140.3,1,1139,52,21.9,8.1,16.2,2,1
M Rahman,37,37,135.1,3,1065,52,20.48,7.87,15.5,1,1
S Narine,51,49,183.4,1,1105,52,21.25,6.01,21.1,1,0
J Bumrah,42,42,153.1,5,1029,51,20.17,6.71,18,0,0
N Perera,79,64,175.4,1,1628,51,31.92,9.26,20.6,0,0
M Santner,39,38,128.5,1,928,49,18.93,7.2,15.7,1,0
S Sharif,42,41,143.5,0,1185,49,24.18,8.23,17.6,1,0
M Morkel,44,44,158.4,3,1191,47,25.34,7.5,20.2,2,0
I Sodhi,40,39,138.3,0,1131,47,24.06,8.16,17.6,0,0
P Meekeren,41,39,136.1,2,945,47,20.1,6.94,17.3,2,0
S Khan,38,36,135.3,1,948,46,20.6,6.99,17.6,1,0
B Khan,32,31,111,2,778,45,17.28,7,14.8,3,0
M Watt,35,33,125,2,903,45,20.06,7.22,16.6,0,1
A Malik,31,29,95.5,1,730,44,16.59,7.61,13,1,1
D Sammy,68,59,152.4,0,1116,44,25.36,7.31,20.8,1,1
I Wasim,41,40,147,3,877,42,20.88,5.96,21,1,1
M Mortaza,54,53,189.5,1,1527,42,36.35,8.04,27.1,1,0
B Kumar,43,43,154.2,2,1088,41,26.53,7.04,22.5,0,1
W Parnell,40,39,124.5,3,1038,41,25.31,8.31,18.2,1,0
K Williams,24,24,86.5,2,724,41,17.65,8.33,12.7,1,0
A Hossain,28,26,91.2,0,673,40,16.82,7.36,13.7,0,0
D Zadran,34,34,123.3,2,980,40,24.5,7.93,18.5,1,0
T Gugten,39,38,118.5,0,847,40,21.17,7.12,17.8,0,0
T Boult,27,27,98.5,1,854,39,21.89,8.64,15.2,1,0
A Rashid,40,38,133,1,1000,39,25.64,7.51,20.4,0,0
R Mustafa,38,36,113.5,2,774,39,19.84,6.79,17.5,1,0
M Starc,28,28,106.3,1,718,39,18.41,6.74,16.3,0,0
H Pandya,40,39,116.5,1,976,38,25.68,8.35,18.4,1,0
K Yadav,19,19,71.3,1,499,37,13.48,6.97,11.5,1,1
A Mathews,72,57,161.3,4,1101,37,29.75,6.81,26.1,0,0
M Naveed,31,31,114.4,5,729,37,19.7,6.35,18.5,0,0
A Tye,26,25,91.5,1,815,37,22.02,8.87,14.8,1,0
A Evans,27,25,93,4,689,36,19.13,7.4,15.5,0,1
J Faulkner,24,24,85.5,0,684,36,19,7.96,14.3,0,1
A Cremer,29,28,95,1,660,35,18.85,6.94,16.2,0,0
H Ali,30,30,103.3,3,877,35,25.05,8.47,17.7,0,0
R Jadeja,46,46,152.1,4,1093,35,31.22,7.18,26,0,0
S Ngoche,28,28,94,0,637,35,18.2,6.77,16.1,2,0
S Zadran,34,34,107.5,3,843,35,24.08,7.81,18.4,0,0
N Vanua,25,25,81.4,3,505,35,14.42,6.18,14,1,1
A Khan,30,30,99.2,2,692,34,20.35,6.96,17.5,0,0
N Coulter-Nile,28,27,97,1,802,34,23.58,8.26,17.1,1,0
C Morris,23,23,83,3,697,34,20.5,8.39,14.6,1,0
A Nehra,27,27,98,2,758,34,22.29,7.73,17.2,0,0
D Willey,28,28,92.5,0,761,34,22.38,8.19,16.3,1,0
A Javed,22,22,74.2,1,560,33,16.96,7.53,13.5,0,0
K KC,25,25,82.3,0,631,33,19.12,7.64,15,2,0
J Taylor,30,30,100,2,863,33,26.15,8.63,18.1,0,0
P Cummins,25,25,95,3,644,32,20.12,6.77,17.8,0,0
S Williams,38,37,123,0,890,32,27.81,7.23,23,0,0
C Brathwaite,41,39,118.1,1,1013,31,32.67,8.57,22.8,0,0
M Mahmudullah,83,54,117.5,2,861,31,27.77,7.3,22.8,0,0
C Mpofu,30,30,107.5,0,950,31,30.64,8.8,20.8,1,0
S Cottrell,22,22,76,2,615,30,20.5,8.09,15.2,1,0
M McClenaghan,29,29,101.2,2,789,30,26.3,7.78,20.2,0,0
W Riaz,31,30,101.3,2,813,30,27.1,8,20.3,0,0
A Hamza,31,31,106,2,716,29,24.68,6.75,21.9,0,0
K Ali,29,27,82,0,534,29,18.41,6.51,16.9,1,0
A Phehlukwayo,23,22,69.5,0,550,29,18.96,7.87,14.4,1,0
B Glover,19,19,65,0,448,28,16,6.89,13.9,2,0
K Jarvis,22,22,74.4,0,665,28,23.75,8.9,16,0,0
S Lamichhane,18,18,64,0,439,28,15.67,6.85,13.7,1,0
K Pollard,68,44,97,0,830,28,29.64,8.55,20.7,0,0
K Rabada,21,21,77.2,0,648,28,23.14,8.37,16.5,0,0
R Hossain,27,26,94.3,0,879,28,31.39,9.3,20.2,0,0
S Shinwari,62,38,105.4,0,688,28,24.57,6.51,22.6,1,1
S Malik,111,46,90,0,644,28,23,7.15,19.2,0,0
Y Singh,58,31,70.4,0,499,28,17.82,7.06,15.1,0,0
A Zampa,27,26,93,1,572,28,20.42,6.15,19.9,0,0
M Adair,17,17,62.5,2,413,27,15.29,6.57,13.9,1,0
R Berrington,61,37,81.2,0,609,27,22.55,7.48,18,0,0
B Stanlake,19,19,70,2,544,27,20.14,7.77,15.5,1,0
I Hussain,15,15,52.1,0,426,26,16.38,8.16,12,1,0
G Maxwell,61,40,94,0,704,26,27.07,7.48,21.6,0,0
S Kami,28,28,90,1,644,26,24.76,7.15,20.7,0,0
T Chatara,21,21,75,1,591,25,23.64,7.88,18,0,0
A Milne,21,21,72.5,1,541,25,21.64,7.42,17.4,1,0
N Ahmed,24,24,82.3,3,546,25,21.84,6.61,19.8,1,0
L Plunkett,22,22,79.2,1,627,25,25.08,7.9,19,0,0
B Regmi,18,18,62.1,0,405,25,16.2,6.51,14.9,1,0
A Russell,47,40,99.1,0,908,25,36.32,9.15,23.8,0,0
D Blampied,17,17,61.4,1,395,24,16.45,6.4,15.4,1,0
J Davey,21,20,74.4,0,610,24,25.41,8.16,18.6,1,0
F Ashraf,27,26,74.3,1,557,24,23.2,7.47,18.6,0,0
K Janat,21,21,73,0,614,24,25.58,8.41,18.2,0,1
N Nipiko,14,13,39.2,0,311,24,12.95,7.9,9.8,2,1
K Paul,18,18,65,0,540,24,22.5,8.3,16.2,0,1
D Ravu,17,16,42.1,0,221,24,9.2,5.24,10.5,1,1
C Obuya,35,18,52.2,0,334,23,14.52,6.38,13.6,1,0
I Udana,27,26,85.1,1,725,23,31.52,8.51,22.2,0,0
C Young,26,25,77,1,635,23,27.6,8.24,20,1,0
A Kaleem,25,20,54,0,388,22,17.63,7.18,14.7,2,1
A Dananjaya,22,22,79.4,1,620,22,28.18,7.78,21.7,0,0
M Nadeem,22,22,68,0,445,22,20.22,6.54,18.5,1,0
M Samuels,67,30,79.5,0,622,22,28.27,7.79,21.7,0,0
B Scholtz,14,14,53,0,285,22,12.95,5.37,14.4,1,0
J Duminy,81,41,77.1,0,599,21,28.52,7.76,22,0,0
J Frylinck,14,13,42.1,0,240,21,11.42,5.69,12,1,0
A Raza,36,35,120.2,1,779,20,38.95,6.47,36.1,0,0
D Bracewell,18,16,47.4,0,437,20,21.85,9.16,14.3,0,0
F Klaassen,21,20,69.1,0,581,20,29.05,8.4,20.7,0,0
M Rahman,16,16,60,0,324,20,16.2,5.4,18,1,0
C Perchard,15,13,46.5,0,275,20,13.75,5.87,14,1,1
A Phangiso,16,16,57,0,443,20,22.15,7.77,17.1,0,0
A Vala,26,16,44.5,1,249,20,12.45,5.55,13.4,0,0
C Viljoen,12,12,37.1,0,236,20,11.8,6.34,11.1,1,1
Z Khan,18,18,59.3,0,442,20,22.1,7.42,17.8,0,0
C Amini,23,21,63.1,0,367,19,19.31,5.81,19.9,0,0
A Mahboob,11,11,37.4,1,317,19,16.68,8.41,11.8,0,0
D Heyliger,11,11,42,0,306,19,16.1,7.28,13.2,2,0
N Pokana,19,18,56.5,2,328,19,17.26,5.77,17.9,0,0
P Borren,43,30,87.4,0,603,18,33.5,6.87,29.2,0,0
F Ahmad,14,14,47.5,0,405,18,22.5,8.46,15.9,0,0
H Tahir,11,11,43,1,352,18,19.55,8.18,14.3,1,0
B Hendricks,11,11,38.1,0,317,18,17.61,8.3,12.7,1,0
I Dawlatzai,14,14,50.4,0,345,18,19.16,6.8,16.8,0,0
M Leask,31,22,59.3,0,499,18,27.72,8.38,19.8,0,0
N Sarwar,14,13,34.5,1,267,18,14.83,7.66,11.6,1,0
S Thompson,41,30,79,0,670,18,37.22,8.48,26.3,1,0
Z Maqsood,29,19,62,0,416,18,23.11,6.7,20.6,1,0
A Agar,21,21,67,1,464,17,27.29,6.92,23.6,0,0
D Chahar,10,10,35.5,1,251,17,14.76,7,12.6,0,1
C Gayle,58,23,53.1,0,377,17,22.17,7.09,18.7,0,0
E Miles,14,14,40,0,266,17,15.64,6.65,14.1,0,0
K Richardson,15,15,56,0,447,17,26.29,7.98,19.7,0,0
S Zafar,11,11,43,2,285,17,16.76,6.62,15.1,0,0
S Smith,36,17,48.3,1,377,17,22.17,7.77,17.1,0,0
A Bohara,17,16,54,0,350,16,21.87,6.48,20.2,1,0
P Chameera,19,19,67.1,0,574,16,35.87,8.54,25.1,0,0
E Chigumbura,54,21,46,0,427,16,26.68,9.28,17.2,1,0
P Collingwood,36,20,39,0,347,16,21.68,8.89,14.6,1,0
T Curran,15,15,48,1,418,16,26.12,8.7,18,1,0
G Delany,17,17,53,1,391,16,24.43,7.37,19.8,0,0
G Naib,45,28,68,0,560,16,35,8.23,25.5,0,0
A Mishra,10,10,38,1,240,16,15,6.31,14.2,0,0
M Irfan,22,22,75.3,0,562,16,35.12,7.44,28.3,0,0
S Islam,17,17,56.4,1,459,16,28.68,8.1,21.2,0,0
J Smit,12,10,37.1,0,234,16,14.62,6.29,13.9,0,0
P Stirling,72,33,78,1,600,16,37.5,7.69,29.2,0,0
M Ali,25,22,60.2,0,519,15,34.6,8.6,24.1,0,0
P Chase,12,12,41.5,0,416,15,27.73,9.94,16.7,1,0
N Pradeep,14,14,44.1,0,407,15,27.13,9.21,17.6,1,0
J Prakash,12,12,41.4,1,309,15,20.6,7.41,16.6,0,0
M Rippon,18,17,50.4,2,310,15,20.66,6.11,20.2,0,0
S Singh,18,18,43.2,0,344,15,22.93,7.93,17.3,0,0
S Ahmed,17,17,55,3,365,15,24.33,6.63,22,0,0
W Sundar,18,18,63,1,417,15,27.8,6.61,25.2,0,0
A Wardak,9,8,27.5,0,170,14,12.14,6.1,11.9,1,0
C Anderson,31,21,60,0,495,14,35.35,8.25,25.7,0,0
C Chibhabha,33,22,53.5,0,455,14,32.5,8.45,23,0,0
E Khan,15,15,54.4,0,325,14,23.21,5.94,23.4,0,0
G Elliott,17,15,32,0,235,14,16.78,7.34,13.7,1,0
L Ferguson,8,8,31,0,222,14,15.85,7.16,13.2,0,0
A Hawkins-Kay,16,15,36,0,266,14,19,7.38,15.4,1,0
K Sadiq,36,28,70,0,482,14,34.42,6.88,30,0,0
E Otieno,18,18,50.5,1,370,14,26.42,7.27,21.7,0,0
K Pandya,18,18,66.2,1,538,14,38.42,8.11,28.4,1,0
S Sohail,7,7,26,3,164,14,11.71,6.3,11.1,1,0
S Afridi,10,10,38,0,288,14,20.57,7.57,16.2,0,0
C Soper,13,12,33,0,153,14,10.92,4.63,14.1,0,0
J Unadkat,10,10,34.4,0,301,14,21.5,8.68,14.8,0,0
K Ahmed,14,14,52,1,459,13,35.3,8.82,24,0,0
C Dala,9,9,30,1,282,13,21.69,9.4,13.8,0,0
F Sham,15,14,42.3,0,312,13,24,7.34,19.6,0,0
J Holder,17,17,62.1,0,524,13,40.3,8.42,28.6,0,0
A McBrine,19,13,29,0,216,13,16.61,7.44,13.3,0,0
A Mansale,14,10,26,0,176,13,13.53,6.76,12,0,0
M Shahzad,20,19,48.1,0,411,13,31.61,8.53,22.2,0,0
J Neesham,18,16,37.4,0,323,13,24.84,8.57,17.3,0,0
G O'Brien,11,11,38.3,2,232,13,17.84,6.02,17.7,0,0
P Singh,10,10,35.1,0,249,13,19.15,7.08,16.2,0,0
S Raina,78,27,58.1,0,442,13,34,7.59,26.8,0,0
P Sandakan,14,14,55,1,400,13,30.76,7.27,25.3,1,0
S Snater,13,12,34.5,0,337,13,25.92,9.67,16,0,0
T Sajjad,12,12,43.2,1,309,13,23.76,7.13,20,0,0
R Doeschate,22,10,35,0,245,13,18.84,7,16.1,0,0
U Shinwari,16,16,51,0,424,13,32.61,8.31,23.5,0,0
B Singh,8,7,23,0,127,12,10.58,5.52,11.5,1,0
T Chisoro,12,12,46,1,316,12,26.33,6.86,23,0,0
P Silva,8,8,25.4,0,204,12,17,7.94,12.8,0,0
G Eranga,9,9,31.5,1,204,12,17,6.4,15.9,0,0
M Erasmus,16,10,32.1,0,171,12,14.25,5.31,16,0,0
I Hassan,11,11,35.5,1,291,12,24.25,8.12,17.9,0,1
L Tissier,9,9,35,0,207,12,17.25,5.91,17.5,0,0
N Madziva,15,15,46.5,0,417,12,34.75,8.9,23.4,1,0
W Masakadza,12,12,40,1,312,12,26,7.8,20,1,0
B Mendis,22,14,35,0,249,12,20.75,7.11,17.5,0,0
M (3),16,16,50,1,340,12,28.33,6.8,25,0,0
M Saifuddin,13,13,43,0,386,12,32.16,8.97,21.5,1,0
M Kashif,10,9,27,1,212,12,17.66,7.85,13.5,0,0
J Mulder,8,8,29,0,192,12,16,6.62,14.5,1,0
T Shamsi,16,16,57,1,429,12,35.75,7.52,28.5,0,0
B Stevens,17,14,40.2,0,249,12,20.75,6.17,20.1,0,0
T Ahmed,19,17,55.5,1,438,12,36.5,7.84,27.9,0,0
U Adam,11,8,27,0,168,12,14,6.22,13.5,0,0
S Vijayakumar,9,9,28,1,204,12,17,7.28,14,1,0
A Alam,12,12,40.5,0,324,11,29.45,7.93,22.2,0,0
A Rahman,9,8,23.3,1,117,11,10.63,4.97,12.8,1,0
M Baig,7,7,26,0,160,11,14.54,6.15,14.1,1,0
R Burl,16,15,33,1,279,11,25.36,8.45,18,0,0
D Christian,16,16,35.3,0,317,11,28.81,8.92,19.3,0,0
N Dutta,11,11,39,0,253,11,23,6.48,21.2,0,0
D Maisuria,6,5,17.1,0,121,11,11,7.04,9.3,1,0
M Nadeem,15,15,52,0,364,11,33.09,7,28.3,0,0
M Syahadat,10,8,21,0,127,11,11.54,6.04,11.4,0,0
L Ngidi,7,7,20,0,128,11,11.63,6.4,10.9,1,0
S Obed,12,9,28,0,190,11,17.27,6.78,15.2,0,0
N Odhiambo,16,14,41,0,319,11,29,7.78,22.3,0,0
T Patel,7,6,22,0,146,11,13.27,6.63,12,1,0
S Raza,32,22,46,0,376,11,34.18,8.17,25,0,0
D Tiripano,10,10,34.3,0,278,11,25.27,8.05,18.8,0,0
M Wood,5,5,17.3,0,148,11,13.45,8.45,9.5,0,0
P Arrighi,5,5,19,2,84,10,8.4,4.42,11.4,0,1
A Malik,11,11,33,0,279,10,27.9,8.45,19.8,0,0
K Christie,11,11,39,0,292,10,29.2,7.48,23.4,0,0
C Grandhomme,33,18,47.5,0,432,10,43.2,9.03,28.7,0,0
F Butt,14,14,43.3,0,313,10,31.3,7.19,26.1,0,0
J Siddiqui,13,13,45,1,266,10,26.6,5.91,27,0,0
B McCarthy,6,6,24,0,259,10,25.9,10.79,14.4,1,0
M Shami,8,8,27.4,0,275,10,27.5,9.93,16.6,0,0
L Oluoch,10,10,29,1,209,10,20.9,7.2,17.4,0,0
S Prasanna,20,18,50,1,359,10,35.9,7.18,30,0,0
L Rajbanshi,12,12,38.2,0,231,10,23.1,6.02,23,0,0
C Rajitha,10,10,37,0,358,10,35.8,9.67,22.2,0,0
S Rance,8,7,27,0,245,10,24.5,9.07,16.2,0,0
M Shanaka,35,14,24.1,0,182,10,18.2,7.53,14.5,0,0
B Stokes,23,18,55.4,1,496,10,49.6,8.91,33.4,0,0
H Walsh,13,11,32.5,0,257,10,25.7,7.82,19.7,0,0
B Ward,13,13,39.2,2,249,10,24.9,6.33,23.6,0,0
F Allen,11,10,31,1,214,9,23.77,6.9,20.6,0,0
A Mehmood,9,9,27,0,154,9,17.11,5.7,18,0,0
B Zalmai,5,4,14,1,67,9,7.44,4.78,9.3,1,0
O Hald,9,7,21.3,0,113,9,12.55,5.25,14.3,0,0
P Hennessy,8,5,12,1,86,9,9.55,7.16,8,0,0
D Hooper,9,9,31.2,0,211,9,23.44,6.73,20.8,0,0
I Ahmed,6,6,21,0,160,9,17.77,7.61,14,0,0
T Kane,7,5,15.2,0,143,9,15.88,9.32,10.2,0,0
N Laegsgaard,9,7,23,0,105,9,11.66,4.56,15.3,0,0
K Leverock,12,8,26,0,210,9,23.33,8.07,17.3,0,0
P Matautaava,10,8,28,1,199,9,22.11,7.1,18.6,0,0
M Huda,5,5,16.3,0,118,9,13.11,7.15,11,0,0
M Khan,19,11,31,0,222,9,24.66,7.16,20.6,0,0
G Munasinghe,8,7,27,1,191,9,21.22,7.07,18,1,0
S Muniandy,15,12,30,0,260,9,28.88,8.66,20,0,0
B Muzarabani,6,6,24,0,220,9,24.44,9.16,16,0,0
A Neill,5,5,20,0,154,9,17.11,7.7,13.3,0,0
A Patel,11,11,39,0,265,9,29.44,6.79,26,0,0
D Paterson,8,8,29.5,0,265,9,29.44,8.88,19.8,1,0
W Peatfield,8,8,28,0,198,9,22,7.07,18.6,0,0
Q Ahmed,10,10,32,1,253,9,28.11,7.9,21.3,0,0
J Richardson,9,9,34,0,287,9,31.88,8.44,22.6,0,0
R Cheema,24,15,50,1,382,9,42.44,7.64,33.3,0,0
J Sanjaya,8,8,28.5,1,250,9,27.77,8.67,19.2,0,0
L Siaka,26,5,12,0,56,9,6.22,4.66,8,0,0
M Stoinis,19,15,38.2,0,319,9,35.44,8.32,25.5,0,0
O Thomas,10,10,37,1,326,9,36.22,8.81,24.6,0,0
C Williams,13,10,23,1,142,9,15.77,6.17,15.3,0,0
U Yadav,7,7,25,0,219,9,24.33,8.76,16.6,0,0
O Bascome,11,6,15.1,0,117,8,14.62,7.71,11.3,1,0
C Lange,8,7,27,0,171,8,21.37,6.33,20.2,0,0
D Delany,8,8,28.3,0,222,8,27.75,7.78,21.3,0,0
F Afzal,9,8,29,0,143,8,17.87,4.93,21.7,0,0
H Fennell,5,5,12,1,57,8,7.12,4.75,9,1,0
S Getkate,14,14,35,0,323,8,40.37,9.22,26.2,0,0
J Gordon,7,7,25.5,0,184,8,23,7.12,19.3,0,0
K Gore,4,4,16,2,70,8,8.75,4.37,12,0,0
H Gori,7,7,23,0,133,8,16.62,5.78,17.2,0,0
Z Groenewald,10,10,28,2,163,8,20.37,5.82,21,0,0
L Hermida,5,5,18,1,94,8,11.75,5.22,13.5,0,0
I Inam-ul-Haq,11,10,31,2,211,8,26.37,6.8,23.2,0,0
P Khadka,30,23,51,2,323,8,40.37,6.33,38.2,0,0
R Lakmal,11,11,34.4,0,330,8,41.25,9.51,26,0,0
A Lalcheta,17,15,51.3,3,374,8,46.75,7.26,38.6,0,0
M Mahfooz,11,11,37.5,0,262,8,32.75,6.92,28.3,0,0
G Munaweera,5,5,18,0,132,8,16.5,7.33,13.5,0,0
A Muslar,3,3,9,1,41,8,5.12,4.55,6.7,0,0
N Rana,8,8,20.3,0,162,8,20.25,7.9,15.3,0,0
N Islam,13,12,38.3,2,265,8,33.12,6.88,28.8,0,0
A Nurse,13,13,40,0,318,8,39.75,7.95,30,0,0
R Hasan,8,7,23,2,147,8,18.37,6.39,17.2,0,0
R Raees,8,8,28.5,2,220,8,27.5,7.63,21.6,0,0
R Satheesan,4,4,13,2,44,8,5.5,3.38,9.7,0,0
T Siriwardana,22,13,23,0,206,8,25.75,8.95,17.2,0,0
P Taylor,7,6,18,0,144,8,18,8,13.5,1,0
S Thakur,7,7,27.3,0,242,8,30.25,8.8,20.6,1,0
R Trott,15,13,38.3,0,277,8,34.62,7.19,28.8,0,0
R Merwe,5,5,13,2,62,8,7.75,4.76,9.7,0,0
T Vine,6,6,15,0,105,8,13.12,7,11.2,1,0
C Waiswa,4,4,14,0,115,8,14.37,8.21,10.5,1,0
W Khan,4,4,13,0,86,8,10.75,6.61,9.7,0,0
A Rahimzei,7,6,15.3,0,101,7,14.42,6.51,13.2,0,0
B Shah,4,4,14,0,76,7,10.85,5.42,12,0,0
J Behrendorff,7,6,16,0,117,7,16.71,7.31,13.7,1,0
D Bishoo,7,7,20.1,1,137,7,19.57,6.79,17.2,1,0
D Khan,9,7,20,1,129,7,18.42,6.45,17.1,0,0
J Denly,10,5,11,0,85,7,12.14,7.72,9.4,1,0
H Ahmadzai,5,5,14,1,96,7,13.71,6.85,12,1,0
M Henry,6,6,22,1,191,7,27.28,8.68,18.8,0,0
H Patel,4,4,15,0,82,7,11.71,5.46,12.8,1,0
I Haq,5,5,17,0,116,7,16.57,6.82,14.5,0,0
I Ali,4,4,15,0,136,7,19.42,9.06,12.8,0,0
I Haider,11,11,31,0,250,7,35.71,8.06,26.5,0,0
J Singh,4,4,14,1,140,7,20,10,12,0,0
J Siddique,8,8,26.2,1,179,7,25.57,6.79,22.5,0,0
N Kumar,18,10,26,0,160,7,22.85,6.15,22.2,0,0
J Little,11,11,40.4,0,367,7,52.42,9.02,34.8,0,0
N Maiolo,8,7,28,0,152,7,21.71,5.42,24,0,0
Z Matsinhe,7,5,16,0,101,7,14.42,6.31,13.7,0,0
M Yar,7,7,19,1,119,7,17,6.26,16.2,0,0
C Mutombodzi,13,9,26,0,188,7,26.85,7.23,22.2,0,0
A Nanda,3,3,7.2,0,47,7,6.71,6.4,6.2,0,1
N Naveen-ul-Haq,4,4,15,0,102,7,14.57,6.8,12.8,0,0
R Panchal,9,9,28,1,139,7,19.85,4.96,24,0,0
A Rangaswamy,4,4,9.4,1,83,7,11.85,8.58,8.2,1,0
J Reva,9,8,21.1,0,148,7,21.14,6.99,18.1,0,0
M Ross,8,7,19,0,120,7,17.14,6.31,16.2,1,0
S Shirzad,4,4,15,1,116,7,16.57,7.73,12.8,0,0
B Shikongo,11,10,23,0,131,7,18.71,5.69,19.7,0,0
M Spry,4,4,10,0,62,7,8.85,6.2,8.5,1,0
J Sumerauer,8,8,20.1,0,155,7,22.14,7.68,17.2,0,0
B Wheeler,6,6,21.2,0,216,7,30.85,10.12,18.2,0,0
M Abdulla,5,3,12,0,76,6,12.66,6.33,12,0,0
A Akbarjan,5,4,13,0,72,6,12,5.53,13,0,0
I Aboagye,4,4,14,0,83,6,13.83,5.92,14,0,0
A Hider,13,12,36,0,330,6,55,9.16,36,0,0
V Adewoye,7,7,16.2,1,135,6,22.5,8.26,16.3,1,0
C Akachukwu,8,8,18.2,0,151,6,25.16,8.23,18.3,0,0
A Islam,4,4,14,0,98,6,16.33,7,14,0,0
A Hayat,4,4,14,0,103,6,17.16,7.35,14,0,0
J Chilia,14,13,47.2,0,315,6,52.5,6.65,47.3,0,0
M Cooray,4,4,16,0,99,6,16.5,6.18,16,0,0
S Curran,5,5,18,0,153,6,25.5,8.5,18,0,0
F Couana,7,5,18.5,2,118,6,19.66,6.26,18.8,0,0
S Davizi,2,2,4.2,0,23,6,3.83,5.3,4.3,1,0
M Faheem,4,4,14,0,103,6,17.16,7.35,14,0,0
S Hirugade,6,5,13.3,0,92,6,15.33,6.81,13.5,1,0
I Bhima,4,4,15,3,51,6,8.5,3.4,15,0,0
S Kaveri,7,5,13,0,70,6,11.66,5.38,13,0,0
M Marsh,11,9,19,0,156,6,26,8.21,19,0,0
J Martel,3,3,11,0,59,6,9.83,5.36,11,0,0
C Meschede,5,5,20,0,115,6,19.16,5.75,20,0,0
M Mooketsi,7,7,25,0,197,6,32.83,7.88,25,0,0
A Morris,6,6,22,1,114,6,19,5.18,22,0,0
I Okpe,8,8,20.5,1,188,6,31.33,9.02,20.8,0,0
S Okpe,8,7,12.2,0,94,6,15.66,7.62,12.3,0,0
B Pai,4,4,15,0,82,6,13.66,5.46,15,0,0
K Reynolds,3,3,11,0,60,6,10,5.45,11,0,0
J Root,32,9,14,0,139,6,23.16,9.92,14,0,0
S Rahman,44,8,11.1,0,70,6,11.66,6.26,11.1,0,0
N Saini,5,5,17,1,137,6,22.83,8.05,17,0,0
P Shamdasani,4,4,12,1,70,6,11.66,5.83,12,0,0
S Qureshi,5,5,13.4,0,109,6,18.16,7.97,13.6,0,0
S Singh,8,8,23,0,216,6,36,9.39,23,0,0
L Simmons,49,3,6,0,55,6,9.16,9.16,6,1,0
T Sole,9,6,21,0,137,6,22.83,6.52,21,0,0
S Sarkar,46,13,23.3,0,249,6,41.5,10.59,23.5,0,0
T Aziz,4,4,16,0,70,6,11.66,4.37,16,0,0
J Vandersay,10,10,35,1,262,6,43.66,7.48,35,0,0
W Ahmed,10,10,27,0,198,6,33,7.33,27,0,0
K Williamson,57,12,19.4,0,164,6,27.33,8.33,19.6,0,0
Z Arif,4,3,7.5,0,49,6,8.16,6.25,7.8,1,0
A Wahid,5,5,17,0,117,5,23.4,6.88,20.4,0,0
C Ackermann,11,10,25,0,147,5,29.4,5.88,30,0,0
A Mauroof,10,10,23,0,173,5,34.6,7.52,27.6,0,0
A Sher,5,5,18,2,88,5,17.6,4.88,21.6,0,0
R Ankad,8,8,23.4,1,178,5,35.6,7.52,28.4,0,0
A Rath,20,13,33,0,264,5,52.8,8,39.6,0,0
A Hayat,6,5,10,0,103,5,20.6,10.3,12,0,0
B Ali,3,3,9,0,70,5,14,7.77,10.8,0,0
V Baskaran,12,12,36,2,245,5,49,6.8,43.2,0,0
S Bhari,6,6,18,0,113,5,22.6,6.27,21.6,0,0
K Coetzer,58,5,11,0,71,5,14.2,6.45,13.2,0,0
H Dandapani,5,5,15,0,90,5,18,6,18,0,0
L Dawson,6,6,20,0,152,5,30.4,7.6,24,0,0
D Silva,13,7,15,0,100,5,20,6.66,18,0,0
A Douglas,10,2,4.2,0,30,5,6,6.92,5.2,0,1
R Frylinck,3,3,10,0,62,5,12.4,6.2,12,0,0
G Galanis,2,2,4.2,0,32,5,6.4,7.38,5.2,0,0
W Gavera,6,6,17,1,113,5,22.6,6.64,20.4,0,0
D Gunaratne,12,10,24.5,0,204,5,40.8,8.21,29.8,0,0
M Gunathilaka,21,9,15.4,0,128,5,25.6,8.17,18.8,0,0
J Hurley,3,3,10,0,33,5,6.6,3.3,12,0,0
I Anwar,4,4,16,0,134,5,26.8,8.37,19.2,0,0
V Kingma,4,4,14.4,0,142,5,28.4,9.68,17.6,0,0
S Kuggeleijn,9,9,26.5,0,260,5,52,9.68,32.2,0,0
R Kumar,4,3,12,0,98,5,19.6,8.16,14.4,0,0
P Mishra,3,3,9,0,37,5,7.4,4.11,10.8,0,0
D Mitchell,9,5,9.1,0,89,5,17.8,9.7,11,0,0
M Hossain,14,12,21.4,0,160,5,32,7.38,26,0,0
M Nadeem,5,2,5,0,49,5,9.8,9.8,6,0,0
M Saleem,4,4,11,1,45,5,9,4.09,13.2,0,0
M Wafiq,4,4,16,1,114,5,22.8,7.12,19.2,0,0
D Nakrani,4,4,12,0,93,5,18.6,7.75,14.4,0,0
W Nalisa,9,7,20,0,177,5,35.4,8.85,24,0,0
M Parkinson,2,2,6,0,61,5,12.2,10.16,7.2,1,0
M Patel,3,3,12,0,83,5,16.6,6.91,14.4,0,0
N Patel,4,4,13,1,61,5,12.2,4.69,15.6,0,0
S Pathirana,5,5,15.5,0,119,5,23.8,7.51,19,0,0
K Pierre,8,8,23,0,203,5,40.6,8.82,27.6,0,0
J Rasu,13,2,3.5,0,44,5,8.8,11.47,4.6,0,1
D Rawlins,11,11,37,0,285,5,57,7.7,44.4,0,0
R Iqbal,5,4,13,0,85,5,17,6.53,15.6,0,0
L Rodrigues,4,4,13,1,61,5,12.2,4.69,15.6,0,0
H Shah,9,4,10,0,86,5,17.2,8.6,12,1,0
K Shah,26,9,24,1,190,5,38,7.91,28.8,0,0
V Shankar,9,6,21,0,191,5,38.2,9.09,25.2,0,0
S Ashraf,8,8,25,1,201,5,40.2,8.04,30,0,0
S Khan,5,5,15,0,123,5,24.6,8.2,18,0,0
A Stokes,7,7,23.2,0,152,5,30.4,6.51,28,0,0
T Hussain,4,4,9.3,0,48,5,9.6,5.05,11.4,0,0
U Master,6,5,13.1,0,106,5,21.2,8.05,15.8,0,0
W Viraliliu,10,9,20.2,0,164,5,32.8,8.06,24.4,0,0
S Ahmed,5,4,10,0,83,5,16.6,8.3,12,0,0
A Westphal,5,5,19,0,65,5,13,3.42,22.8,0,0
B Wheal,5,5,17.2,0,143,5,28.6,8.25,20.8,0,0
Y Haroon,4,4,13,1,72,5,14.4,5.53,15.6,0,0
Y Ali,9,5,9.5,0,52,5,10.4,5.28,11.8,0,0
A Hasan,5,5,14,0,148,4,37,10.57,21,0,0
A Jayed,3,3,11,0,106,4,26.5,9.63,16.5,0,0
A Hossain,8,5,10,1,79,4,19.75,7.9,15,0,0
S Ahmad,5,3,9,1,40,4,10,4.44,13.5,0,0
D Ajekun,6,6,11.1,0,76,4,19,6.8,16.7,0,0
M Aponso,3,3,10,0,79,4,19.75,7.9,15,0,0
A Ahmed,3,3,9,1,40,4,10,4.44,13.5,0,0
A Said,3,3,11,0,82,4,20.5,7.45,16.5,0,0
A Aspiotis,3,3,11,0,71,4,17.75,6.45,16.5,0,0
A Ahmed,3,3,10,2,46,4,11.5,4.6,15,0,0
R Avery,4,4,11,0,66,4,16.5,6,16.5,0,0
J Baker,4,4,13,0,107,4,26.75,8.23,19.5,0,0
H Banner,3,3,12,1,67,4,16.75,5.58,18,0,0
S Bau,23,10,14,0,79,4,19.75,5.64,21,0,0
T Braat,3,3,10,0,70,4,17.5,7,15,0,0
J Bulele,7,5,14.2,0,107,4,26.75,7.46,21.5,0,0
D Burgess,4,3,8.3,0,86,4,21.5,10.11,12.7,0,0
M Dai,9,9,25,0,157,4,39.25,6.28,37.5,0,0
I Danladi,3,3,9,0,52,4,13,5.77,13.5,0,0
K Dasan,3,2,8,0,52,4,13,6.5,12,0,0
R Emrit,4,4,16,0,156,4,39,9.75,24,0,0
S Goustis,3,3,9,1,42,4,10.5,4.66,13.5,0,0
J Hamoud,6,6,16,0,112,4,28,7,24,0,0
M Henriques,11,7,17,0,158,4,39.5,9.29,25.5,0,0
M Hunter,4,4,11.3,0,63,4,15.75,5.47,17.2,0,0
H Talat,14,6,6,0,54,4,13.5,9,9,0,0
A Ifill,6,6,18.3,1,151,4,37.75,8.16,27.7,0,0
I Bulbulia,3,3,10,0,59,4,14.75,5.9,15,0,0
R Inampud,3,3,12,0,68,4,17,5.66,18,0,0
D Jacobs,4,2,5,0,26,4,6.5,5.2,7.5,1,0
M Jones,8,7,15,0,116,4,29,7.73,22.5,0,0
S Kaul,3,3,9.4,0,84,4,21,8.68,14.5,0,0
S Kizilkaya,4,4,9,0,74,4,18.5,8.22,13.5,0,0
V Kohli,75,12,24.2,0,198,4,49.5,8.13,36.5,0,0
A Krishna,4,4,12,0,121,4,30.25,10.08,18,0,0
A Lark,5,4,10.5,0,55,4,13.75,5.07,16.2,0,0
T Lungameni,6,6,16,1,88,4,22,5.5,24,0,0
C MacLeod,49,11,23,0,174,4,43.5,7.56,34.5,0,0
M Miraz,13,13,36,0,330,4,82.5,9.16,54,0,0
K Mendon,6,5,8.4,0,78,4,19.5,9,13,0,0
M Ahsan,6,6,20,0,192,4,48,9.6,30,0,0
C Munro,60,12,19.4,0,186,4,46.5,9.45,29.5,0,0
N Shahzad,4,4,12.2,0,65,4,16.25,5.27,18.5,0,0
N Mangal,32,6,10,0,80,4,20,8,15,0,0
N Rahman,7,7,17,0,166,4,41.5,9.76,25.5,0,0
S Netravalkar,8,8,22.4,0,161,4,40.25,7.1,34,0,0
N Khan,34,5,14,0,83,4,20.75,5.92,21,0,0
G Ntambalika,3,3,9,0,56,4,14,6.22,13.5,0,0
R Patel,30,7,15,0,104,4,26,6.93,22.5,0,0
S Pillai,3,3,8.4,0,56,4,14,6.46,13,0,0
E Ringera,1,1,4,0,18,4,4.5,4.5,6,1,0
S Rossi,5,3,6.5,2,21,4,5.25,3.07,10.2,0,0
S Naqash,7,5,9,0,52,4,13,5.77,13.5,0,0
O Arthur,3,3,9,0,76,4,19,8.44,13.5,0,0
M Sarwar,5,4,10.4,0,99,4,24.75,9.28,16,0,0
A Sathya,3,3,11.3,0,76,4,19,6.6,17.2,0,0
L Shafeeg,3,3,11,0,76,4,19,6.9,16.5,0,0
N Shetty,2,2,8,0,42,4,10.5,5.25,12,0,0
L Sipamla,5,5,15.4,0,131,4,32.75,8.36,23.5,0,0
D Stovell,6,6,17.2,0,126,4,31.5,7.26,26,0,0
S Aziz,14,8,24.5,0,187,4,46.75,7.53,37.2,0,0
A Uniyal,3,3,9,1,59,4,14.75,6.55,13.5,0,0
U Ali,5,5,19,0,130,4,32.5,6.84,28.5,0,0
T Veillard,4,4,16,0,93,4,23.25,5.81,24,0,0
W Barkat,22,10,21.2,0,152,4,38,7.12,32,0,0
S Waththage,5,5,12,3,66,4,16.5,5.5,18,0,0
S Abbott,4,4,10,0,61,3,20.33,6.1,20,0,0
A Abioye,5,4,10,0,87,3,29,8.7,20,0,0
A Ahmadhel,3,3,10,0,75,3,25,7.5,20,0,0
S Appu,4,4,9,0,74,3,24.66,8.22,18,0,0
M Aslam,6,5,14,0,85,3,28.33,6.07,28,0,0
T Astle,3,3,8,0,69,3,23,8.62,16,0,0
V Ateak,4,3,11,0,94,3,31.33,8.54,22,0,0
G Bakiweyem,3,3,10,0,62,3,20.66,6.2,20,0,0
S Bantzas,1,1,3,0,12,3,4,4,6,0,0
F Behardien,38,3,5,0,27,3,9,5.4,10,0,0
P Bhart,5,4,12,1,68,3,22.66,5.66,24,0,0
P Boissevain,4,4,16,0,116,3,38.66,7.25,32,0,0
P Brown,4,4,13,0,128,3,42.66,9.84,26,0,0
P Buccimazza,4,4,13,0,86,3,28.66,6.61,26,0,0
N Buckle,3,3,10,0,76,3,25.33,7.6,20,0,0
H Carlyon,9,3,6,0,42,3,14,7,12,0,0
M Chapman,24,4,10,0,77,3,25.66,7.7,20,0,0
M Chauhan,2,2,8,1,38,3,12.66,4.75,16,0,0
M Cope,2,2,5,0,61,3,20.33,12.2,10,0,0
B Cutting,7,7,21,0,215,3,71.66,10.23,42,0,0
T David,12,9,22.2,0,202,3,67.33,9.04,44.6,0,0
N Dhaliwal,12,5,8,0,43,3,14.33,5.37,16,0,0
S Dima,4,2,5,0,57,3,19,11.4,10,0,0
S Dube,6,6,12.3,0,114,3,38,9.12,25,0,0
L Evile,4,4,12,1,67,3,22.33,5.58,24,0,0
P Florin,4,2,1.4,0,10,3,3.33,6,3.3,0,0
B Fortuin,2,2,7,0,51,3,17,7.28,14,0,0
C Gannon,4,3,9,0,67,3,22.33,7.44,18,0,0
H Niazi,4,4,10,0,81,3,27,8.1,20,0,0
J Hill,4,2,6,0,50,3,16.66,8.33,12,0,0
J Hirschi,4,4,11,0,96,3,32,8.72,22,0,0
Z Hoque,3,3,12,0,51,3,17,4.25,24,0,0
J Huo,7,3,10,0,56,3,18.66,5.6,20,0,0
I Hussain,3,3,9.5,0,89,3,29.66,9.05,19.6,0,0
D Jakiel,2,2,7,0,44,3,14.66,6.28,14,0,0
G Jayasuriya,16,10,21.5,0,202,3,67.33,9.25,43.6,0,0
K Kaleemullah,6,6,19,1,132,3,44,6.94,38,0,0
K Shah,7,6,17,0,130,3,43.33,7.64,34,0,0
P Kerai,6,5,11,0,82,3,27.33,7.45,22,0,0
J Kila,12,9,17,0,99,3,33,5.82,34,0,0
A Kose,4,2,8,0,116,3,38.66,14.5,16,0,0
C Kumara,3,3,12,0,97,3,32.33,8.08,24,0,0
U Kumaranayaka,3,3,12,0,102,3,34,8.5,24,0,0
N Liyanage,6,5,14,0,100,3,33.33,7.14,28,0,0
S Mahmood,3,3,10,0,115,3,38.33,11.5,20,0,0
M Mandy,4,3,8,0,43,3,14.33,5.37,16,0,0
T Mills,5,5,19,1,129,3,43,6.78,38,0,0
K Modise,3,2,5,0,41,3,13.66,8.2,10,0,0
M Ghazanfar,5,5,14,0,85,3,28.33,6.07,28,0,0
M Hasnain,4,4,16,0,137,3,45.66,8.56,32,0,0
M Siraj,3,3,12,0,148,3,49.33,12.33,24,0,0
M Shaheen,1,1,2.2,0,11,3,3.66,4.71,4.6,0,0
A Nathwani,5,4,10,0,79,3,26.33,7.9,20,0,0
M O'Dowd,36,9,12.4,0,119,3,39.66,9.39,25.3,0,0
H Overdijk,4,3,8,0,72,3,24,9,16,0,0
J Perman,2,2,8,0,41,3,13.66,5.12,16,0,0
R Pisal,1,1,3,0,4,3,1.33,1.33,6,0,0
D Pretorius,6,6,14,0,116,3,38.66,8.28,28,0,0
R Adeel,3,3,11,0,36,3,12,3.27,22,0,0
K Ratilal,3,3,12,0,61,3,20.33,5.08,24,0,0
W Robertson,6,6,18.1,1,101,3,33.66,5.55,36.3,0,0
M Sert,4,4,10,0,93,3,31,9.3,20,0,0
S Khan,6,6,20,0,140,3,46.66,7,40,0,0
S Ali,5,5,15.3,0,129,3,43,8.32,31,0,0
D Short,20,9,19,0,151,3,50.33,7.94,38,0,0
S Zulfiqar,11,7,10,0,79,3,26.33,7.9,20,0,0
K Silva,3,2,3,0,18,3,6,6,6,0,0
M Simpson-Parker,3,3,5,0,40,3,13.33,8,10,0,0
S Singh,4,4,11,0,110,3,36.66,10,22,0,0
D Smith,4,4,11,0,89,3,29.66,8.09,22,0,0
A Srivastav,4,3,8,0,73,3,24.33,9.12,16,0,0
H Ssenyondo,4,3,10,0,48,3,16,4.8,20,0,0
S Sadiq,2,2,6,0,45,3,15,7.5,12,0,0
S Idrus,2,2,7,0,64,3,21.33,9.14,14,0,0
T Dar,4,4,14,0,128,3,42.66,9.14,28,0,0
T Ahmed,5,5,13.3,0,116,3,38.66,8.59,27,0,0
S Taylor,8,5,13,1,70,3,23.33,5.38,26,0,0
S Tiai,4,4,11,0,82,3,27.33,7.45,22,0,0
B Tickner,3,3,12,0,109,3,36.33,9.08,24,0,0
A Turner,11,3,6,0,42,3,14,7,12,0,0
V Singh,4,4,16,1,90,3,30,5.62,32,0,0
V Singh,12,8,17.2,0,135,3,45,7.78,34.6,0,0
S Whittingham,3,3,10,0,79,3,26.33,7.9,20,0,0
S Wickramasekara,5,5,15.3,1,93,3,31,6,31,0,0
Z Hassan,3,3,9,0,56,3,18.66,6.22,18,0,0
C Zavoiu,3,1,1,0,4,3,1.33,4,2,0,0
Z Haider,5,5,13,0,60,3,20,4.61,26,0,0
A Yamin,2,2,6,0,37,2,18.5,6.16,18,0,0
A Jones,8,3,7,0,28,2,14,4,21,0,0
A Achar,3,3,6,0,44,2,22,7.33,18,0,0
A Hassan,11,5,7.3,0,81,2,40.5,10.8,22.5,0,0
A Naqi,4,4,10,0,65,2,32.5,6.5,30,0,0
A Uddin,6,2,2.3,0,14,2,7,5.6,7.5,0,0
D Ankrah,4,4,12,1,85,2,42.5,7.08,36,0,0
A Mustafizur,2,1,3,0,30,2,15,10,9,0,0
A Ilyas,22,4,9,0,59,2,29.5,6.55,27,0,0
S Arachchige,4,4,6,0,42,2,21,7,18,0,0
J Archer,1,1,4,0,29,2,14.5,7.25,12,0,0
A Ahmed,12,2,6,0,34,2,17,5.66,18,0,0
A Kamal,4,4,14,0,90,2,45,6.42,42,0,0
A Mohammad,3,3,12,0,84,2,42,7,36,0,0
M Bacarese,3,3,12,0,51,2,25.5,4.25,36,0,0
J Ball,2,2,7,0,83,2,41.5,11.85,21,0,0
G Banner,3,1,3.3,0,10,2,5,2.85,10.5,0,0
W Barresi,42,3,5.4,0,49,2,24.5,8.64,17,0,0
P Chandran,3,2,4,0,45,2,22.5,11.25,12,0,0
F Cossa,6,5,14,0,110,2,55,7.85,42,0,0
D Ahir,2,2,3,0,27,2,13.5,9,9,0,0
N Patel,3,3,10,0,42,2,21,4.2,30,0,0
K Dorji,2,2,7,0,69,2,34.5,9.85,21,0,0
E Nawaz,5,5,7.4,0,79,2,39.5,10.3,23,0,0
F Mohon,4,4,14,2,85,2,42.5,6.07,42,0,0
V Ganesan,4,4,9,1,44,2,22,4.88,27,0,0
D Gim,6,4,6,0,65,2,32.5,10.83,18,0,0
H Farooq,4,1,2,0,14,2,7,7,6,0,0
L Harrington-Myers,4,2,4,0,26,2,13,6.5,12,0,0
I Ashraf,3,3,9,0,78,2,39,8.66,27,0,0
J Jojo,7,5,17,0,98,2,49,5.76,51,0,0
J Sheikh,5,5,16,1,104,2,52,6.5,48,0,0
D Kegasitswe,4,3,12,0,156,2,78,13,36,0,0
A Kitchen,5,3,6,0,46,2,23,7.66,18,0,0
K Lal,8,4,9,0,100,2,50,11.11,27,0,0
L Ali,2,2,7,1,40,2,20,5.71,21,0,0
D Madushanka,2,2,5.1,0,62,2,31,12,15.5,0,0
R Mahajan,3,3,10,0,93,2,46.5,9.3,30,0,0
P Manning,6,4,8,0,53,2,26.5,6.62,24,0,0
B Masaba,1,1,4,0,14,2,7,3.5,12,0,0
H Masakadza,66,9,12,0,113,2,56.5,9.41,36,0,0
B Mavuta,3,3,12,0,81,2,40.5,6.75,36,0,0
Z McLaughlin,3,3,7.1,0,54,2,27,7.53,21.5,0,0
M Taiwo,2,2,8,0,41,2,20.5,5.12,24,0,0
M Adnan,5,5,17,0,120,2,60,7.05,51,0,0
M Hub,4,3,9,0,39,2,19.5,4.33,27,0,0
M Rafique,2,2,5,0,63,2,31.5,12.6,15,0,0
S Murari,3,3,10,0,52,2,26,5.2,30,0,0
L Musiani,5,4,15,1,69,2,34.5,4.6,45,0,0
R Ngarava,1,1,4,0,48,2,24,12,12,0,0
F Nsubuga,3,3,8,0,46,2,23,5.75,24,0,0
L Nussbaumer,1,1,4,0,44,2,22,11,12,0,0
E Packard,4,4,11,0,79,2,39.5,7.18,33,0,0
N Param,8,3,8,0,55,2,27.5,6.87,24,0,0
H Patel,7,5,13,0,104,2,52,8,39,0,0
N Pathan,4,4,6,0,60,2,30,10,18,0,0
R Powell,23,4,8,0,74,2,37,9.25,24,0,0
A Pusthay,5,4,10,0,90,2,45,9,30,0,0
S Rakshit,7,5,12.5,0,99,2,49.5,7.71,38.5,0,0
S Ravikumar,3,3,6.2,0,56,2,28,8.84,19,0,0
S Runsewe,6,2,2.3,0,23,2,11.5,9.2,7.5,0,0
S Khan,3,3,12,0,63,2,31.5,5.25,36,0,0
T Saha,4,4,10,0,88,2,44,8.8,30,0,0
S Liaqat,2,2,8,0,72,2,36,9,24,0,0
S Goud,12,2,6,0,48,2,24,8,18,0,0
S Zulfiqar,6,4,9,0,61,2,30.5,6.77,27,0,0
S Ali,2,2,7,0,36,2,18,5.14,21,0,0
S Ali,4,3,8,0,60,2,30,7.5,24,0,0
P Sarraf,9,6,11,1,58,2,29,5.27,33,0,0
S Muhammad,2,2,7,1,21,2,10.5,3,21,0,0
L Simango,3,3,6.1,0,55,2,27.5,8.91,18.5,0,0
O Smith,2,2,7,0,78,2,39,11.14,21,0,0
C Sole,4,4,16,0,141,2,70.5,8.81,48,0,0
A Stephen,2,2,7,0,29,2,14.5,4.14,21,0,0
M Swepson,1,1,4,0,37,2,18.5,9.25,12,0,0
T Taylor,6,4,9,0,74,2,37,8.22,27,0,0
T Turan,4,3,8.1,0,111,2,55.5,13.59,24.5,0,0
S Vashisht,3,3,9,1,31,2,15.5,3.44,27,0,0
W Maqsood,1,1,1.5,0,21,2,10.5,11.45,5.5,0,0
C Wright,6,4,7,0,53,2,26.5,7.57,21,0,0
H France,6,6,13,0,82,2,41,6.3,39,0,0
Z Tashnam,3,2,8,1,35,2,17.5,4.37,24,0,0
S Zargar,1,1,3,0,22,2,11,7.33,9,0,0
Z Rahman,1,1,4,0,42,2,21,10.5,12,0,0
A Idrees,6,3,7,0,67,1,67,9.57,42,0,0
N Advani,1,1,3,0,12,1,12,4,18,0,0
A (2),1,1,1,0,10,1,10,10,6,0,0
J Allen,2,2,2,0,19,1,19,9.5,12,0,0
T Allen,5,2,3,0,28,1,28,9.33,18,0,0
A Mangal,9,5,6.4,0,57,1,57,8.55,40,0,0
A Haque,9,1,1,0,13,1,13,13,6,0,0
B Arora,4,4,11.1,0,75,1,75,6.71,67,0,0
A Mohammad,9,8,24,0,158,1,158,6.58,144,0,0
A Afghan,66,1,0.4,0,4,1,4,6,4,0,0
A Banner,3,2,8,0,39,1,39,4.87,48,0,0
S Bhudia,4,4,9,0,63,1,63,7,54,0,0
C Blake,3,3,8,0,49,1,49,6.12,48,0,0
D Brangman,5,5,7,0,84,1,84,12,42,0,0
A Carthew,4,1,2,0,19,1,19,9.5,12,0,0
R Chahar,1,1,3,0,27,1,27,9,18,0,0
C Singh,3,2,5,0,35,1,35,7,30,0,0
M Crane,2,2,8,0,62,1,62,7.75,48,0,0
H Dajc,2,1,4,0,36,1,36,9,24,0,0
M Dixit,3,3,9,0,93,1,93,10.33,54,0,0
K Ebanks,5,5,11,0,104,1,104,9.45,66,0,0
F Khan,4,1,2,0,21,1,21,10.5,12,0,0
F Ahmad,3,3,5,0,56,1,56,11.2,30,0,0
K Flowers,3,1,2,0,16,1,16,8,12,0,0
C Floyd,2,2,5,0,51,1,51,10.2,30,0,0
C Fry,3,3,7,1,62,1,62,8.85,42,0,0
M Garratt,4,1,2.5,0,12,1,12,4.23,17,0,0
N Greenwood,8,2,2,0,14,1,14,7,12,0,0
L Gregory,5,2,4,0,29,1,29,7.25,24,0,0
H Singh,3,1,1,0,12,1,12,12,6,0,0
H Arshad,10,8,13.5,0,108,1,108,7.8,83,0,0
H Mughal,4,2,3,0,31,1,31,10.33,18,0,0
T Head,16,3,4,0,39,1,39,9.75,24,0,0
R Hekure,8,6,4.5,0,37,1,37,7.65,29,0,0
S Hongsi,3,2,3,0,35,1,35,11.66,18,0,0
A Husain,5,4,10,0,51,1,51,5.1,60,0,0
G Hyde,3,2,5,0,43,1,43,8.6,30,0,0
I Rizan,5,4,8.1,0,63,1,63,7.71,49,0,0
I Mir,4,4,15,0,73,1,73,4.86,90,0,0
E Isaneez,3,3,9.2,0,53,1,53,5.67,56,0,0
I Ullah,4,2,4,0,16,1,16,4,24,0,0
J Singh,5,2,5,0,53,1,53,10.6,30,0,0
D Kansonkho,7,3,7.3,0,60,1,60,8,45,0,0
N Khanna,2,2,4,0,47,1,47,11.75,24,0,0
B Khumalo,3,3,11,0,96,1,96,8.72,66,0,0
J Kiani,4,1,4,0,26,1,26,6.5,24,0,0
H Lakov,3,3,12,1,72,1,72,6,72,0,0
C Liyanage,2,2,5,0,47,1,47,9.4,30,0,0
J Long,2,1,2,0,26,1,26,13,12,0,0
N Lyon,2,2,5,0,48,1,48,9.6,30,0,0
O McCoy,2,1,3,0,44,1,44,14.66,18,0,0
M Data,2,2,5,0,31,1,31,6.2,30,0,0
A Makesh,4,4,9,1,79,1,79,8.77,54,0,0
D Malan,9,1,2,0,27,1,27,13.5,12,0,0
W Malinda,3,1,4,0,27,1,27,6.75,24,0,0
O Marshall,3,2,3,0,22,1,22,7.33,18,0,0
T Maruma,13,2,3,0,20,1,20,6.66,18,0,0
W Mashinge,2,2,5,0,57,1,57,11.4,30,0,0
N Master,2,1,4,0,30,1,30,7.5,24,0,0
M Haque,4,1,3,0,25,1,25,8.33,18,0,0
D Michael,4,1,3,0,32,1,32,10.66,18,0,0
S Mire,9,5,12,0,115,1,115,9.58,72,0,0
M Boota,16,1,1,0,13,1,13,13,6,0,0
M Montfort,1,1,3,0,25,1,25,8.33,18,0,0
M Tanveer,15,3,8,0,63,1,63,7.87,48,0,0
D Muhumuza,4,3,5,0,35,1,35,7,30,0,0
E Munaweera,13,5,10,0,92,1,92,9.2,60,0,0
M Ekrami,3,3,5,0,37,1,37,7.4,30,0,0
N Naureen,1,1,3,1,32,1,32,10.66,18,0,0
N Ahmed,7,5,9,0,56,1,56,6.22,54,0,0
N Ali,2,2,3,0,16,1,16,5.33,18,0,0
A Ndlovu,3,3,11,0,90,1,90,8.18,66,0,0
R Neale,3,1,3,0,30,1,30,10,18,0,0
D Nikolov,3,2,4,0,36,1,36,9,24,0,0
K Nima,1,1,3,0,22,1,22,7.33,18,0,0
N Kamawi,1,1,3,0,28,1,28,9.33,18,0,0
E Ochieng,2,2,4,0,30,1,30,7.5,24,0,0
A Oyede,8,3,8,0,44,1,44,5.5,48,0,0
R Palmer,2,2,4,0,27,1,27,6.75,24,0,0
P Rasool,1,1,4,0,32,1,32,8,24,0,0
A Patel,2,2,6,0,45,1,45,7.5,36,0,0
J Pitcher,3,3,7,0,50,1,50,7.14,42,0,0
S Pokhriyal,5,1,2,0,22,1,22,11,12,0,0
Q Zia,3,3,9,0,68,1,68,7.55,54,0,0
R Kapur,4,3,7,0,49,1,49,7,42,0,0
R Singh,2,2,6,0,72,1,72,12,36,0,0
J Reb,2,1,3,0,40,1,40,13.33,18,0,0
G Reynold,3,3,8,1,49,1,49,6.12,48,0,0
R Shah,4,3,7.4,0,58,1,58,7.56,46,0,0
R Rivas,3,1,4,0,45,1,45,11.25,24,0,0
S Zakhil,3,3,9,0,69,1,69,7.66,54,0,0
S Saeed,5,5,11,0,95,1,95,8.63,66,0,0
I Sawmy,2,1,3,0,12,1,12,4,18,0,0
S Muhammad,2,1,3,0,29,1,29,9.66,18,0,0
S Ashraf,4,2,4,0,34,1,34,8.5,24,0,0
R Sharma,104,9,11.2,0,113,1,113,9.97,68,0,0
Z Shem,5,3,6,0,72,1,72,12,36,0,0
B Simango,2,1,3,0,21,1,21,7,18,0,0
T Singye,2,2,6,0,65,1,65,10.83,36,0,0
J Singye,2,2,8,0,69,1,69,8.62,48,0,0
J Smuts,8,6,12.4,0,101,1,101,7.97,76,0,0
S Mehmood,3,3,5.3,0,39,1,39,7.09,33,0,0
S Roy,1,1,4,0,44,1,44,11,24,0,0
C Suryawanshi,3,1,2,0,13,1,13,6.5,12,0,0
T Ali,5,3,4,0,37,1,37,9.25,24,0,0
T Islam,2,2,7,0,58,1,58,8.28,42,0,0
B Taylor,38,2,5,0,17,1,17,3.4,30,0,0
J Tucker,5,4,7,0,62,1,62,8.85,42,0,0
C Vorster,1,1,3,0,32,1,32,10.66,18,0,0
W Ghauri,4,2,3.5,0,31,1,31,8.08,23,0,0
W Abbas,2,2,8,0,70,1,70,8.75,48,0,0
T Whiteman,4,2,3.4,0,38,1,38,10.36,22,0,0
J Wildermuth,2,2,3,0,32,1,32,10.66,18,0,0
Y Ebrahim,3,3,7,1,44,1,44,6.28,42,0,0
Z Farid,4,2,4.1,0,35,1,35,8.4,25,0,0
C Zhuwao,7,1,0.2,0,1,1,1,3,2,0,0
Z Sarwar,4,4,7,0,51,1,51,7.28,42,0,0
A Singh,46,43,129,3,2193,33,66.45,17,23,1,1
H Brar,54,49,196,4,2352,59,39.86,12,20,2,1
V Arora,63,60,240,0,3840,52,73.85,16,28,3,0
R Bawa,42,38,152,2,1368,28,48.86,9,33,1,0
N Ellis,50,46,184,4,2208,60,36.8,12,18,3,1
S Sharma,54,49,196,2,2548,50,50.96,13,24,3,0
I Porel,56,53,159,0,954,68,14.03,6,14,2,0
A Taide,47,42,126,4,882,56,15.75,7,14,3,1
W Chatterjee,48,44,132,2,1320,61,21.64,10,13,2,0
R Shepherd,54,50,150,1,900,44,20.45,6,20,1,1
M Jansen,61,57,228,3,2508,67,37.43,11,20,3,1
U Malik,63,60,240,0,2400,78,30.77,10,18,0,1
T Natarajan,53,49,147,0,1323,39,33.92,9,23,3,1
K Tyagi,55,51,204,4,2244,40,56.1,11,31,2,1
S Gopal,46,41,123,4,861,27,31.89,7,27,3,0
F Farooqi,63,59,236,4,2596,78,33.28,11,18,2,0
S Dubey,53,48,144,4,1584,51,31.06,11,17,0,1
J Suchith,42,39,156,0,2028,42,48.29,13,22,3,0
P Krishna,37,34,136,4,2312,28,82.57,17,29,3,0
K Cariappa,54,50,200,2,2800,50,56,14,24,2,0
T Baroka,55,51,153,4,2448,49,49.96,16,19,2,0
K Sen,60,56,168,4,1176,52,22.62,7,19,0,0
A Singh,57,53,212,3,1696,57,29.75,8,22,1,1
W Hasaranga,37,34,136,3,952,25,38.08,7,33,0,0
J Hazlewood,51,48,192,2,2880,57,50.53,15,20,2,0
K Sharma,39,34,102,1,1122,51,22,11,12,3,1
C Milind,44,39,117,0,1638,43,38.09,14,16,1,0
A Gautam,59,56,224,2,1792,47,38.13,8,29,1,1
A Deep,49,45,135,2,945,41,23.05,7,20,1,1
D Sams,63,58,232,4,3944,71,55.55,17,20,3,0
M Ashwin,62,58,232,2,1624,61,26.62,7,23,3,0
R Meredith,53,48,192,4,1728,49,35.27,9,24,2,0
M Markande,46,41,123,3,1107,47,23.55,9,16,0,1
B Thampi,57,54,162,4,1134,67,16.93,7,15,3,1
A Tendulkar,52,48,192,3,1920,32,60,10,36,1,1
H Shokeen,56,51,153,1,1377,45,30.6,9,20,2,0
D Bravo,38,34,136,1,1496,26,57.54,11,31,2,1
R Hangargekar,57,52,208,2,1456,56,26,7,22,2,0
P Solanki,38,33,132,2,1584,48,33,12,16,2,0
M Theekshana,61,57,228,4,1596,57,28,7,24,2,0
K Asif,56,52,156,0,1716,57,30.11,11,16,2,1
T Deshpande,42,37,148,3,1924,26,74,13,34,1,1
M Choudhary,53,48,192,1,1536,50,30.72,8,23,0,0
V Chakravarthy,48,44,132,0,2112,47,44.94,16,17,2,1
S Mavi,44,39,156,4,1872,38,49.26,12,25,1,0
A Sharma,44,39,156,1,2028,50,40.56,13,19,3,1
C Karunaratne,37,34,136,2,816,52,15.69,6,16,1,1
A Roy,58,53,212,2,2756,71,38.82,13,18,2,1
R Dar,55,51,153,0,1683,69,24.39,11,13,3,1
A Nortje,52,47,188,4,1316,63,20.89,7,18,1,1
C Sakariya,38,34,136,3,816,27,30.22,6,30,3,0
K Nagarkoti,53,48,144,3,2304,48,48,16,18,0,1
L Yadav,57,54,216,3,3456,48,72,16,27,0,0
P Dubey,62,58,174,3,2958,47,62.94,17,22,1,1
V Ostwal,57,52,156,1,1092,43,25.4,7,22,2,0
R Bishnoi,47,44,132,1,1056,40,26.4,8,20,0,1
D Chameera,59,56,224,4,3584,55,65.16,16,24,3,1
K Gowtham,46,41,164,1,1148,49,23.43,7,20,3,1
S Nadeem,46,43,172,2,2236,37,60.43,13,28,3,0
A Rajpoot,59,56,224,0,1344,58,23.17,6,23,0,1
K Sharma,37,34,136,1,1088,31,35.1,8,26,0,1
M Yadav,48,43,129,3,774,54,14.33,6,14,2,0
R Tewatia,61,57,228,3,3648,64,57,16,21,2,1
Y Dayal,43,40,160,3,1600,36,44.44,10,27,1,0
R Kishore,39,36,144,0,1440,25,57.6,10,35,0,0
A Joseph,57,54,162,4,1134,57,19.89,7,17,2,1
J Yadav,57,54,216,1,1296,70,18.51,6,19,1,0
D Drakes,43,39,156,4,2496,36,69.33,16,26,3,0
V Aaron,47,43,129,0,1161,60,19.35,9,13,0,1
G Mann,46,43,172,1,1720,47,36.6,10,22,3,1
N Ahmad,54,51,153,0,1683,71,23.7,11,13,3,1
D Nalkande,41,36,144,1,1872,44,42.55,13,20,2,0
P Sangwan,50,47,188,0,1692,50,33.84,9,23,1,0
B Sharma,51,48,144,1,1872,64,29.25,13,14,1,1
S Aravind,59,54,162,2,1944,62,31.35,12,16,1,0
A Choudhary,57,53,212,0,3180,63,50.48,15,20,0,1
R Bhatia,58,53,159,3,1113,48,23.19,7,20,3,1
A Dinda,54,49,196,4,1176,49,24,6,24,0,1
M Gony,56,52,208,1,2912,54,53.93,14,23,0,0
P Kumar,39,35,140,0,980,51,19.22,7,16,3,1
S Jakati,55,50,150,3,900,41,21.95,6,22,0,1
D Kulkarni,42,39,156,3,2496,36,69.33,16,26,3,1
Y Pathan,47,44,132,1,1056,37,28.54,8,21,1,1
C Woakes,56,53,212,3,1484,66,22.48,7,19,3,0
H Amla,62,58,174,3,1392,49,28.41,8,21,1,1
M Sharma,44,39,156,0,936,50,18.72,6,19,1,0
I Abdulla,41,37,111,4,1221,39,31.31,11,17,2,1
A Tare,60,55,220,0,2640,60,44,12,22,2,0
I Sharma,50,47,188,1,1504,61,24.66,8,18,1,0
S Marsh,47,43,172,3,2064,49,42.12,12,21,2,0
G Singh,51,46,138,3,828,42,19.71,6,20,0,0
A Nath,56,52,156,2,1716,53,32.38,11,18,3,1
S Agarwal,39,35,140,0,1260,26,48.46,9,32,3,0
N Singh,62,58,232,4,2552,51,50.04,11,27,0,1
A Bawne,57,54,162,3,2268,69,32.87,14,14,3,1
I Pathan,41,37,111,2,888,44,20.18,8,15,2,0
I Jaggi,38,34,136,2,1088,44,24.73,8,19,1,1
K Khejroliya,41,37,111,3,1887,40,47.18,17,17,3,0
B Laughlin,60,55,220,1,1980,65,30.46,9,20,0,1
H Klaasen,41,37,111,1,1332,50,26.64,12,13,3,0
M Krishna,56,53,159,2,1749,39,44.85,11,24,3,0
S Goswami,39,36,144,3,1728,40,43.2,12,22,2,1
P Chopra,40,36,108,3,1728,31,55.74,16,21,3,0
G Viljoen,61,58,232,0,3248,46,70.61,14,30,1,0
N Naik,45,41,123,0,1476,39,37.85,12,19,0,0
P Barman,42,37,148,0,1332,43,30.98,9,21,1,1
S Lad,60,56,168,1,1176,73,16.11,7,14,3,0
S Warrier,52,47,141,1,1833,38,48.24,13,22,1,0
T Banton,44,41,123,2,1476,49,30.12,12,15,3,1
C Green,56,51,153,1,1836,46,39.91,12,20,1,1
M Kumar,38,35,140,1,1120,21,53.33,8,40,1,0
K Jamieson,52,47,188,2,1316,53,24.83,7,21,3,1
J Saxena,56,53,212,3,1696,58,29.24,8,22,2,1
L Meriwala,56,51,153,0,918,36,25.5,6,26,3,1
K Bharat,53,48,192,2,1344,45,29.87,7,26,1,1
B Sudharsan,45,41,164,4,1804,53,34.04,11,19,1,1
H Rana,41,36,108,3,1404,21,66.86,13,31,1,0
K Kartikeya,41,38,152,2,2280,52,43.85,15,18,2,0
M Pathirana,37,33,132,3,1848,21,88,14,38,0,1
R Yadav,43,39,156,4,2496,38,65.68,16,25,1,1
